ISO-10303-21;
HEADER;
FILE_DESCRIPTION (( 'STEP AP214' ),
    '1' );
FILE_NAME ('A79608-001 REV D.STEP',
    '2015-11-06T14:32:21',
    ( '' ),
    ( '' ),
    'SwSTEP 2.0',
    'SolidWorks 2015',
    '' );
FILE_SCHEMA (( 'AUTOMOTIVE_DESIGN' ));
ENDSEC;

DATA;
#1 = EDGE_CURVE ( 'NONE', #1478, #151, #2525, .T. ) ;
#2 = PLANE ( 'NONE',  #2752 ) ;
#3 = CIRCLE ( 'NONE', #2228, 0.01325000000000000500 ) ;
#4 = CARTESIAN_POINT ( 'NONE',  ( -0.02499999999999998100, 0.05599999999999994600, -0.01511439725815635000 ) ) ;
#5 = CARTESIAN_POINT ( 'NONE',  ( 0.01679588526708048300, 0.02878419404010436000, -0.01798023295985809800 ) ) ;
#6 = CARTESIAN_POINT ( 'NONE',  ( -0.01435325621918720100, 0.05456068714579711400, -0.01825487644419359500 ) ) ;
#7 = CARTESIAN_POINT ( 'NONE',  ( -0.02499999999999999100, 0.05999999999999994900, 0.1600000000000002000 ) ) ;
#8 = CARTESIAN_POINT ( 'NONE',  ( -0.02499999999999997400, 0.003999999999999952400, -0.06799999999999979700 ) ) ;
#9 = AXIS2_PLACEMENT_3D ( 'NONE', #3075, #1008, #1194 ) ;
#10 = CARTESIAN_POINT ( 'NONE',  ( -0.02385476082231768500, 0.05616240119321968400, -0.01556488875248241700 ) ) ;
#11 = CARTESIAN_POINT ( 'NONE',  ( 0.02500000000000003300, 0.05599999999999994600, -0.05199999999999978900 ) ) ;
#12 = CARTESIAN_POINT ( 'NONE',  ( -0.02900000000000000100, 0.01249969458701514400, -0.01060663110642545200 ) ) ;
#13 = DIRECTION ( 'NONE',  ( -7.468797715707625400E-017, 6.842277657836020900E-049, 1.000000000000000000 ) ) ;
#14 = FACE_OUTER_BOUND ( 'NONE', #3152, .T. ) ;
#15 = AXIS2_PLACEMENT_3D ( 'NONE', #2303, #1260, #1271 ) ;
#16 = ORIENTED_EDGE ( 'NONE', *, *, #1077, .F. ) ;
#17 = CYLINDRICAL_SURFACE ( 'NONE', #914, 0.004000000000000003600 ) ;
#18 = DIRECTION ( 'NONE',  ( 0.0000000000000000000, 0.0000000000000000000, -1.000000000000000000 ) ) ;
#19 = ORIENTED_EDGE ( 'NONE', *, *, #950, .F. ) ;
#20 = FACE_OUTER_BOUND ( 'NONE', #702, .T. ) ;
#21 = PLANE ( 'NONE',  #859 ) ;
#22 = ORIENTED_EDGE ( 'NONE', *, *, #2863, .T. ) ;
#23 = CARTESIAN_POINT ( 'NONE',  ( 0.02500000000000003300, 0.003999999999999952400, -0.08699999999999980000 ) ) ;
#24 = LINE ( 'NONE', #2257, #112 ) ;
#25 = CARTESIAN_POINT ( 'NONE',  ( 0.0000000000000000000, 0.03999999999999998000, -0.01999999999999999000 ) ) ;
#26 = CARTESIAN_POINT ( 'NONE',  ( 0.04104384256912568100, 0.002499999999999984900, -1.814117808292674600E-017 ) ) ;
#27 = CARTESIAN_POINT ( 'NONE',  ( 0.02900000000000000100, 0.01249969458699198700, -0.01060663110641890000 ) ) ;
#28 = LINE ( 'NONE', #2101, #2704 ) ;
#29 = FACE_OUTER_BOUND ( 'NONE', #1328, .T. ) ;
#30 = ORIENTED_EDGE ( 'NONE', *, *, #2414, .F. ) ;
#31 = CIRCLE ( 'NONE', #3248, 0.01100000000000000100 ) ;
#32 = VECTOR ( 'NONE', #1535, 39.37007874015748100 ) ;
#33 = AXIS2_PLACEMENT_3D ( 'NONE', #2801, #1117, #2341 ) ;
#34 = CARTESIAN_POINT ( 'NONE',  ( 0.004000000000000000100, 0.007203124999999971700, -0.01795506402237678400 ) ) ;
#35 = AXIS2_PLACEMENT_3D ( 'NONE', #3331, #1304, #1572 ) ;
#36 = AXIS2_PLACEMENT_3D ( 'NONE', #3013, #3022, #3031 ) ;
#37 = CARTESIAN_POINT ( 'NONE',  ( -0.05000000000000000300, 0.0000000000000000000, 0.0000000000000000000 ) ) ;
#38 = CARTESIAN_POINT ( 'NONE',  ( -0.02396419009337686500, 0.06386499917369589700, -0.01317845977951244200 ) ) ;
#39 = CARTESIAN_POINT ( 'NONE',  ( 0.02771591891205420600, 0.01248717191803766000, -0.01065060974774785300 ) ) ;
#40 = CARTESIAN_POINT ( 'NONE',  ( 0.02597249892527900300, 0.06390312052102215000, -0.01304507104244230000 ) ) ;
#41 = EDGE_CURVE ( 'NONE', #1478, #1947, #2884, .T. ) ;
#42 = LINE ( 'NONE', #501, #2675 ) ;
#43 = VERTEX_POINT ( 'NONE', #2852 ) ;
#44 = DIRECTION ( 'NONE',  ( 1.000000000000000000, 0.0000000000000000000, 0.0000000000000000000 ) ) ;
#45 = CARTESIAN_POINT ( 'NONE',  ( 0.004000000000000000100, 0.005796874999999965300, -0.01588807081060755400 ) ) ;
#46 = EDGE_LOOP ( 'NONE', ( #2578, #1616, #237, #569, #2351, #2536 ) ) ;
#47 = CARTESIAN_POINT ( 'NONE',  ( 2.314082028050100900E-017, 0.05399999999999998600, 0.01800000000000020700 ) ) ;
#48 = DIRECTION ( 'NONE',  ( -0.0000000000000000000, -0.0000000000000000000, -1.000000000000000000 ) ) ;
#49 = CARTESIAN_POINT ( 'NONE',  ( -0.02406690787048675100, 0.06389109080287605500, -0.01316176308629090700 ) ) ;
#50 = CARTESIAN_POINT ( 'NONE',  ( 0.02814421724766081500, 0.01248717191803766800, -0.01065060974774786000 ) ) ;
#51 = CARTESIAN_POINT ( 'NONE',  ( 0.02897194174680731800, 0.05952705311083640600, -0.01333998676183098500 ) ) ;
#52 = EDGE_CURVE ( 'NONE', #935, #1153, #3279, .T. ) ;
#53 = CYLINDRICAL_SURFACE ( 'NONE', #35, 0.01100000000000000100 ) ;
#54 = AXIS2_PLACEMENT_3D ( 'NONE', #1822, #1834, #2019 ) ;
#55 = AXIS2_PLACEMENT_3D ( 'NONE', #1406, #833, #862 ) ;
#56 = CARTESIAN_POINT ( 'NONE',  ( -0.02499999999999997400, 0.05999999999999994900, -0.05199999999999978900 ) ) ;
#57 = AXIS2_PLACEMENT_3D ( 'NONE', #2713, #2391, #2130 ) ;
#58 = VERTEX_POINT ( 'NONE', #2918 ) ;
#59 = CARTESIAN_POINT ( 'NONE',  ( -0.02404375213989246700, 0.05611118689737412000, -0.01549471482361998100 ) ) ;
#60 = CARTESIAN_POINT ( 'NONE',  ( 0.0000000000000000000, 0.03999999999999998000, -0.01999999999999999000 ) ) ;
#61 = VERTEX_POINT ( 'NONE', #2965 ) ;
#62 = B_SPLINE_CURVE_WITH_KNOTS ( 'NONE', 3,
 ( #1566, #1411, #850, #1206, #791, #715, #617, #538, #523, #429, #391, #325, #184 ),
 .UNSPECIFIED., .F., .F.,
 ( 4, 3, 3, 3, 4 ),
 ( 0.0003661969029447049600, 0.0003901273026984854600, 0.0004215203504476854000, 0.0004573280347010130100, 0.0004709329103807005900 ),
 .UNSPECIFIED. ) ;
#63 = CYLINDRICAL_SURFACE ( 'NONE', #3078, 0.004000000000000003600 ) ;
#64 = FACE_OUTER_BOUND ( 'NONE', #2090, .T. ) ;
#65 = VERTEX_POINT ( 'NONE', #2702 ) ;
#66 = CARTESIAN_POINT ( 'NONE',  ( -0.02499999999999997400, 0.05199999999999994900, -0.05999999999999979000 ) ) ;
#67 = CARTESIAN_POINT ( 'NONE',  ( 1.247759704641866800E-017, 0.05099999999999991300, 0.1600000000000002000 ) ) ;
#68 = FACE_OUTER_BOUND ( 'NONE', #2685, .T. ) ;
#69 = CARTESIAN_POINT ( 'NONE',  ( 0.04749999999999999400, 0.07749999999999999900, 0.0000000000000000000 ) ) ;
#70 = ORIENTED_EDGE ( 'NONE', *, *, #201, .F. ) ;
#71 = AXIS2_PLACEMENT_3D ( 'NONE', #3161, #3147, #3141 ) ;
#72 = VECTOR ( 'NONE', #942, 39.37007874015748100 ) ;
#73 = CARTESIAN_POINT ( 'NONE',  ( -0.007207284789926420700, 0.04730843203339148200, -0.01999999999999999000 ) ) ;
#74 = CARTESIAN_POINT ( 'NONE',  ( 0.0000000000000000000, 0.03999999999999998000, -0.01999999999999999000 ) ) ;
#75 = ORIENTED_EDGE ( 'NONE', *, *, #540, .T. ) ;
#76 = ORIENTED_EDGE ( 'NONE', *, *, #1890, .F. ) ;
#77 = CARTESIAN_POINT ( 'NONE',  ( -0.02500000000000001500, 0.05999999999999994900, 0.01439483628583483800 ) ) ;
#78 = CIRCLE ( 'NONE', #9, 0.01074999999999998900 ) ;
#79 = ORIENTED_EDGE ( 'NONE', *, *, #1887, .T. ) ;
#80 = EDGE_CURVE ( 'NONE', #1159, #1883, #3011, .T. ) ;
#81 = LINE ( 'NONE', #626, #32 ) ;
#82 = DIRECTION ( 'NONE',  ( -1.917682592583735000E-017, -1.000000000000000000, -1.067128122525103000E-016 ) ) ;
#83 = CARTESIAN_POINT ( 'NONE',  ( -0.02900000000000000100, 0.01249969458701514400, -0.01060663110642545200 ) ) ;
#84 = DIRECTION ( 'NONE',  ( -1.000000000000000000, 0.0000000000000000000, 0.0000000000000000000 ) ) ;
#85 = ADVANCED_FACE ( 'NONE', ( #2330 ), #3105, .F. ) ;
#86 = DIRECTION ( 'NONE',  ( -7.359984219135830100E-017, -1.000000000000000000, -6.123233995736766000E-017 ) ) ;
#87 = AXIS2_PLACEMENT_3D ( 'NONE', #737, #1164, #1042 ) ;
#88 = CARTESIAN_POINT ( 'NONE',  ( -0.03959044135354330300, 0.007828637420573148600, -0.007843001889471231500 ) ) ;
#89 = CIRCLE ( 'NONE', #1881, 0.003999999999999999200 ) ;
#90 = EDGE_CURVE ( 'NONE', #1065, #2164, #3335, .T. ) ;
#91 = ORIENTED_EDGE ( 'NONE', *, *, #3089, .F. ) ;
#92 = DIRECTION ( 'NONE',  ( -1.917682592583742400E-017, -1.000000000000000000, 0.0000000000000000000 ) ) ;
#93 = CARTESIAN_POINT ( 'NONE',  ( 0.01100000000000000100, 0.01999999999999996600, 0.1699999999999999800 ) ) ;
#94 = DIRECTION ( 'NONE',  ( 1.000000000000000000, 0.0000000000000000000, 0.0000000000000000000 ) ) ;
#95 = FACE_OUTER_BOUND ( 'NONE', #1095, .T. ) ;
#96 = CARTESIAN_POINT ( 'NONE',  ( 0.02500000000000001500, 0.05999999999999994900, 0.1600000000000002000 ) ) ;
#97 = VERTEX_POINT ( 'NONE', #2405 ) ;
#98 = EDGE_LOOP ( 'NONE', ( #650, #3108, #2899, #1388 ) ) ;
#99 = ADVANCED_FACE ( 'NONE', ( #2469 ), #163, .T. ) ;
#100 = ORIENTED_EDGE ( 'NONE', *, *, #2029, .F. ) ;
#101 = FACE_OUTER_BOUND ( 'NONE', #2537, .T. ) ;
#102 = DIRECTION ( 'NONE',  ( 1.000000000000000000, 0.0000000000000000000, 0.0000000000000000000 ) ) ;
#103 = DIRECTION ( 'NONE',  ( 0.0000000000000000000, 0.0000000000000000000, 1.000000000000000000 ) ) ;
#104 = ORIENTED_EDGE ( 'NONE', *, *, #664, .T. ) ;
#105 = CARTESIAN_POINT ( 'NONE',  ( -0.02499999999999997400, 0.05199999999999994900, -0.05199999999999978900 ) ) ;
#106 = CARTESIAN_POINT ( 'NONE',  ( 0.0000000000000000000, 0.01324999999999996300, -0.02684313483298438400 ) ) ;
#107 = VERTEX_POINT ( 'NONE', #2085 ) ;
#108 = VECTOR ( 'NONE', #3199, 39.37007874015748100 ) ;
#109 = CARTESIAN_POINT ( 'NONE',  ( 2.579850846366440700E-017, 0.05599999999999994600, -0.01707036381241100800 ) ) ;
#110 = CARTESIAN_POINT ( 'NONE',  ( 0.004000000000000000100, 0.01324999999999996300, -0.02684313483298438400 ) ) ;
#111 = EDGE_CURVE ( 'NONE', #1758, #65, #1933, .T. ) ;
#112 = VECTOR ( 'NONE', #2470, 39.37007874015748100 ) ;
#113 = EDGE_LOOP ( 'NONE', ( #146, #3004, #924, #1931 ) ) ;
#114 = LINE ( 'NONE', #3258, #72 ) ;
#115 = DIRECTION ( 'NONE',  ( 7.468797715707625400E-017, -6.842277657836020900E-049, -1.000000000000000000 ) ) ;
#116 = CIRCLE ( 'NONE', #382, 0.01075000000000000300 ) ;
#117 = ADVANCED_FACE ( 'NONE', ( #2361 ), #2510, .T. ) ;
#118 = EDGE_LOOP ( 'NONE', ( #1084, #2077, #279, #185 ) ) ;
#119 = PLANE ( 'NONE',  #2445 ) ;
#120 = CARTESIAN_POINT ( 'NONE',  ( -0.0002462751915569694600, 0.05599999999999994600, -0.01707036381241100800 ) ) ;
#121 = VECTOR ( 'NONE', #1948, 39.37007874015748100 ) ;
#122 = DIRECTION ( 'NONE',  ( -7.468797715707625400E-017, 6.842277657836020900E-049, 1.000000000000000000 ) ) ;
#123 = LINE ( 'NONE', #1910, #1740 ) ;
#124 = DIRECTION ( 'NONE',  ( -7.359984219135830100E-017, -1.000000000000000000, -6.123233995736766000E-017 ) ) ;
#125 = CARTESIAN_POINT ( 'NONE',  ( 0.02500000000000003300, 0.01199999999999995000, -0.06399999999999979300 ) ) ;
#126 = CARTESIAN_POINT ( 'NONE',  ( 0.05000000000000000300, 0.03799999999999999200, 0.1699999999999999800 ) ) ;
#127 = CYLINDRICAL_SURFACE ( 'NONE', #1485, 0.01325000000000000500 ) ;
#128 = EDGE_CURVE ( 'NONE', #412, #1372, #2588, .T. ) ;
#129 = EDGE_LOOP ( 'NONE', ( #1450, #246 ) ) ;
#130 = CARTESIAN_POINT ( 'NONE',  ( -0.0004937316306713916000, 0.05602299296806902800, -0.01706167208414755700 ) ) ;
#131 = DIRECTION ( 'NONE',  ( 1.000000000000000000, 0.0000000000000000000, 0.0000000000000000000 ) ) ;
#132 = ADVANCED_FACE ( 'NONE', ( #3168 ), #2673, .T. ) ;
#133 = DIRECTION ( 'NONE',  ( 1.000000000000000000, 0.0000000000000000000, 0.0000000000000000000 ) ) ;
#134 = ADVANCED_FACE ( 'NONE', ( #168 ), #900, .T. ) ;
#135 = CARTESIAN_POINT ( 'NONE',  ( -0.02499999999999999100, 0.06599999999999992000, 0.1600000000000002000 ) ) ;
#136 = DIRECTION ( 'NONE',  ( -1.000000000000000000, -0.0000000000000000000, -0.0000000000000000000 ) ) ;
#137 = ORIENTED_EDGE ( 'NONE', *, *, #2134, .F. ) ;
#138 = DIRECTION ( 'NONE',  ( -0.0000000000000000000, -0.0000000000000000000, 1.000000000000000000 ) ) ;
#139 = VERTEX_POINT ( 'NONE', #1423 ) ;
#140 = CARTESIAN_POINT ( 'NONE',  ( -0.0007352202940317400100, 0.05606814914839788900, -0.01704447863123738700 ) ) ;
#141 = CARTESIAN_POINT ( 'NONE',  ( -0.01685011350640774500, 0.02869503026860298300, -0.01841690812878176600 ) ) ;
#142 = ORIENTED_EDGE ( 'NONE', *, *, #128, .F. ) ;
#143 = EDGE_LOOP ( 'NONE', ( #2814, #530, #242, #798, #1552 ) ) ;
#144 = AXIS2_PLACEMENT_3D ( 'NONE', #990, #339, #492 ) ;
#145 = EDGE_CURVE ( 'NONE', #1372, #3311, #573, .T. ) ;
#146 = ORIENTED_EDGE ( 'NONE', *, *, #1100, .T. ) ;
#147 = ORIENTED_EDGE ( 'NONE', *, *, #2890, .T. ) ;
#148 = ORIENTED_EDGE ( 'NONE', *, *, #2657, .F. ) ;
#149 = CIRCLE ( 'NONE', #2367, 0.01074999999999998900 ) ;
#150 = PLANE ( 'NONE',  #2132 ) ;
#151 = VERTEX_POINT ( 'NONE', #1407 ) ;
#152 = DIRECTION ( 'NONE',  ( -7.468797715707625400E-017, 6.842277657836020900E-049, 1.000000000000000000 ) ) ;
#153 = ADVANCED_FACE ( 'NONE', ( #2667 ), #2408, .T. ) ;
#154 = DIRECTION ( 'NONE',  ( 0.0000000000000000000, 0.0000000000000000000, -1.000000000000000000 ) ) ;
#155 = EDGE_LOOP ( 'NONE', ( #1282, #801, #572, #1232 ) ) ;
#156 = DIRECTION ( 'NONE',  ( -7.468797715707625400E-017, 6.842277657836020900E-049, 1.000000000000000000 ) ) ;
#157 = CARTESIAN_POINT ( 'NONE',  ( -0.04017486002265931900, 0.07257093728145236300, -0.007227187755583933500 ) ) ;
#158 = ADVANCED_FACE ( 'NONE', ( #2813 ), #2817, .T. ) ;
#159 = CARTESIAN_POINT ( 'NONE',  ( 0.02089356580178258100, 0.02608282730899579000, -0.01677835884579044500 ) ) ;
#160 = ORIENTED_EDGE ( 'NONE', *, *, #677, .F. ) ;
#161 = CARTESIAN_POINT ( 'NONE',  ( -0.001180528832916732000, 0.05615141778885521200, -0.01701277365889095400 ) ) ;
#162 = CARTESIAN_POINT ( 'NONE',  ( -0.02499999999999997400, -4.802076551362962800E-017, -0.08699999999999980000 ) ) ;
#163 = CYLINDRICAL_SURFACE ( 'NONE', #1422, 0.004000000000000003600 ) ;
#164 = CARTESIAN_POINT ( 'NONE',  ( 0.02500000000000000100, 0.01248717191803766700, -0.01065060974774784800 ) ) ;
#165 = ORIENTED_EDGE ( 'NONE', *, *, #1158, .T. ) ;
#166 = DIRECTION ( 'NONE',  ( -1.000000000000000000, 1.917682592583736000E-017, -7.468797715707625400E-017 ) ) ;
#167 = CARTESIAN_POINT ( 'NONE',  ( -0.02900000000000000100, 0.01049999999999996800, -0.006999999999999969800 ) ) ;
#168 = FACE_OUTER_BOUND ( 'NONE', #507, .T. ) ;
#169 = DIRECTION ( 'NONE',  ( 0.0000000000000000000, 0.0000000000000000000, 1.000000000000000000 ) ) ;
#170 = DIRECTION ( 'NONE',  ( 0.0000000000000000000, -1.000000000000000000, 0.0000000000000000000 ) ) ;
#171 = CARTESIAN_POINT ( 'NONE',  ( -0.001615772360235696700, 0.05631383414722002800, -0.01695079383977823500 ) ) ;
#172 = ORIENTED_EDGE ( 'NONE', *, *, #2145, .T. ) ;
#173 = CARTESIAN_POINT ( 'NONE',  ( 0.02898301270920319200, 0.02085674461516527600, -0.01350051807512758100 ) ) ;
#174 = ADVANCED_FACE ( 'NONE', ( #1148 ), #2690, .T. ) ;
#175 = VECTOR ( 'NONE', #1841, 39.37007874015748100 ) ;
#176 = AXIS2_PLACEMENT_3D ( 'NONE', #2638, #1110, #2883 ) ;
#177 = AXIS2_PLACEMENT_3D ( 'NONE', #575, #2987, #2915 ) ;
#178 = AXIS2_PLACEMENT_3D ( 'NONE', #202, #133, #18 ) ;
#179 = CARTESIAN_POINT ( 'NONE',  ( 0.02100000000000000500, 0.002499999999999956300, -0.02684313483298438400 ) ) ;
#180 = DIRECTION ( 'NONE',  ( 0.0000000000000000000, 0.0000000000000000000, 1.000000000000000000 ) ) ;
#181 = ORIENTED_EDGE ( 'NONE', *, *, #2474, .T. ) ;
#182 = DIRECTION ( 'NONE',  ( -1.000000000000000000, 0.0000000000000000000, 0.0000000000000000000 ) ) ;
#183 = EDGE_CURVE ( 'NONE', #1981, #379, #2476, .T. ) ;
#184 = CARTESIAN_POINT ( 'NONE',  ( 0.02119993693827988300, 0.06124880772216873000, -0.01468813585859746500 ) ) ;
#185 = ORIENTED_EDGE ( 'NONE', *, *, #3242, .T. ) ;
#186 = DIRECTION ( 'NONE',  ( -7.359984219135830100E-017, -1.000000000000000000, -6.123233995736766000E-017 ) ) ;
#187 = CARTESIAN_POINT ( 'NONE',  ( 0.03298020372980034500, 0.01832948045099950700, -0.01141038773142835600 ) ) ;
#188 = EDGE_CURVE ( 'NONE', #2746, #319, #1806, .T. ) ;
#189 = AXIS2_PLACEMENT_3D ( 'NONE', #2961, #3219, #3316 ) ;
#190 = ORIENTED_EDGE ( 'NONE', *, *, #310, .F. ) ;
#191 = CARTESIAN_POINT ( 'NONE',  ( -0.002001553543096844500, 0.05653679578798524700, -0.01686304674719666500 ) ) ;
#192 = EDGE_LOOP ( 'NONE', ( #2728, #629, #647, #1172, #3149 ) ) ;
#193 = ADVANCED_FACE ( 'NONE', ( #2730 ), #2398, .T. ) ;
#194 = DIRECTION ( 'NONE',  ( 0.0000000000000000000, 0.0000000000000000000, 1.000000000000000000 ) ) ;
#195 = DIRECTION ( 'NONE',  ( 1.000000000000000000, 0.0000000000000000000, 0.0000000000000000000 ) ) ;
#196 = EDGE_LOOP ( 'NONE', ( #1558, #398, #2891, #2592 ) ) ;
#197 = CARTESIAN_POINT ( 'NONE',  ( -0.02499999999999999100, 0.05099999999999991300, 0.1600000000000002000 ) ) ;
#198 = CARTESIAN_POINT ( 'NONE',  ( 0.02345460771212416100, 0.05628756794252755300, -0.01570878625081038500 ) ) ;
#199 = AXIS2_PLACEMENT_3D ( 'NONE', #56, #2707, #2544 ) ;
#200 = CARTESIAN_POINT ( 'NONE',  ( 0.04055178099375109800, 0.01374009096875176500, -0.006376422297461494300 ) ) ;
#201 = EDGE_CURVE ( 'NONE', #1649, #3211, #2719, .T. ) ;
#202 = CARTESIAN_POINT ( 'NONE',  ( -0.02100000000000000500, 0.01324999999999996300, -0.02684313483298438400 ) ) ;
#203 = CARTESIAN_POINT ( 'NONE',  ( 0.05000000000000000300, 0.03799999999999999200, 0.09999999999999999200 ) ) ;
#204 = ORIENTED_EDGE ( 'NONE', *, *, #2524, .T. ) ;
#205 = AXIS2_PLACEMENT_3D ( 'NONE', #2393, #2284, #2273 ) ;
#206 =( CONVERSION_BASED_UNIT ( 'INCH', #962 ) LENGTH_UNIT ( ) NAMED_UNIT ( #3334 ) );
#207 = EDGE_LOOP ( 'NONE', ( #802, #2688, #3191 ) ) ;
#208 = AXIS2_PLACEMENT_3D ( 'NONE', #1539, #2390, #534 ) ;
#209 = CARTESIAN_POINT ( 'NONE',  ( 2.860514501971769900E-017, 0.003999999999999952400, -0.06799999999999979700 ) ) ;
#210 = CARTESIAN_POINT ( 'NONE',  ( 0.02500000000000003300, 0.01199999999999995000, -0.06799999999999979700 ) ) ;
#211 = CARTESIAN_POINT ( 'NONE',  ( -0.002423895454239564900, 0.05678088764537941900, -0.01676698380679281600 ) ) ;
#212 = CARTESIAN_POINT ( 'NONE',  ( 0.004000000000000000100, -0.0002500000000000349200, -0.006999999999999952400 ) ) ;
#213 = AXIS2_PLACEMENT_3D ( 'NONE', #1724, #970, #592 ) ;
#214 = CARTESIAN_POINT ( 'NONE',  ( 0.004000000000000001000, 0.01248717191803766300, -0.01065060974774785300 ) ) ;
#215 = AXIS2_PLACEMENT_3D ( 'NONE', #3314, #945, #3376 ) ;
#216 = DIRECTION ( 'NONE',  ( -1.000000000000000000, 0.0000000000000000000, 0.0000000000000000000 ) ) ;
#217 =( NAMED_UNIT ( * ) PLANE_ANGLE_UNIT ( ) SI_UNIT ( $, .RADIAN. ) );
#218 = LINE ( 'NONE', #1571, #175 ) ;
#219 =( NAMED_UNIT ( * ) SI_UNIT ( $, .STERADIAN. ) SOLID_ANGLE_UNIT ( ) );
#220 = CARTESIAN_POINT ( 'NONE',  ( 0.02500000000000002900, 0.05599999999999994600, -0.01511439725815632600 ) ) ;
#221 = LINE ( 'NONE', #1275, #1608 ) ;
#222 = VERTEX_POINT ( 'NONE', #883 ) ;
#223 = AXIS2_PLACEMENT_3D ( 'NONE', #903, #822, #182 ) ;
#224 = CARTESIAN_POINT ( 'NONE',  ( -0.002800868299758993400, 0.05710540448602811900, -0.01663669113568091000 ) ) ;
#225 = DIRECTION ( 'NONE',  ( -1.000000000000000000, 0.0000000000000000000, 0.0000000000000000000 ) ) ;
#226 = AXIS2_PLACEMENT_3D ( 'NONE', #2603, #1069, #2845 ) ;
#227 = DIRECTION ( 'NONE',  ( 0.0000000000000000000, 0.0000000000000000000, 1.000000000000000000 ) ) ;
#228 = EDGE_CURVE ( 'NONE', #1153, #2807, #2727, .T. ) ;
#229 = EDGE_CURVE ( 'NONE', #1414, #882, #2978, .T. ) ;
#230 = VERTEX_POINT ( 'NONE', #904 ) ;
#231 = CARTESIAN_POINT ( 'NONE',  ( 2.905060566041366100E-017, 0.06399999999999994600, -0.05199999999999978900 ) ) ;
#232 = CARTESIAN_POINT ( 'NONE',  ( -0.02100000000000000500, 0.002499999999999951900, -0.03699999999999997700 ) ) ;
#233 = CARTESIAN_POINT ( 'NONE',  ( -0.003099706507911390700, 0.05747179518930686800, -0.01648295372588088100 ) ) ;
#234 = CARTESIAN_POINT ( 'NONE',  ( -0.02499999999999999800, 0.01033304550424315300, -0.008887232856623138900 ) ) ;
#235 = DIRECTION ( 'NONE',  ( 0.0000000000000000000, 1.000000000000000000, 8.130499981143646400E-016 ) ) ;
#236 = DIRECTION ( 'NONE',  ( -1.000000000000000000, -0.0000000000000000000, 0.0000000000000000000 ) ) ;
#237 = ORIENTED_EDGE ( 'NONE', *, *, #693, .T. ) ;
#238 = ORIENTED_EDGE ( 'NONE', *, *, #725, .F. ) ;
#239 = CARTESIAN_POINT ( 'NONE',  ( 0.01400000000000000200, 0.01999999999999996600, 0.1699999999999999800 ) ) ;
#240 = CARTESIAN_POINT ( 'NONE',  ( -0.02100000000000000500, 0.002499999999999951900, -0.03699999999999997700 ) ) ;
#241 = CARTESIAN_POINT ( 'NONE',  ( -0.003426385654052012300, 0.05787232028561559200, -0.01631489353681117900 ) ) ;
#242 = ORIENTED_EDGE ( 'NONE', *, *, #541, .F. ) ;
#243 = CARTESIAN_POINT ( 'NONE',  ( -0.01587765675021624400, 0.05315405958483195700, -0.01858404134443501800 ) ) ;
#244 = VERTEX_POINT ( 'NONE', #388 ) ;
#245 = CIRCLE ( 'NONE', #870, 0.004000000000000000100 ) ;
#246 = ORIENTED_EDGE ( 'NONE', *, *, #2281, .F. ) ;
#247 = ORIENTED_EDGE ( 'NONE', *, *, #297, .F. ) ;
#248 = ORIENTED_EDGE ( 'NONE', *, *, #1537, .F. ) ;
#249 = DIRECTION ( 'NONE',  ( -7.468797715707625400E-017, 6.842277657836020900E-049, 1.000000000000000000 ) ) ;
#250 = AXIS2_PLACEMENT_3D ( 'NONE', #2501, #1165, #965 ) ;
#251 = CARTESIAN_POINT ( 'NONE',  ( -0.03891197793938067800, 0.002499999999999969300, 0.0000000000000000000 ) ) ;
#252 = CARTESIAN_POINT ( 'NONE',  ( -0.003671434603327188500, 0.05833612280840067000, -0.01611295175017219900 ) ) ;
#253 = DIRECTION ( 'NONE',  ( -1.000000000000000000, 1.917682592583736000E-017, -7.468797715707625400E-017 ) ) ;
#254 = VECTOR ( 'NONE', #2176, 39.37007874015748100 ) ;
#255 = CARTESIAN_POINT ( 'NONE',  ( 2.816105580986778300E-017, 0.01199999999999995000, -0.05999999999999979700 ) ) ;
#256 = VERTEX_POINT ( 'NONE', #1636 ) ;
#257 = MANIFOLD_SOLID_BREP ( 'Join1', #2013 ) ;
#258 = CIRCLE ( 'NONE', #1257, 0.01200000000000000200 ) ;
#259 = ORIENTED_EDGE ( 'NONE', *, *, #2946, .T. ) ;
#260 = CIRCLE ( 'NONE', #2280, 0.01075000000000000300 ) ;
#261 = VERTEX_POINT ( 'NONE', #2856 ) ;
#262 = EDGE_CURVE ( 'NONE', #3311, #2249, #2894, .T. ) ;
#263 = CARTESIAN_POINT ( 'NONE',  ( -0.02786518367040406000, 0.06279118658187687900, -0.01314533952285139500 ) ) ;
#264 = CARTESIAN_POINT ( 'NONE',  ( 0.03891197793938066400, 0.07749999999999999900, 0.0000000000000000000 ) ) ;
#265 = ORIENTED_EDGE ( 'NONE', *, *, #2983, .T. ) ;
#266 = CARTESIAN_POINT ( 'NONE',  ( -0.003819370960515545900, 0.05881155333903010500, -0.01589508828555805500 ) ) ;
#267 = CARTESIAN_POINT ( 'NONE',  ( -0.02417066243870921400, 0.06391308052682689900, -0.01314695799907427500 ) ) ;
#268 = CARTESIAN_POINT ( 'NONE',  ( 0.02857276955414274300, 0.01249146711588513600, -0.01063571579544284600 ) ) ;
#269 = CARTESIAN_POINT ( 'NONE',  ( 0.004000000000000001000, 0.01033304550424315300, -0.008887232856623138900 ) ) ;
#270 = VERTEX_POINT ( 'NONE', #2093 ) ;
#271 = EDGE_CURVE ( 'NONE', #2839, #1184, #2975, .T. ) ;
#272 = CARTESIAN_POINT ( 'NONE',  ( 0.05000000000000000300, 0.03799999999999999200, 0.1699999999999999800 ) ) ;
#273 = EDGE_LOOP ( 'NONE', ( #2446, #2662 ) ) ;
#274 = VERTEX_POINT ( 'NONE', #3077 ) ;
#275 = DIRECTION ( 'NONE',  ( 0.0000000000000000000, 0.0000000000000000000, -1.000000000000000000 ) ) ;
#276 = CARTESIAN_POINT ( 'NONE',  ( -0.003972230589053049600, 0.05930280603504500100, -0.01566997439938597900 ) ) ;
#277 = DIRECTION ( 'NONE',  ( -0.0000000000000000000, -0.0000000000000000000, -1.000000000000000000 ) ) ;
#278 = CARTESIAN_POINT ( 'NONE',  ( -0.02100000000000000500, 0.005796874999999965300, -0.01588807081060755400 ) ) ;
#279 = ORIENTED_EDGE ( 'NONE', *, *, #1826, .T. ) ;
#280 = VERTEX_POINT ( 'NONE', #2651 ) ;
#281 = VECTOR ( 'NONE', #1941, 39.37007874015748100 ) ;
#282 = CARTESIAN_POINT ( 'NONE',  ( 0.02500000000000003300, 0.05199999999999994900, -0.05999999999999979000 ) ) ;
#283 = DIRECTION ( 'NONE',  ( 1.917682592583700500E-017, 1.000000000000000000, 0.0000000000000000000 ) ) ;
#284 = AXIS2_PLACEMENT_3D ( 'NONE', #110, #1990, #392 ) ;
#285 = LINE ( 'NONE', #2712, #121 ) ;
#286 = AXIS2_PLACEMENT_3D ( 'NONE', #2173, #535, #2246 ) ;
#287 = CARTESIAN_POINT ( 'NONE',  ( -0.004027429395138177300, 0.05982212406172211100, -0.01542064056804835200 ) ) ;
#288 = CARTESIAN_POINT ( 'NONE',  ( 0.02900000000000000100, 0.002499999999999956300, -0.02684313483298438400 ) ) ;
#289 = VERTEX_POINT ( 'NONE', #2831 ) ;
#290 = VECTOR ( 'NONE', #3330, 39.37007874015748100 ) ;
#291 = DIRECTION ( 'NONE',  ( 0.0000000000000000000, -1.000000000000000000, 0.0000000000000000000 ) ) ;
#292 = CARTESIAN_POINT ( 'NONE',  ( 0.0000000000000000000, 0.01033304550424315300, -0.008887232856623138900 ) ) ;
#293 = ORIENTED_EDGE ( 'NONE', *, *, #2783, .T. ) ;
#294 = EDGE_LOOP ( 'NONE', ( #854, #1057, #3180, #2231 ) ) ;
#295 = EDGE_CURVE ( 'NONE', #1947, #2748, #3165, .T. ) ;
#296 = CIRCLE ( 'NONE', #581, 0.01325000000000000500 ) ;
#297 = EDGE_CURVE ( 'NONE', #2723, #1758, #3359, .T. ) ;
#298 = DIRECTION ( 'NONE',  ( 0.0000000000000000000, 1.000000000000000000, 1.665334536937734800E-015 ) ) ;
#299 = CARTESIAN_POINT ( 'NONE',  ( -0.05000000000000000300, 0.03799999999999999200, 0.1699999999999999800 ) ) ;
#300 = DIRECTION ( 'NONE',  ( 1.000000000000000000, 0.0000000000000000000, 0.0000000000000000000 ) ) ;
#301 = LINE ( 'NONE', #1289, #533 ) ;
#302 = CARTESIAN_POINT ( 'NONE',  ( -0.003986992877588271100, 0.06032231629505838100, -0.01516856090428204400 ) ) ;
#303 = CARTESIAN_POINT ( 'NONE',  ( -0.02499999999997308200, 0.06399999999999994600, -0.01306703615890032600 ) ) ;
#304 = CARTESIAN_POINT ( 'NONE',  ( 0.0000000000000000000, 0.01999999999999996600, 0.1699999999999999800 ) ) ;
#305 = VECTOR ( 'NONE', #1408, 39.37007874015748100 ) ;
#306 = EDGE_CURVE ( 'NONE', #2789, #1758, #2747, .T. ) ;
#307 = LINE ( 'NONE', #2682, #2787 ) ;
#308 = CARTESIAN_POINT ( 'NONE',  ( -0.04749999999999999400, 0.07009792610312781700, 0.0000000000000000000 ) ) ;
#309 = CARTESIAN_POINT ( 'NONE',  ( 0.004000000000000000100, 0.007203124999999971700, -0.01795506402237678400 ) ) ;
#310 = EDGE_CURVE ( 'NONE', #1681, #3392, #2010, .T. ) ;
#311 = ORIENTED_EDGE ( 'NONE', *, *, #1343, .F. ) ;
#312 = CARTESIAN_POINT ( 'NONE',  ( -0.003948710487370919900, 0.06079586237223069000, -0.01492990998578367700 ) ) ;
#313 = CARTESIAN_POINT ( 'NONE',  ( 0.02500000000000002200, 0.05399999999999998600, 0.01800000000000020700 ) ) ;
#314 = CARTESIAN_POINT ( 'NONE',  ( 0.02677982341934877200, 0.06360852607092601400, -0.01307155283857506400 ) ) ;
#315 = ORIENTED_EDGE ( 'NONE', *, *, #2285, .F. ) ;
#316 = EDGE_CURVE ( 'NONE', #97, #1425, #3247, .T. ) ;
#317 = EDGE_LOOP ( 'NONE', ( #311, #2429, #1355, #2374 ) ) ;
#318 = CARTESIAN_POINT ( 'NONE',  ( -0.02499999999999997400, 0.05199999999999994900, -0.05999999999999979000 ) ) ;
#319 = VERTEX_POINT ( 'NONE', #3014 ) ;
#320 = ORIENTED_EDGE ( 'NONE', *, *, #410, .T. ) ;
#321 = DIRECTION ( 'NONE',  ( -1.917682592583745500E-017, -1.000000000000000000, 0.0000000000000000000 ) ) ;
#322 = EDGE_LOOP ( 'NONE', ( #1297, #2672, #2022, #1205 ) ) ;
#323 = CIRCLE ( 'NONE', #71, 0.01074999999999998900 ) ;
#324 = LINE ( 'NONE', #3104, #108 ) ;
#325 = CARTESIAN_POINT ( 'NONE',  ( 0.02124999984214937000, 0.06140114677996024600, -0.01460689421619706100 ) ) ;
#326 = CARTESIAN_POINT ( 'NONE',  ( -0.02472119351439934800, 0.06399999999999816900, -0.01308247700765857600 ) ) ;
#327 = CARTESIAN_POINT ( 'NONE',  ( 0.02892548965746377700, 0.05921569270565704700, -0.01336922784764996000 ) ) ;
#328 = ORIENTED_EDGE ( 'NONE', *, *, #1154, .T. ) ;
#329 = VECTOR ( 'NONE', #1778, 39.37007874015748100 ) ;
#330 = B_SPLINE_CURVE_WITH_KNOTS ( 'NONE', 3,
 ( #1015, #557, #200, #187, #173, #159, #5, #527, #1230, #1586 ),
 .UNSPECIFIED., .F., .F.,
 ( 4, 2, 2, 2, 4 ),
 ( 3.761822298096332400E-016, 0.0003866920379743200900, 0.0007733840759482640700, 0.001160076113922207700, 0.001546768151896151500 ),
 .UNSPECIFIED. ) ;
#331 = VECTOR ( 'NONE', #48, 39.37007874015748100 ) ;
#332 = ORIENTED_EDGE ( 'NONE', *, *, #2063, .T. ) ;
#333 = EDGE_LOOP ( 'NONE', ( #815, #633, #706, #3399 ) ) ;
#334 = LINE ( 'NONE', #67, #281 ) ;
#335 = AXIS2_PLACEMENT_3D ( 'NONE', #1591, #2317, #2332 ) ;
#336 = CARTESIAN_POINT ( 'NONE',  ( -0.02900000000000000100, 0.01033304550424315300, -0.008887232856623138900 ) ) ;
#337 = EDGE_CURVE ( 'NONE', #1960, #2255, #2044, .T. ) ;
#338 = LINE ( 'NONE', #3336, #290 ) ;
#339 = DIRECTION ( 'NONE',  ( -7.359984219135830100E-017, -1.000000000000000000, -6.123233995736766000E-017 ) ) ;
#340 = CARTESIAN_POINT ( 'NONE',  ( 2.860514501971769900E-017, 0.003999999999999952400, -0.06799999999999979700 ) ) ;
#341 = CARTESIAN_POINT ( 'NONE',  ( -0.04749999999999999400, 0.07749999999999999900, 0.0000000000000000000 ) ) ;
#342 = CIRCLE ( 'NONE', #1048, 0.003999999999999994900 ) ;
#343 = CARTESIAN_POINT ( 'NONE',  ( 0.05000000000000000300, 0.0000000000000000000, 0.1699999999999999600 ) ) ;
#344 = EDGE_CURVE ( 'NONE', #280, #389, #734, .T. ) ;
#345 = CARTESIAN_POINT ( 'NONE',  ( -0.003824340467983463500, 0.06126540550154337100, -0.01468231543545929500 ) ) ;
#346 = DIRECTION ( 'NONE',  ( 1.000000000000000000, 0.0000000000000000000, 0.0000000000000000000 ) ) ;
#347 = CIRCLE ( 'NONE', #2835, 0.005999999999999983600 ) ;
#348 = EDGE_CURVE ( 'NONE', #139, #2096, #2146, .T. ) ;
#349 = CIRCLE ( 'NONE', #1641, 0.01325000000000000500 ) ;
#350 = CARTESIAN_POINT ( 'NONE',  ( 2.848403963705136800E-017, 0.05999999999999994900, -0.05199999999999978900 ) ) ;
#351 = DIRECTION ( 'NONE',  ( 0.0000000000000000000, 0.0000000000000000000, -1.000000000000000000 ) ) ;
#352 = DIRECTION ( 'NONE',  ( -0.0000000000000000000, -1.000000000000000000, -8.986342084421920000E-016 ) ) ;
#353 = CARTESIAN_POINT ( 'NONE',  ( -0.003622319054360717000, 0.06169670406035199200, -0.01444602199265219800 ) ) ;
#354 = CARTESIAN_POINT ( 'NONE',  ( 0.0000000000000000000, 0.03999999999999998000, -0.01999999999999999000 ) ) ;
#355 = ADVANCED_FACE ( 'NONE', ( #2095 ), #2755, .F. ) ;
#356 = DIRECTION ( 'NONE',  ( -0.0000000000000000000, -0.0000000000000000000, 1.000000000000000000 ) ) ;
#357 = AXIS2_PLACEMENT_3D ( 'NONE', #1638, #1898, #2424 ) ;
#358 = DIRECTION ( 'NONE',  ( -0.0000000000000000000, -1.000000000000000000, -8.986342084421920000E-016 ) ) ;
#359 = AXIS2_PLACEMENT_3D ( 'NONE', #1219, #2562, #2739 ) ;
#360 = AXIS2_PLACEMENT_3D ( 'NONE', #886, #876, #583 ) ;
#361 = CARTESIAN_POINT ( 'NONE',  ( -0.004000000000000000100, 0.005796874999999965300, -0.01588807081060755400 ) ) ;
#362 = CARTESIAN_POINT ( 'NONE',  ( -0.003443183262432020400, 0.06207914376070061000, -0.01423649661489273000 ) ) ;
#363 = CARTESIAN_POINT ( 'NONE',  ( -0.04102794807262837000, 0.0008054640710776420200, 0.002731369456752570200 ) ) ;
#364 = ORIENTED_EDGE ( 'NONE', *, *, #1264, .F. ) ;
#365 = EDGE_LOOP ( 'NONE', ( #817, #1524, #1849, #2784 ) ) ;
#366 = EDGE_CURVE ( 'NONE', #2215, #842, #2222, .T. ) ;
#367 = CIRCLE ( 'NONE', #612, 0.005999999999999983600 ) ;
#368 = EDGE_CURVE ( 'NONE', #2427, #2043, #2698, .T. ) ;
#369 = ORIENTED_EDGE ( 'NONE', *, *, #1154, .F. ) ;
#370 = DIRECTION ( 'NONE',  ( 0.0000000000000000000, -1.000000000000000000, 0.0000000000000000000 ) ) ;
#371 = CIRCLE ( 'NONE', #654, 0.01100000000000000100 ) ;
#372 = ADVANCED_FACE ( 'NONE', ( #2194 ), #713, .F. ) ;
#373 = CARTESIAN_POINT ( 'NONE',  ( 0.02500000000000000100, 0.01324999999999996300, -0.02684313483298438400 ) ) ;
#374 = ORIENTED_EDGE ( 'NONE', *, *, #446, .T. ) ;
#375 = EDGE_CURVE ( 'NONE', #779, #841, #3024, .T. ) ;
#376 = CARTESIAN_POINT ( 'NONE',  ( -0.003198976145850308500, 0.06244030251974581200, -0.01403115295452431000 ) ) ;
#377 = VECTOR ( 'NONE', #1578, 39.37007874015748100 ) ;
#378 = DIRECTION ( 'NONE',  ( 0.0000000000000000000, -1.000000000000000000, 0.0000000000000000000 ) ) ;
#379 = VERTEX_POINT ( 'NONE', #2209 ) ;
#380 = LINE ( 'NONE', #1667, #377 ) ;
#381 = ORIENTED_EDGE ( 'NONE', *, *, #582, .F. ) ;
#382 = AXIS2_PLACEMENT_3D ( 'NONE', #2786, #1673, #3194 ) ;
#383 = CARTESIAN_POINT ( 'NONE',  ( -0.02499999999999997400, 0.01199999999999995000, -0.05599999999999979300 ) ) ;
#384 = CYLINDRICAL_SURFACE ( 'NONE', #987, 0.009000000000000035700 ) ;
#385 = CARTESIAN_POINT ( 'NONE',  ( -0.02924671540176285200, 0.06903019851998942700, -0.009968500249856014300 ) ) ;
#386 = DIRECTION ( 'NONE',  ( 0.0000000000000000000, 0.0000000000000000000, -1.000000000000000000 ) ) ;
#387 = SURFACE_STYLE_FILL_AREA ( #2857 ) ;
#388 = CARTESIAN_POINT ( 'NONE',  ( -0.01400000000000000200, 0.01999999999999996600, 0.0000000000000000000 ) ) ;
#389 = VERTEX_POINT ( 'NONE', #1519 ) ;
#390 = AXIS2_PLACEMENT_3D ( 'NONE', #1102, #1767, #682 ) ;
#391 = CARTESIAN_POINT ( 'NONE',  ( 0.02130937569066762200, 0.06155087814269284700, -0.01452591492860210400 ) ) ;
#392 = DIRECTION ( 'NONE',  ( 0.0000000000000000000, 0.0000000000000000000, -1.000000000000000000 ) ) ;
#393 = LINE ( 'NONE', #1326, #437 ) ;
#394 = FACE_OUTER_BOUND ( 'NONE', #3214, .T. ) ;
#395 = VERTEX_POINT ( 'NONE', #1859 ) ;
#396 = ADVANCED_FACE ( 'NONE', ( #2224 ), #2560, .T. ) ;
#397 = AXIS2_PLACEMENT_3D ( 'NONE', #2056, #186, #2483 ) ;
#398 = ORIENTED_EDGE ( 'NONE', *, *, #1369, .T. ) ;
#399 = CARTESIAN_POINT ( 'NONE',  ( -0.02123480979957450400, 0.06135492419607491800, -0.01463154448439008300 ) ) ;
#400 = DIRECTION ( 'NONE',  ( -1.000000000000000000, 0.0000000000000000000, 0.0000000000000000000 ) ) ;
#401 = CARTESIAN_POINT ( 'NONE',  ( -0.02100000000000000500, 0.01299999999999997000, 3.414809992080329000E-017 ) ) ;
#402 = AXIS2_PLACEMENT_3D ( 'NONE', #2354, #1589, #778 ) ;
#403 = CARTESIAN_POINT ( 'NONE',  ( -0.002899915608824567900, 0.06275508429302902000, -0.01384750690724732000 ) ) ;
#404 = DIRECTION ( 'NONE',  ( -1.000000000000000000, 1.917682592583736000E-017, -7.468797715707625400E-017 ) ) ;
#405 = ORIENTED_EDGE ( 'NONE', *, *, #1089, .T. ) ;
#406 = CARTESIAN_POINT ( 'NONE',  ( 0.007214888427326531800, 0.04731618448940246000, -0.01955420301215069600 ) ) ;
#407 = ORIENTED_EDGE ( 'NONE', *, *, #183, .F. ) ;
#408 = DIRECTION ( 'NONE',  ( 0.0000000000000000000, -1.000000000000000000, -1.665334536937734800E-015 ) ) ;
#409 =( GEOMETRIC_REPRESENTATION_CONTEXT ( 3 ) GLOBAL_UNCERTAINTY_ASSIGNED_CONTEXT ( ( #835 ) ) GLOBAL_UNIT_ASSIGNED_CONTEXT ( ( #206, #2081, #498 ) ) REPRESENTATION_CONTEXT ( 'NONE', 'WORKASPACE' ) );
#410 = EDGE_CURVE ( 'NONE', #2215, #1465, #2320, .T. ) ;
#411 = ADVANCED_FACE ( 'NONE', ( #2325 ), #2763, .F. ) ;
#412 = VERTEX_POINT ( 'NONE', #3374 ) ;
#413 = LINE ( 'NONE', #37, #331 ) ;
#414 = CARTESIAN_POINT ( 'NONE',  ( -0.002637435913334919500, 0.06303136221594987700, -0.01368632429503595500 ) ) ;
#415 = EDGE_CURVE ( 'NONE', #1087, #2595, #2518, .T. ) ;
#416 = VERTEX_POINT ( 'NONE', #2138 ) ;
#417 = DIRECTION ( 'NONE',  ( -7.468797715707625400E-017, 6.842277657836020900E-049, 1.000000000000000000 ) ) ;
#418 = ORIENTED_EDGE ( 'NONE', *, *, #1748, .T. ) ;
#419 = ADVANCED_FACE ( 'NONE', ( #3400 ), #2275, .T. ) ;
#420 = DIRECTION ( 'NONE',  ( 1.000000000000000000, 0.0000000000000000000, 0.0000000000000000000 ) ) ;
#421 = VECTOR ( 'NONE', #1677, 39.37007874015748100 ) ;
#422 = DIRECTION ( 'NONE',  ( 7.468797715707625400E-017, -6.842277657836020900E-049, -1.000000000000000000 ) ) ;
#423 = CARTESIAN_POINT ( 'NONE',  ( -0.02100000000000000500, -6.402768735150616600E-017, -0.03699999999999997700 ) ) ;
#424 = VERTEX_POINT ( 'NONE', #3384 ) ;
#425 = CIRCLE ( 'NONE', #451, 0.004000000000000000100 ) ;
#426 = DIRECTION ( 'NONE',  ( 1.000000000000000000, 0.0000000000000000000, 0.0000000000000000000 ) ) ;
#427 = ORIENTED_EDGE ( 'NONE', *, *, #1116, .T. ) ;
#428 = EDGE_CURVE ( 'NONE', #2207, #222, #2555, .T. ) ;
#429 = CARTESIAN_POINT ( 'NONE',  ( 0.02137768094563928900, 0.06169670406035199200, -0.01444602199265219800 ) ) ;
#430 = CARTESIAN_POINT ( 'NONE',  ( -0.03298080664772221800, 0.01832910689300055700, -0.01141003034953383100 ) ) ;
#431 = ORIENTED_EDGE ( 'NONE', *, *, #2693, .T. ) ;
#432 = CARTESIAN_POINT ( 'NONE',  ( -0.004000000000000000100, 0.01324999999999996300, -0.02684313483298438400 ) ) ;
#433 = ADVANCED_FACE ( 'NONE', ( #2768 ), #928, .T. ) ;
#434 = CARTESIAN_POINT ( 'NONE',  ( -0.02499999999999999100, 0.05099999999999991300, 0.1000000000000000100 ) ) ;
#435 = AXIS2_PLACEMENT_3D ( 'NONE', #240, #3140, #3127 ) ;
#436 = AXIS2_PLACEMENT_3D ( 'NONE', #2516, #1735, #3393 ) ;
#437 = VECTOR ( 'NONE', #1356, 39.37007874015748100 ) ;
#438 = CARTESIAN_POINT ( 'NONE',  ( 2.826870090746545300E-017, 0.01199999999999995000, -0.06799999999999979700 ) ) ;
#439 = ADVANCED_FACE ( 'NONE', ( #2632 ), #723, .T. ) ;
#440 = CARTESIAN_POINT ( 'NONE',  ( 1.265018847975120500E-017, 0.05999999999999994900, 0.1600000000000002000 ) ) ;
#441 = CIRCLE ( 'NONE', #1094, 0.003999999999999999200 ) ;
#442 = EDGE_CURVE ( 'NONE', #1347, #289, #3207, .T. ) ;
#443 = CARTESIAN_POINT ( 'NONE',  ( -0.002327025227020784000, 0.06327748035564774400, -0.01353869372709569000 ) ) ;
#444 = CARTESIAN_POINT ( 'NONE',  ( -0.04814226063671089200, 0.07043254144234166500, 0.0006666306328743759300 ) ) ;
#445 = ORIENTED_EDGE ( 'NONE', *, *, #228, .F. ) ;
#446 = EDGE_CURVE ( 'NONE', #280, #3074, #2324, .T. ) ;
#447 = CARTESIAN_POINT ( 'NONE',  ( -0.001982994374411147100, 0.06347386431960910800, -0.01341919047664370500 ) ) ;
#448 = AXIS2_PLACEMENT_3D ( 'NONE', #210, #2860, #3292 ) ;
#449 = ORIENTED_EDGE ( 'NONE', *, *, #973, .T. ) ;
#450 = CARTESIAN_POINT ( 'NONE',  ( 0.02100000000000000500, 0.01049999999999996800, -0.006999999999999969800 ) ) ;
#451 = AXIS2_PLACEMENT_3D ( 'NONE', #3299, #3288, #3263 ) ;
#452 = ADVANCED_FACE ( 'NONE', ( #2443 ), #855, .T. ) ;
#453 = EDGE_LOOP ( 'NONE', ( #2419, #1719, #671, #3351 ) ) ;
#454 = CARTESIAN_POINT ( 'NONE',  ( -0.001665029232977000300, 0.06365536913059542700, -0.01330874146416829800 ) ) ;
#455 = CARTESIAN_POINT ( 'NONE',  ( -0.02100000000000000500, -0.0002500000000000349200, -0.006999999999999952400 ) ) ;
#456 = EDGE_LOOP ( 'NONE', ( #1663, #3381, #607, #172 ) ) ;
#457 = CONICAL_SURFACE ( 'NONE', #3309, 0.005999999999999967200, 1.029744258676648300 ) ;
#458 = ORIENTED_EDGE ( 'NONE', *, *, #2143, .T. ) ;
#459 = EDGE_CURVE ( 'NONE', #3074, #65, #1745, .T. ) ;
#460 = CARTESIAN_POINT ( 'NONE',  ( -0.001311145281367944200, 0.06379790052656837700, -0.01322027802124351400 ) ) ;
#461 = CIRCLE ( 'NONE', #868, 0.009000000000000044400 ) ;
#462 = ORIENTED_EDGE ( 'NONE', *, *, #1984, .T. ) ;
#463 = CARTESIAN_POINT ( 'NONE',  ( 0.02500000000000003300, 0.01199999999999995000, -0.06799999999999979700 ) ) ;
#464 = CARTESIAN_POINT ( 'NONE',  ( -0.02357237966864169500, 0.06373962224444056100, -0.01325627517685238700 ) ) ;
#465 = ORIENTED_EDGE ( 'NONE', *, *, #1369, .F. ) ;
#466 = DIRECTION ( 'NONE',  ( -7.468797715707625400E-017, 6.842277657836020900E-049, 1.000000000000000000 ) ) ;
#467 = VECTOR ( 'NONE', #1654, 39.37007874015748100 ) ;
#468 = AXIS2_PLACEMENT_3D ( 'NONE', #2187, #86, #917 ) ;
#469 = DIRECTION ( 'NONE',  ( 0.0000000000000000000, 8.986342084421920000E-016, -1.000000000000000000 ) ) ;
#470 = ORIENTED_EDGE ( 'NONE', *, *, #1789, .F. ) ;
#471 = CARTESIAN_POINT ( 'NONE',  ( -0.0009434681992668323500, 0.06388714133483358600, -0.01316465021009663400 ) ) ;
#472 = EDGE_CURVE ( 'NONE', #2427, #1561, #809, .T. ) ;
#473 = LINE ( 'NONE', #1769, #421 ) ;
#474 = ORIENTED_EDGE ( 'NONE', *, *, #2339, .F. ) ;
#475 = ORIENTED_EDGE ( 'NONE', *, *, #2683, .F. ) ;
#476 = CARTESIAN_POINT ( 'NONE',  ( -0.02899263921060157500, 0.05949443410323721600, -0.01333678493055199000 ) ) ;
#477 = ADVANCED_FACE ( 'NONE', ( #2440 ), #993, .T. ) ;
#478 = FACE_OUTER_BOUND ( 'NONE', #3354, .T. ) ;
#479 = CARTESIAN_POINT ( 'NONE',  ( -0.0006381080481182790800, 0.06396125687813793100, -0.01311845065715522100 ) ) ;
#480 = ORIENTED_EDGE ( 'NONE', *, *, #1059, .T. ) ;
#481 = DIRECTION ( 'NONE',  ( 0.0000000000000000000, -4.202588515167456800E-016, -1.000000000000000000 ) ) ;
#482 = EDGE_LOOP ( 'NONE', ( #1604, #2027, #1217, #1563, #3308, #315, #794, #985 ) ) ;
#483 = DIRECTION ( 'NONE',  ( 1.000000000000000000, 0.0000000000000000000, 0.0000000000000000000 ) ) ;
#484 = CYLINDRICAL_SURFACE ( 'NONE', #1074, 0.01100000000000000300 ) ;
#485 = CARTESIAN_POINT ( 'NONE',  ( 0.02900000000000000100, 0.03999999999999998000, 0.02515625000000004300 ) ) ;
#486 = ORIENTED_EDGE ( 'NONE', *, *, #1213, .F. ) ;
#487 = CARTESIAN_POINT ( 'NONE',  ( 0.004000000000000000100, 0.002499999999999951900, -0.03699999999999997700 ) ) ;
#488 = CARTESIAN_POINT ( 'NONE',  ( -0.02499999999999999100, 0.05999999999999994900, 0.1600000000000002000 ) ) ;
#489 = AXIS2_PLACEMENT_3D ( 'NONE', #683, #984, #2743 ) ;
#490 = ORIENTED_EDGE ( 'NONE', *, *, #2902, .F. ) ;
#491 = AXIS2_PLACEMENT_3D ( 'NONE', #2893, #768, #3068 ) ;
#492 = DIRECTION ( 'NONE',  ( -1.000000000000000000, 0.0000000000000000000, 0.0000000000000000000 ) ) ;
#493 = FACE_OUTER_BOUND ( 'NONE', #2941, .T. ) ;
#494 = EDGE_LOOP ( 'NONE', ( #1150, #880, #697, #2407 ) ) ;
#495 = EDGE_CURVE ( 'NONE', #395, #244, #863, .T. ) ;
#496 = UNCERTAINTY_MEASURE_WITH_UNIT (LENGTH_MEASURE( 1.000000000000000100E-005 ), #2001, 'distance_accuracy_value', 'NONE');
#497 = CIRCLE ( 'NONE', #284, 0.01074999999999998900 ) ;
#498 =( NAMED_UNIT ( * ) SI_UNIT ( $, .STERADIAN. ) SOLID_ANGLE_UNIT ( ) );
#499 = EDGE_LOOP ( 'NONE', ( #3261, #2744, #16, #1518 ) ) ;
#500 = DIRECTION ( 'NONE',  ( -7.359984219135830100E-017, -1.000000000000000000, -6.123233995736766000E-017 ) ) ;
#501 = CARTESIAN_POINT ( 'NONE',  ( 0.05000000000000000300, 0.0000000000000000000, 0.1699999999999999600 ) ) ;
#502 = DIRECTION ( 'NONE',  ( -1.917682592583742400E-017, -1.000000000000000000, 0.0000000000000000000 ) ) ;
#503 = DIRECTION ( 'NONE',  ( 0.0000000000000000000, 0.0000000000000000000, 1.000000000000000000 ) ) ;
#504 = VERTEX_POINT ( 'NONE', #2955 ) ;
#505 = CYLINDRICAL_SURFACE ( 'NONE', #215, 0.005999999999999975000 ) ;
#506 = DIRECTION ( 'NONE',  ( 0.0000000000000000000, 0.0000000000000000000, 1.000000000000000000 ) ) ;
#507 = EDGE_LOOP ( 'NONE', ( #2117, #643, #2323, #1749, #3154, #2009, #2641 ) ) ;
#508 = CARTESIAN_POINT ( 'NONE',  ( 0.05000000000000000300, 0.03799999999999999200, 0.09999999999999999200 ) ) ;
#509 = EDGE_CURVE ( 'NONE', #1741, #831, #2664, .T. ) ;
#510 = VERTEX_POINT ( 'NONE', #3218 ) ;
#511 = ORIENTED_EDGE ( 'NONE', *, *, #446, .F. ) ;
#512 = DIRECTION ( 'NONE',  ( -0.0000000000000000000, -8.130499981143647400E-016, 1.000000000000000000 ) ) ;
#513 = CIRCLE ( 'NONE', #600, 0.01074999999999998900 ) ;
#514 = CIRCLE ( 'NONE', #1358, 0.004000000000000003600 ) ;
#515 = CIRCLE ( 'NONE', #2183, 0.005999999999999967200 ) ;
#516 = EDGE_CURVE ( 'NONE', #1465, #1416, #988, .T. ) ;
#517 = VERTEX_POINT ( 'NONE', #3280 ) ;
#518 = CIRCLE ( 'NONE', #1994, 0.005999999999999967200 ) ;
#519 = ORIENTED_EDGE ( 'NONE', *, *, #3189, .F. ) ;
#520 = FACE_OUTER_BOUND ( 'NONE', #1208, .T. ) ;
#521 = ORIENTED_EDGE ( 'NONE', *, *, #3131, .F. ) ;
#522 = CARTESIAN_POINT ( 'NONE',  ( 2.579850846366440700E-017, 0.05599999999999994600, -0.01707036381241100800 ) ) ;
#523 = CARTESIAN_POINT ( 'NONE',  ( 0.02155681673756798500, 0.06207914376070061000, -0.01423649661489272700 ) ) ;
#524 = ORIENTED_EDGE ( 'NONE', *, *, #1617, .F. ) ;
#525 = ORIENTED_EDGE ( 'NONE', *, *, #541, .T. ) ;
#526 = DIRECTION ( 'NONE',  ( 0.0000000000000000000, 0.0000000000000000000, 1.000000000000000000 ) ) ;
#527 = CARTESIAN_POINT ( 'NONE',  ( 0.008481708036755880600, 0.03431226800962866600, -0.01959209527186465600 ) ) ;
#528 = DIRECTION ( 'NONE',  ( 0.0000000000000000000, -1.000000000000000000, 0.0000000000000000000 ) ) ;
#529 = FACE_OUTER_BOUND ( 'NONE', #2243, .T. ) ;
#530 = ORIENTED_EDGE ( 'NONE', *, *, #1331, .F. ) ;
#531 = EDGE_CURVE ( 'NONE', #2177, #395, #1025, .T. ) ;
#532 = DIRECTION ( 'NONE',  ( 0.0000000000000000000, 0.0000000000000000000, -1.000000000000000000 ) ) ;
#533 = VECTOR ( 'NONE', #1265, 39.37007874015748100 ) ;
#534 = DIRECTION ( 'NONE',  ( 0.0000000000000000000, 1.000000000000000000, 0.0000000000000000000 ) ) ;
#535 = DIRECTION ( 'NONE',  ( -1.000000000000000000, 1.917682592583736000E-017, -7.468797715707625400E-017 ) ) ;
#536 = PLANE ( 'NONE',  #435 ) ;
#537 = EDGE_LOOP ( 'NONE', ( #3066, #2311, #1610, #3329 ) ) ;
#538 = CARTESIAN_POINT ( 'NONE',  ( 0.02180102385414970200, 0.06244030251974581200, -0.01403115295452431500 ) ) ;
#539 = CARTESIAN_POINT ( 'NONE',  ( -0.02510534529381368300, 0.05663810684064363200, -0.01507148317828891700 ) ) ;
#540 = EDGE_CURVE ( 'NONE', #642, #1741, #1107, .T. ) ;
#541 = EDGE_CURVE ( 'NONE', #1193, #2970, #2642, .T. ) ;
#542 = DIRECTION ( 'NONE',  ( 0.0000000000000000000, -1.000000000000000000, 0.0000000000000000000 ) ) ;
#543 = DIRECTION ( 'NONE',  ( -7.468797715707625400E-017, 6.842277657836020900E-049, 1.000000000000000000 ) ) ;
#544 = CARTESIAN_POINT ( 'NONE',  ( 0.04102196450571127900, 0.0008101251604617596300, 0.002723224699701548700 ) ) ;
#545 = DIRECTION ( 'NONE',  ( -1.000000000000000000, -0.0000000000000000000, 0.0000000000000000000 ) ) ;
#546 = EDGE_LOOP ( 'NONE', ( #1361, #2528, #2750, #142 ) ) ;
#547 = ORIENTED_EDGE ( 'NONE', *, *, #3215, .F. ) ;
#548 = EDGE_LOOP ( 'NONE', ( #2463, #2506 ) ) ;
#549 = ORIENTED_EDGE ( 'NONE', *, *, #2143, .F. ) ;
#550 = CARTESIAN_POINT ( 'NONE',  ( -0.03891197793938069200, 0.07749999999999999900, 0.0000000000000000000 ) ) ;
#551 = DIRECTION ( 'NONE',  ( -7.468797715707625400E-017, 6.842277657836020900E-049, 1.000000000000000000 ) ) ;
#552 = ORIENTED_EDGE ( 'NONE', *, *, #2519, .F. ) ;
#553 = CYLINDRICAL_SURFACE ( 'NONE', #2016, 0.04515625000000003700 ) ;
#554 = ORIENTED_EDGE ( 'NONE', *, *, #2843, .F. ) ;
#555 = ORIENTED_EDGE ( 'NONE', *, *, #894, .F. ) ;
#556 = CARTESIAN_POINT ( 'NONE',  ( 0.05000000000000000300, 0.0000000000000000000, 0.1699999999999999600 ) ) ;
#557 = CARTESIAN_POINT ( 'NONE',  ( 0.04413699128759020900, 0.01166703159056986500, -0.003442271544015400200 ) ) ;
#558 = FACE_OUTER_BOUND ( 'NONE', #1103, .T. ) ;
#559 = AXIS2_PLACEMENT_3D ( 'NONE', #1725, #628, #170 ) ;
#560 = AXIS2_PLACEMENT_3D ( 'NONE', #1138, #2701, #1908 ) ;
#561 = LINE ( 'NONE', #2362, #589 ) ;
#562 = CARTESIAN_POINT ( 'NONE',  ( 2.325588123605603300E-017, 0.05999999999999994900, 0.01800000000000020700 ) ) ;
#563 = CARTESIAN_POINT ( 'NONE',  ( 0.02500000000000003300, 0.01199999999999995000, -0.05599999999999979300 ) ) ;
#564 = EDGE_LOOP ( 'NONE', ( #2049, #1695, #957, #738 ) ) ;
#565 = CARTESIAN_POINT ( 'NONE',  ( 0.04644532193508033700, 0.003016903921883351400, -0.001131956770517385900 ) ) ;
#566 = ORIENTED_EDGE ( 'NONE', *, *, #1051, .T. ) ;
#567 = FACE_OUTER_BOUND ( 'NONE', #564, .T. ) ;
#568 = EDGE_LOOP ( 'NONE', ( #3200, #1293, #2922, #445 ) ) ;
#569 = ORIENTED_EDGE ( 'NONE', *, *, #2621, .T. ) ;
#570 = EDGE_CURVE ( 'NONE', #3074, #2746, #2136, .T. ) ;
#571 = FACE_OUTER_BOUND ( 'NONE', #322, .T. ) ;
#572 = ORIENTED_EDGE ( 'NONE', *, *, #2092, .F. ) ;
#573 = LINE ( 'NONE', #1441, #1021 ) ;
#574 = CARTESIAN_POINT ( 'NONE',  ( 0.02888875119450233900, 0.05906318936694857100, -0.01338697782294017600 ) ) ;
#575 = CARTESIAN_POINT ( 'NONE',  ( 0.004000000000000000100, 0.01299999999999997000, 3.414809992080329000E-017 ) ) ;
#576 = CARTESIAN_POINT ( 'NONE',  ( 2.911923565793191800E-017, 0.05199999999999994900, -0.05599999999999978600 ) ) ;
#577 = CARTESIAN_POINT ( 'NONE',  ( 0.04829455655104512900, 0.009488851768525581300, 0.0008274627563665069200 ) ) ;
#578 = CARTESIAN_POINT ( 'NONE',  ( -0.02499999999999997400, 0.05599999999999994600, -0.05199999999999978900 ) ) ;
#579 = VECTOR ( 'NONE', #2880, 39.37007874015748100 ) ;
#580 = ORIENTED_EDGE ( 'NONE', *, *, #495, .T. ) ;
#581 = AXIS2_PLACEMENT_3D ( 'NONE', #1236, #1455, #386 ) ;
#582 = EDGE_CURVE ( 'NONE', #882, #1414, #1553, .T. ) ;
#583 = DIRECTION ( 'NONE',  ( 0.0000000000000000000, -1.000000000000000000, 0.0000000000000000000 ) ) ;
#584 = CARTESIAN_POINT ( 'NONE',  ( 0.03517596584510809800, 0.005364442986316730200, -0.005233042597530058700 ) ) ;
#585 = CARTESIAN_POINT ( 'NONE',  ( -0.02100000000000000500, 0.01033304550424315300, -0.008887232856623138900 ) ) ;
#586 = ORIENTED_EDGE ( 'NONE', *, *, #3245, .T. ) ;
#587 = ORIENTED_EDGE ( 'NONE', *, *, #699, .T. ) ;
#588 = ORIENTED_EDGE ( 'NONE', *, *, #1785, .T. ) ;
#589 = VECTOR ( 'NONE', #3256, 39.37007874015748100 ) ;
#590 = CARTESIAN_POINT ( 'NONE',  ( 0.02900000000000000100, 0.005796874999999965300, -0.01588807081060755400 ) ) ;
#591 = VERTEX_POINT ( 'NONE', #2334 ) ;
#592 = DIRECTION ( 'NONE',  ( -1.000000000000000000, 0.0000000000000000000, 0.0000000000000000000 ) ) ;
#593 = ORIENTED_EDGE ( 'NONE', *, *, #337, .T. ) ;
#594 = EDGE_LOOP ( 'NONE', ( #1018, #3072, #2166, #1348 ) ) ;
#595 = CARTESIAN_POINT ( 'NONE',  ( 0.05000000000000000300, 0.0000000000000000000, 0.1699999999999999600 ) ) ;
#596 = DIRECTION ( 'NONE',  ( -1.000000000000000000, 0.0000000000000000000, 0.0000000000000000000 ) ) ;
#597 = CARTESIAN_POINT ( 'NONE',  ( 0.03958377831302830500, 0.007833841033702181000, -0.007847373288750635800 ) ) ;
#598 = DIRECTION ( 'NONE',  ( 1.000000000000000000, 0.0000000000000000000, 0.0000000000000000000 ) ) ;
#599 = EDGE_LOOP ( 'NONE', ( #1657, #1703 ) ) ;
#600 = AXIS2_PLACEMENT_3D ( 'NONE', #2572, #2495, #2331 ) ;
#601 = LINE ( 'NONE', #2055, #2179 ) ;
#602 = ORIENTED_EDGE ( 'NONE', *, *, #1635, .T. ) ;
#603 = ORIENTED_EDGE ( 'NONE', *, *, #570, .T. ) ;
#604 = CARTESIAN_POINT ( 'NONE',  ( 0.004000000000000000100, -6.402768735150616600E-017, -0.03699999999999997700 ) ) ;
#605 = LINE ( 'NONE', #1037, #712 ) ;
#606 = FACE_BOUND ( 'NONE', #456, .T. ) ;
#607 = ORIENTED_EDGE ( 'NONE', *, *, #368, .F. ) ;
#608 = DIRECTION ( 'NONE',  ( 2.026496089155530700E-017, 1.043660709282909700E-033, -1.000000000000000000 ) ) ;
#609 = VECTOR ( 'NONE', #358, 39.37007874015748100 ) ;
#610 = CARTESIAN_POINT ( 'NONE',  ( 0.03581470156796517900, 0.005043064102176391400, -0.003790903009455523200 ) ) ;
#611 = FACE_OUTER_BOUND ( 'NONE', #546, .T. ) ;
#612 = AXIS2_PLACEMENT_3D ( 'NONE', #1302, #2514, #767 ) ;
#613 = DIRECTION ( 'NONE',  ( -7.468797715707625400E-017, 6.842277657836020900E-049, 1.000000000000000000 ) ) ;
#614 = VERTEX_POINT ( 'NONE', #2992 ) ;
#615 = CYLINDRICAL_SURFACE ( 'NONE', #1717, 0.004000000000000000100 ) ;
#616 = EDGE_CURVE ( 'NONE', #416, #1541, #1560, .T. ) ;
#617 = CARTESIAN_POINT ( 'NONE',  ( 0.02210008439117544200, 0.06275508429302902000, -0.01384750690724732100 ) ) ;
#618 = CARTESIAN_POINT ( 'NONE',  ( -0.02386308434877138600, 0.06383502578936955900, -0.01319708700843989100 ) ) ;
#619 = EDGE_LOOP ( 'NONE', ( #1427, #1027 ) ) ;
#620 = CYLINDRICAL_SURFACE ( 'NONE', #819, 0.01100000000000000100 ) ;
#621 = CARTESIAN_POINT ( 'NONE',  ( 0.04141392544393001500, 0.01303368843537301200, -0.006463144304615940600 ) ) ;
#622 = CARTESIAN_POINT ( 'NONE',  ( 0.02750710086291768800, 0.06311680048497769800, -0.01311889084165679400 ) ) ;
#623 = EDGE_CURVE ( 'NONE', #831, #1886, #1220, .T. ) ;
#624 = LINE ( 'NONE', #2558, #609 ) ;
#625 = CARTESIAN_POINT ( 'NONE',  ( 3.002421658570214700E-017, 0.003999999999999952400, -0.08699999999999980000 ) ) ;
#626 = CARTESIAN_POINT ( 'NONE',  ( 0.05000000000000000300, 0.03799999999999999200, 0.09999999999999999200 ) ) ;
#627 = CYLINDRICAL_SURFACE ( 'NONE', #2300, 0.01100000000000000100 ) ;
#628 = DIRECTION ( 'NONE',  ( -7.468797715707625400E-017, 6.842277657836020900E-049, 1.000000000000000000 ) ) ;
#629 = ORIENTED_EDGE ( 'NONE', *, *, #2396, .T. ) ;
#630 = CARTESIAN_POINT ( 'NONE',  ( -1.645012667047145400E-016, 0.06400000000000022300, -0.01309406913674039700 ) ) ;
#631 = DIRECTION ( 'NONE',  ( 2.026496089155530700E-017, 1.043660709282909700E-033, -1.000000000000000000 ) ) ;
#632 = CARTESIAN_POINT ( 'NONE',  ( 0.02836922938478967200, 0.01175298326660688700, -0.01091754726418549400 ) ) ;
#633 = ORIENTED_EDGE ( 'NONE', *, *, #1460, .T. ) ;
#634 = DIRECTION ( 'NONE',  ( 0.0000000000000000000, -1.000000000000000000, 0.0000000000000000000 ) ) ;
#635 = AXIS2_PLACEMENT_3D ( 'NONE', #2586, #2635, #2573 ) ;
#636 = AXIS2_PLACEMENT_3D ( 'NONE', #1836, #1527, #3286 ) ;
#637 = DIRECTION ( 'NONE',  ( -1.917682592583736000E-017, -1.000000000000000000, -1.432278336694168300E-033 ) ) ;
#638 = B_SPLINE_CURVE_WITH_KNOTS ( 'NONE', 3,
 ( #2460, #2575, #2415, #2404 ),
 .UNSPECIFIED., .F., .F.,
 ( 4, 4 ),
 ( 2.857813432892440000E-019, 0.0004168132044770758200 ),
 .UNSPECIFIED. ) ;
#639 = CARTESIAN_POINT ( 'NONE',  ( 0.03154636828682118300, 0.01417199117882200100, -0.01270908128800245700 ) ) ;
#640 = CARTESIAN_POINT ( 'NONE',  ( 0.02500000000000003300, 0.003999999999999952400, -0.06799999999999979700 ) ) ;
#641 = ORIENTED_EDGE ( 'NONE', *, *, #2559, .F. ) ;
#642 = VERTEX_POINT ( 'NONE', #1215 ) ;
#643 = ORIENTED_EDGE ( 'NONE', *, *, #2815, .F. ) ;
#644 = CARTESIAN_POINT ( 'NONE',  ( -0.02160517148945950000, 0.05783915310217158800, -0.01596834072970827100 ) ) ;
#645 = ORIENTED_EDGE ( 'NONE', *, *, #2169, .F. ) ;
#646 = FACE_OUTER_BOUND ( 'NONE', #3135, .T. ) ;
#647 = ORIENTED_EDGE ( 'NONE', *, *, #1443, .T. ) ;
#648 = EDGE_CURVE ( 'NONE', #842, #1416, #1112, .T. ) ;
#649 = AXIS2_PLACEMENT_3D ( 'NONE', #2383, #2633, #3118 ) ;
#650 = ORIENTED_EDGE ( 'NONE', *, *, #2815, .T. ) ;
#651 = VERTEX_POINT ( 'NONE', #3243 ) ;
#652 = DIRECTION ( 'NONE',  ( 7.468797715707613100E-017, 0.0000000000000000000, -1.000000000000000000 ) ) ;
#653 = ORIENTED_EDGE ( 'NONE', *, *, #2063, .F. ) ;
#654 = AXIS2_PLACEMENT_3D ( 'NONE', #3367, #3361, #3348 ) ;
#655 = VECTOR ( 'NONE', #3087, 39.37007874015748100 ) ;
#656 = DIRECTION ( 'NONE',  ( 1.000000000000000000, 0.0000000000000000000, 0.0000000000000000000 ) ) ;
#657 = ORIENTED_EDGE ( 'NONE', *, *, #3228, .F. ) ;
#658 = CARTESIAN_POINT ( 'NONE',  ( -0.007929501576484879200, 0.03343177168230632900, -0.01999999999828701300 ) ) ;
#659 = FACE_BOUND ( 'NONE', #2053, .T. ) ;
#660 = CONICAL_SURFACE ( 'NONE', #2549, 0.005999999999999967200, 1.029744258676648300 ) ;
#661 = CARTESIAN_POINT ( 'NONE',  ( -0.02499999999999999100, 0.05999999999999994900, 0.1600000000000002000 ) ) ;
#662 = AXIS2_PLACEMENT_3D ( 'NONE', #2937, #3005, #2543 ) ;
#663 = CIRCLE ( 'NONE', #1340, 0.005999999999999967200 ) ;
#664 = EDGE_CURVE ( 'NONE', #2889, #3099, #1624, .T. ) ;
#665 = ORIENTED_EDGE ( 'NONE', *, *, #1491, .F. ) ;
#666 = DIRECTION ( 'NONE',  ( -7.468797715707625400E-017, 6.842277657836020900E-049, 1.000000000000000000 ) ) ;
#667 = DIRECTION ( 'NONE',  ( 1.000000000000000000, -1.917682592583736000E-017, 7.468797715707625400E-017 ) ) ;
#668 = DIRECTION ( 'NONE',  ( -1.917682592583745500E-017, -1.000000000000000000, 0.0000000000000000000 ) ) ;
#669 = CIRCLE ( 'NONE', #199, 0.003999999999999999200 ) ;
#670 = CARTESIAN_POINT ( 'NONE',  ( -0.02900000000000000100, 0.007203124999999971700, -0.01795506402237678400 ) ) ;
#671 = ORIENTED_EDGE ( 'NONE', *, *, #871, .T. ) ;
#672 = AXIS2_PLACEMENT_3D ( 'NONE', #1967, #1134, #2421 ) ;
#673 = DIRECTION ( 'NONE',  ( 0.0000000000000000000, 0.0000000000000000000, 1.000000000000000000 ) ) ;
#674 = LINE ( 'NONE', #135, #329 ) ;
#675 = CARTESIAN_POINT ( 'NONE',  ( -0.04830160091652924100, 0.009485222892707496200, 0.0008349280094888758000 ) ) ;
#676 = AXIS2_PLACEMENT_3D ( 'NONE', #2599, #2526, #2517 ) ;
#677 = EDGE_CURVE ( 'NONE', #3002, #2153, #1737, .T. ) ;
#678 = ADVANCED_FACE ( 'NONE', ( #1867 ), #1799, .F. ) ;
#679 = EDGE_LOOP ( 'NONE', ( #2345, #1262, #1903, #853 ) ) ;
#680 = CARTESIAN_POINT ( 'NONE',  ( 0.03250907250091141000, 0.008003447481570696900, -0.006989574040929535100 ) ) ;
#681 = CARTESIAN_POINT ( 'NONE',  ( -0.02843918286759341100, 0.06209111351216973400, -0.01319239050289840900 ) ) ;
#682 = DIRECTION ( 'NONE',  ( 0.0000000000000000000, 0.0000000000000000000, -1.000000000000000000 ) ) ;
#683 = CARTESIAN_POINT ( 'NONE',  ( -0.004000000000000000100, 0.01049999999999996800, -0.006999999999999969800 ) ) ;
#684 = LINE ( 'NONE', #1198, #2912 ) ;
#685 = ORIENTED_EDGE ( 'NONE', *, *, #3287, .F. ) ;
#686 =( BOUNDED_SURFACE ( )  B_SPLINE_SURFACE ( 3, 2, ( 
 ( #1097, #2113, #1373 ),
 ( #3129, #1621, #3377 ),
 ( #1875, #243, #2123 ),
 ( #539, #2406, #852 ) ),
 .UNSPECIFIED., .F., .F., .F. ) 
 B_SPLINE_SURFACE_WITH_KNOTS ( ( 4, 4 ),
 ( 3, 3 ),
 ( -7.570264315365136900E-006, 0.0006875915406487454800 ),
 ( 0.0000000000000000000, 1.000000000000000000 ),
 .UNSPECIFIED. ) 
 GEOMETRIC_REPRESENTATION_ITEM ( )  RATIONAL_B_SPLINE_SURFACE ( (
 ( 1.000000000000000000, 1.000000000000000000, 1.000000000000000000),
 ( 1.000000000000000000, 0.9999329507337747500, 1.000000000000000000),
 ( 1.000000000000000000, 0.9840633958352637000, 1.000000000000000000),
 ( 1.000000000000000000, 0.9527701492391834600, 1.000000000000000000) ) ) 
 REPRESENTATION_ITEM ( '' )  SURFACE ( )  );
#687 = CARTESIAN_POINT ( 'NONE',  ( -0.02900000000000000100, -6.402768735150616600E-017, -0.03699999999999997700 ) ) ;
#688 = DIRECTION ( 'NONE',  ( 0.0000000000000000000, 0.0000000000000000000, -1.000000000000000000 ) ) ;
#689 = ORIENTED_EDGE ( 'NONE', *, *, #3039, .F. ) ;
#690 = DIRECTION ( 'NONE',  ( -1.000000000000000000, 1.917682592583736000E-017, -7.468797715707625400E-017 ) ) ;
#691 = AXIS2_PLACEMENT_3D ( 'NONE', #2004, #404, #2286 ) ;
#692 = DIRECTION ( 'NONE',  ( 1.000000000000000000, 0.0000000000000000000, 0.0000000000000000000 ) ) ;
#693 = EDGE_CURVE ( 'NONE', #416, #58, #1033, .T. ) ;
#694 = ADVANCED_FACE ( 'NONE', ( #714 ), #1946, .T. ) ;
#695 = CARTESIAN_POINT ( 'NONE',  ( 0.02182489717838164200, 0.05753717113011074000, -0.01599162238291508200 ) ) ;
#696 = CIRCLE ( 'NONE', #1853, 0.01100000000000000300 ) ;
#697 = ORIENTED_EDGE ( 'NONE', *, *, #693, .F. ) ;
#698 = CARTESIAN_POINT ( 'NONE',  ( -0.02500000000000000100, 0.01999999999999996600, 0.0000000000000000000 ) ) ;
#699 = EDGE_CURVE ( 'NONE', #2096, #1353, #1973, .T. ) ;
#700 = CARTESIAN_POINT ( 'NONE',  ( 0.02100000000000000500, 0.007203124999999971700, -0.01795506402237678400 ) ) ;
#701 = ORIENTED_EDGE ( 'NONE', *, *, #2308, .F. ) ;
#702 = EDGE_LOOP ( 'NONE', ( #979, #1597, #875 ) ) ;
#703 = ORIENTED_EDGE ( 'NONE', *, *, #2991, .F. ) ;
#704 = ORIENTED_EDGE ( 'NONE', *, *, #975, .T. ) ;
#705 = FACE_OUTER_BOUND ( 'NONE', #2503, .T. ) ;
#706 = ORIENTED_EDGE ( 'NONE', *, *, #1290, .T. ) ;
#707 = AXIS2_PLACEMENT_3D ( 'NONE', #3060, #3069, #3081 ) ;
#708 = DIRECTION ( 'NONE',  ( 1.000000000000000000, -1.917682592583736000E-017, 7.468797715707625400E-017 ) ) ;
#709 = PLANE ( 'NONE',  #2058 ) ;
#710 = DIRECTION ( 'NONE',  ( 0.0000000000000000000, 0.0000000000000000000, -1.000000000000000000 ) ) ;
#711 = FACE_OUTER_BOUND ( 'NONE', #790, .T. ) ;
#712 = VECTOR ( 'NONE', #156, 39.37007874015748100 ) ;
#713 = PLANE ( 'NONE',  #491 ) ;
#714 = FACE_OUTER_BOUND ( 'NONE', #2064, .T. ) ;
#715 = CARTESIAN_POINT ( 'NONE',  ( 0.02236256408666509000, 0.06303136221594989000, -0.01368632429503596100 ) ) ;
#716 = LINE ( 'NONE', #3344, #655 ) ;
#717 = PLANE ( 'NONE',  #1603 ) ;
#718 = FACE_OUTER_BOUND ( 'NONE', #1296, .T. ) ;
#719 = ADVANCED_FACE ( 'NONE', ( #1977 ), #709, .T. ) ;
#720 = VERTEX_POINT ( 'NONE', #590 ) ;
#721 = FACE_OUTER_BOUND ( 'NONE', #1952, .T. ) ;
#722 = EDGE_LOOP ( 'NONE', ( #1318, #3379, #2158, #547 ) ) ;
#723 = CYLINDRICAL_SURFACE ( 'NONE', #57, 0.009000000000000035700 ) ;
#724 = CARTESIAN_POINT ( 'NONE',  ( -0.02900000000000000100, -5.975917486140575200E-017, -0.02684313483298438400 ) ) ;
#725 = EDGE_CURVE ( 'NONE', #2619, #379, #515, .T. ) ;
#726 = CARTESIAN_POINT ( 'NONE',  ( -0.04749999999999999400, 0.009902073896872155500, 0.0000000000000000000 ) ) ;
#727 = FACE_OUTER_BOUND ( 'NONE', #982, .T. ) ;
#728 = LINE ( 'NONE', #2901, #579 ) ;
#729 = CARTESIAN_POINT ( 'NONE',  ( 0.04749999999999999400, 0.03999999999999998000, 0.02515625000000004300 ) ) ;
#730 = ADVANCED_FACE ( 'NONE', ( #1968 ), #615, .T. ) ;
#731 = CARTESIAN_POINT ( 'NONE',  ( 0.004000000000000000100, 0.002499999999999951900, -0.03699999999999997700 ) ) ;
#732 = CARTESIAN_POINT ( 'NONE',  ( -0.0003176040528091924300, 0.06399999999999998700, -0.01309406913674096400 ) ) ;
#733 = CARTESIAN_POINT ( 'NONE',  ( -0.04413712168142496000, 0.01166696315791877200, -0.003442138076925302900 ) ) ;
#734 = B_SPLINE_CURVE_WITH_KNOTS ( 'NONE', 3,
 ( #2147, #2385, #2272, #4 ),
 .UNSPECIFIED., .F., .F.,
 ( 4, 4 ),
 ( 0.0006391828277784398400, 0.0006600041192789314100 ),
 .UNSPECIFIED. ) ;
#735 = ADVANCED_FACE ( 'NONE', ( #567 ), #2319, .F. ) ;
#736 = EDGE_CURVE ( 'NONE', #2153, #2124, #624, .T. ) ;
#737 = CARTESIAN_POINT ( 'NONE',  ( 0.02500000000000003300, 0.003999999999999952400, -0.08699999999999980000 ) ) ;
#738 = ORIENTED_EDGE ( 'NONE', *, *, #2710, .T. ) ;
#739 = AXIS2_PLACEMENT_3D ( 'NONE', #3370, #2411, #3197 ) ;
#740 = PLANE ( 'NONE',  #2938 ) ;
#741 = VERTEX_POINT ( 'NONE', #1731 ) ;
#742 = CARTESIAN_POINT ( 'NONE',  ( -0.02100000000000000500, 0.007203124999999971700, -0.01795506402237678400 ) ) ;
#743 = ORIENTED_EDGE ( 'NONE', *, *, #938, .T. ) ;
#744 = ORIENTED_EDGE ( 'NONE', *, *, #410, .F. ) ;
#745 = EDGE_CURVE ( 'NONE', #1798, #139, #518, .T. ) ;
#746 = CARTESIAN_POINT ( 'NONE',  ( -0.04089260256435916400, 0.07908890878594104800, 0.002547753278924418100 ) ) ;
#747 = CYLINDRICAL_SURFACE ( 'NONE', #3137, 0.01075000000000000300 ) ;
#748 = ADVANCED_FACE ( 'NONE', ( #659, #571 ), #1486, .F. ) ;
#749 = TOROIDAL_SURFACE ( 'NONE', #1528, 0.007999999999999996700, 0.004000000000000000100 ) ;
#750 = VECTOR ( 'NONE', #752, 39.37007874015748100 ) ;
#751 = CIRCLE ( 'NONE', #2382, 0.003999999999999999200 ) ;
#752 = DIRECTION ( 'NONE',  ( -1.000000000000000000, -0.0000000000000000000, 0.0000000000000000000 ) ) ;
#753 = DIRECTION ( 'NONE',  ( 7.468797715707625400E-017, -6.842277657836020900E-049, -1.000000000000000000 ) ) ;
#754 = B_SPLINE_CURVE_WITH_KNOTS ( 'NONE', 3,
 ( #303, #326, #1662, #267, #49, #38, #618 ),
 .UNSPECIFIED., .F., .F.,
 ( 4, 3, 4 ),
 ( 0.0001829854829930995500, 0.0002042329624340304400, 0.0002122783345389474800 ),
 .UNSPECIFIED. ) ;
#755 = VERTEX_POINT ( 'NONE', #1742 ) ;
#756 = FACE_OUTER_BOUND ( 'NONE', #1169, .T. ) ;
#757 = DIRECTION ( 'NONE',  ( -1.000000000000000000, 0.0000000000000000000, -0.0000000000000000000 ) ) ;
#758 = ORIENTED_EDGE ( 'NONE', *, *, #2726, .T. ) ;
#759 = DIRECTION ( 'NONE',  ( 0.0000000000000000000, 0.0000000000000000000, 1.000000000000000000 ) ) ;
#760 = EDGE_LOOP ( 'NONE', ( #1144, #1186, #645 ) ) ;
#761 = VERTEX_POINT ( 'NONE', #1763 ) ;
#762 = AXIS2_PLACEMENT_3D ( 'NONE', #2416, #253, #865 ) ;
#763 = AXIS2_PLACEMENT_3D ( 'NONE', #2645, #838, #528 ) ;
#764 = AXIS2_PLACEMENT_3D ( 'NONE', #1190, #236, #227 ) ;
#765 = ORIENTED_EDGE ( 'NONE', *, *, #2418, .F. ) ;
#766 = ADVANCED_FACE ( 'NONE', ( #718 ), #384, .T. ) ;
#767 = DIRECTION ( 'NONE',  ( -1.917682592583737200E-017, -1.000000000000000000, 0.0000000000000000000 ) ) ;
#768 = DIRECTION ( 'NONE',  ( -1.000000000000000000, 0.0000000000000000000, 0.0000000000000000000 ) ) ;
#769 = CIRCLE ( 'NONE', #2781, 0.004000000000000000100 ) ;
#770 = ORIENTED_EDGE ( 'NONE', *, *, #2581, .T. ) ;
#771 = CARTESIAN_POINT ( 'NONE',  ( 0.02900000000000000100, -5.975917486140575200E-017, -0.02684313483298438400 ) ) ;
#772 = CARTESIAN_POINT ( 'NONE',  ( 1.471823636113096400E-017, 0.05099999999999991300, 0.1000000000000000100 ) ) ;
#773 = DIMENSIONAL_EXPONENTS ( 1.000000000000000000, 0.0000000000000000000, 0.0000000000000000000, 0.0000000000000000000, 0.0000000000000000000, 0.0000000000000000000, 0.0000000000000000000 ) ;
#774 = EDGE_CURVE ( 'NONE', #3034, #3121, #342, .T. ) ;
#775 = DIRECTION ( 'NONE',  ( -1.000000000000000000, 0.0000000000000000000, 0.0000000000000000000 ) ) ;
#776 = B_SPLINE_CURVE_WITH_KNOTS ( 'NONE', 3,
 ( #25, #73, #6, #3342 ),
 .UNSPECIFIED., .F., .F.,
 ( 4, 4 ),
 ( -7.585058811340730200E-006, 0.0007745619591522099100 ),
 .UNSPECIFIED. ) ;
#777 = FACE_OUTER_BOUND ( 'NONE', #2365, .T. ) ;
#778 = DIRECTION ( 'NONE',  ( 0.0000000000000000000, -4.202588515167456800E-016, -1.000000000000000000 ) ) ;
#779 = VERTEX_POINT ( 'NONE', #1710 ) ;
#780 = CARTESIAN_POINT ( 'NONE',  ( 2.758859994893471800E-017, 0.06399999999999994600, -0.05199999999999978900 ) ) ;
#781 = EDGE_CURVE ( 'NONE', #2612, #2164, #674, .T. ) ;
#782 = DIRECTION ( 'NONE',  ( -1.917682592583736000E-017, -1.000000000000000000, -2.580859072157104300E-048 ) ) ;
#783 = ORIENTED_EDGE ( 'NONE', *, *, #2237, .T. ) ;
#784 = CARTESIAN_POINT ( 'NONE',  ( 0.02751270408609627800, 0.05686030231494079700, -0.01403369296154259800 ) ) ;
#785 = VERTEX_POINT ( 'NONE', #1953 ) ;
#786 = FILL_AREA_STYLE_COLOUR ( '', #923 ) ;
#787 = AXIS2_PLACEMENT_3D ( 'NONE', #3323, #2457, #1533 ) ;
#788 = CARTESIAN_POINT ( 'NONE',  ( -0.02499999999999997400, 0.01199999999999995000, -0.06799999999999979700 ) ) ;
#789 = CARTESIAN_POINT ( 'NONE',  ( 0.04815340792207400300, 0.07043830487658490900, 0.0006783663342007187700 ) ) ;
#790 = EDGE_LOOP ( 'NONE', ( #1706, #2368, #418, #70 ) ) ;
#791 = CARTESIAN_POINT ( 'NONE',  ( 0.02267297477297922400, 0.06327748035564774400, -0.01353869372709568100 ) ) ;
#792 = CARTESIAN_POINT ( 'NONE',  ( 0.03339867743594723100, 0.01800837821215462600, -0.01167528155847557200 ) ) ;
#793 = DIRECTION ( 'NONE',  ( 0.0000000000000000000, -1.000000000000000000, 0.0000000000000000000 ) ) ;
#794 = ORIENTED_EDGE ( 'NONE', *, *, #3255, .F. ) ;
#795 = CIRCLE ( 'NONE', #335, 0.04515625000000003700 ) ;
#796 = CARTESIAN_POINT ( 'NONE',  ( 2.882048374930361300E-017, 0.05199999999999994900, -0.05199999999999978900 ) ) ;
#797 = CARTESIAN_POINT ( 'NONE',  ( -0.03600000000000000400, 0.01999999999999996600, 0.1699999999999999800 ) ) ;
#798 = ORIENTED_EDGE ( 'NONE', *, *, #2256, .F. ) ;
#799 = VECTOR ( 'NONE', #422, 39.37007874015748100 ) ;
#800 = DIRECTION ( 'NONE',  ( -1.000000000000000000, 0.0000000000000000000, 0.0000000000000000000 ) ) ;
#801 = ORIENTED_EDGE ( 'NONE', *, *, #2339, .T. ) ;
#802 = ORIENTED_EDGE ( 'NONE', *, *, #3366, .F. ) ;
#803 = LINE ( 'NONE', #164, #750 ) ;
#804 = APPLICATION_PROTOCOL_DEFINITION ( 'draft international standard', 'automotive_design', 1998, #1081 ) ;
#805 = VECTOR ( 'NONE', #2609, 39.37007874015748100 ) ;
#806 = AXIS2_PLACEMENT_3D ( 'NONE', #282, #1870, #216 ) ;
#807 = ORIENTED_EDGE ( 'NONE', *, *, #2489, .F. ) ;
#808 = DIRECTION ( 'NONE',  ( -1.000000000000000000, 0.0000000000000000000, 0.0000000000000000000 ) ) ;
#809 = CIRCLE ( 'NONE', #36, 0.01325000000000000500 ) ;
#810 = CARTESIAN_POINT ( 'NONE',  ( 0.04629511591018999800, 0.07687753382634013300, -0.001278494253106724000 ) ) ;
#811 = CIRCLE ( 'NONE', #1671, 0.01325000000000000500 ) ;
#812 = DIRECTION ( 'NONE',  ( 2.026496089155530700E-017, 1.043660709282909700E-033, -1.000000000000000000 ) ) ;
#813 = CARTESIAN_POINT ( 'NONE',  ( 0.01438313161088163600, 0.02540520277666033800, -0.01827420817630460300 ) ) ;
#814 = DIRECTION ( 'NONE',  ( -7.359984219135830100E-017, -1.000000000000000000, -6.123233995736766000E-017 ) ) ;
#815 = ORIENTED_EDGE ( 'NONE', *, *, #415, .F. ) ;
#816 = VECTOR ( 'NONE', #963, 39.37007874015748100 ) ;
#817 = ORIENTED_EDGE ( 'NONE', *, *, #1702, .T. ) ;
#818 = ORIENTED_EDGE ( 'NONE', *, *, #881, .T. ) ;
#819 = AXIS2_PLACEMENT_3D ( 'NONE', #989, #688, #2266 ) ;
#820 = VECTOR ( 'NONE', #3193, 39.37007874015748100 ) ;
#821 = PRODUCT_CONTEXT ( 'NONE', #1081, 'mechanical' ) ;
#822 = DIRECTION ( 'NONE',  ( 2.026496089155530700E-017, 1.043660709282909700E-033, -1.000000000000000000 ) ) ;
#823 = CARTESIAN_POINT ( 'NONE',  ( 0.04090207119969112300, 0.07909631159703571500, 0.002560557189864823300 ) ) ;
#824 = CARTESIAN_POINT ( 'NONE',  ( -0.02499999999999997400, 0.003999999999999952400, -0.06799999999999979700 ) ) ;
#825 = CARTESIAN_POINT ( 'NONE',  ( 2.868185232342104600E-017, 0.007999999999999951600, -0.06799999999999979700 ) ) ;
#826 = VECTOR ( 'NONE', #929, 39.37007874015748100 ) ;
#827 = STYLED_ITEM ( 'NONE', ( #1166 ), #1413 ) ;
#828 = EDGE_LOOP ( 'NONE', ( #2441, #3028, #265, #1178 ) ) ;
#829 =( GEOMETRIC_REPRESENTATION_CONTEXT ( 3 ) GLOBAL_UNCERTAINTY_ASSIGNED_CONTEXT ( ( #496 ) ) GLOBAL_UNIT_ASSIGNED_CONTEXT ( ( #2001, #217, #2078 ) ) REPRESENTATION_CONTEXT ( 'NONE', 'WORKASPACE' ) );
#830 = VECTOR ( 'NONE', #3375, 39.37007874015748100 ) ;
#831 = VERTEX_POINT ( 'NONE', #2335 ) ;
#832 = CARTESIAN_POINT ( 'NONE',  ( -0.004000000000000000100, -5.975917486140575200E-017, -0.02684313483298438400 ) ) ;
#833 = DIRECTION ( 'NONE',  ( 0.0000000000000000000, 1.000000000000000000, 0.0000000000000000000 ) ) ;
#834 = DIRECTION ( 'NONE',  ( -1.000000000000000000, 0.0000000000000000000, 0.0000000000000000000 ) ) ;
#835 = UNCERTAINTY_MEASURE_WITH_UNIT (LENGTH_MEASURE( 1.000000000000000100E-005 ), #206, 'distance_accuracy_value', 'NONE');
#836 = ORIENTED_EDGE ( 'NONE', *, *, #188, .F. ) ;
#837 = ORIENTED_EDGE ( 'NONE', *, *, #725, .T. ) ;
#838 = DIRECTION ( 'NONE',  ( -7.468797715707625400E-017, 6.842277657836020900E-049, 1.000000000000000000 ) ) ;
#839 = ORIENTED_EDGE ( 'NONE', *, *, #2564, .F. ) ;
#840 = DIRECTION ( 'NONE',  ( -1.917682592583736000E-017, -1.000000000000000000, -1.432278336694167800E-033 ) ) ;
#841 = VERTEX_POINT ( 'NONE', #1247 ) ;
#842 = VERTEX_POINT ( 'NONE', #2480 ) ;
#843 = DIRECTION ( 'NONE',  ( -7.468797715707625400E-017, 6.842277657836020900E-049, 1.000000000000000000 ) ) ;
#844 = ORIENTED_EDGE ( 'NONE', *, *, #1443, .F. ) ;
#845 = DIRECTION ( 'NONE',  ( 0.0000000000000000000, 1.000000000000000000, 0.0000000000000000000 ) ) ;
#846 = DIRECTION ( 'NONE',  ( -1.000000000000000000, 0.0000000000000000000, 0.0000000000000000000 ) ) ;
#847 = AXIS2_PLACEMENT_3D ( 'NONE', #2862, #2823, #2808 ) ;
#848 = LINE ( 'NONE', #1319, #816 ) ;
#849 = MECHANICAL_DESIGN_GEOMETRIC_PRESENTATION_REPRESENTATION (  '', ( #1029 ), #829 ) ;
#850 = CARTESIAN_POINT ( 'NONE',  ( 0.02327929405278894600, 0.06362358705710205500, -0.01332808143985647800 ) ) ;
#851 = CARTESIAN_POINT ( 'NONE',  ( 0.01590038099125611400, 0.02682674348064374000, -0.01858345774615145100 ) ) ;
#852 = CARTESIAN_POINT ( 'NONE',  ( -0.02132477564956879900, 0.06137072389753782400, -0.01462287862491716600 ) ) ;
#853 = ORIENTED_EDGE ( 'NONE', *, *, #2363, .F. ) ;
#854 = ORIENTED_EDGE ( 'NONE', *, *, #3212, .T. ) ;
#855 = CYLINDRICAL_SURFACE ( 'NONE', #15, 0.009000000000000035700 ) ;
#856 = SURFACE_SIDE_STYLE ('',( #2864 ) ) ;
#857 = ORIENTED_EDGE ( 'NONE', *, *, #623, .T. ) ;
#858 = EDGE_CURVE ( 'NONE', #2612, #1684, #663, .T. ) ;
#859 = AXIS2_PLACEMENT_3D ( 'NONE', #2479, #249, #840 ) ;
#860 = CARTESIAN_POINT ( 'NONE',  ( -0.02499999999999997400, 0.05999999999999994900, -0.05199999999999978900 ) ) ;
#861 = ORIENTED_EDGE ( 'NONE', *, *, #1647, .T. ) ;
#862 = DIRECTION ( 'NONE',  ( 0.0000000000000000000, -0.0000000000000000000, 1.000000000000000000 ) ) ;
#863 = LINE ( 'NONE', #3208, #820 ) ;
#864 = CARTESIAN_POINT ( 'NONE',  ( 0.01693304949801483600, 0.02863726836132330500, -0.01841818827250972500 ) ) ;
#865 = DIRECTION ( 'NONE',  ( 1.917682592583736000E-017, 1.000000000000000000, 3.133900301905054100E-048 ) ) ;
#866 = ORIENTED_EDGE ( 'NONE', *, *, #2045, .F. ) ;
#867 = ORIENTED_EDGE ( 'NONE', *, *, #1707, .T. ) ;
#868 = AXIS2_PLACEMENT_3D ( 'NONE', #1222, #1041, #971 ) ;
#869 = CARTESIAN_POINT ( 'NONE',  ( -0.02119993693827898500, 0.06124880772216787000, -0.01468813585859796500 ) ) ;
#870 = AXIS2_PLACEMENT_3D ( 'NONE', #350, #2206, #1285 ) ;
#871 = EDGE_CURVE ( 'NONE', #1681, #424, #334, .T. ) ;
#872 = DIRECTION ( 'NONE',  ( 0.0000000000000000000, -4.202588515167456800E-016, -1.000000000000000000 ) ) ;
#873 = VECTOR ( 'NONE', #895, 39.37007874015748100 ) ;
#874 = CARTESIAN_POINT ( 'NONE',  ( 0.04206104432610851400, 0.06728881528637119200, -0.005737151855755113700 ) ) ;
#875 = ORIENTED_EDGE ( 'NONE', *, *, #3378, .T. ) ;
#876 = DIRECTION ( 'NONE',  ( -7.468797715707625400E-017, 6.842277657836020900E-049, 1.000000000000000000 ) ) ;
#877 = CARTESIAN_POINT ( 'NONE',  ( 0.007277106813303059600, 0.03262076793381130100, -0.01999999999999999000 ) ) ;
#878 = CARTESIAN_POINT ( 'NONE',  ( 0.02500000000000003300, 0.05199999999999994900, -0.05999999999999979000 ) ) ;
#879 = EDGE_CURVE ( 'NONE', #1310, #416, #285, .T. ) ;
#880 = ORIENTED_EDGE ( 'NONE', *, *, #1120, .F. ) ;
#881 = EDGE_CURVE ( 'NONE', #1456, #2126, #245, .T. ) ;
#882 = VERTEX_POINT ( 'NONE', #1299 ) ;
#883 = CARTESIAN_POINT ( 'NONE',  ( 0.03600000000000000400, 0.01999999999999996600, 0.1699999999999999800 ) ) ;
#884 = CARTESIAN_POINT ( 'NONE',  ( 0.04018356401957833000, 0.07257779067932534900, -0.007221722069536742500 ) ) ;
#885 = CARTESIAN_POINT ( 'NONE',  ( 2.840733233334802000E-017, 0.05599999999999994600, -0.05199999999999978900 ) ) ;
#886 = CARTESIAN_POINT ( 'NONE',  ( 0.02500000000000001500, 0.05999999999999994900, 0.1600000000000002000 ) ) ;
#887 = CARTESIAN_POINT ( 'NONE',  ( 0.007928158857611755300, 0.03343288389397003300, -0.01999999999774507500 ) ) ;
#888 = CARTESIAN_POINT ( 'NONE',  ( -0.02499999999999999100, 0.05999999999999994900, 0.1600000000000002000 ) ) ;
#889 = ORIENTED_EDGE ( 'NONE', *, *, #3296, .T. ) ;
#890 = B_SPLINE_CURVE_WITH_KNOTS ( 'NONE', 3,
 ( #574, #1405, #1498, #1611 ),
 .UNSPECIFIED., .F., .F.,
 ( 4, 4 ),
 ( 0.0008982082260020074200, 0.001549855894028524300 ),
 .UNSPECIFIED. ) ;
#891 = ORIENTED_EDGE ( 'NONE', *, *, #2029, .T. ) ;
#892 = DIRECTION ( 'NONE',  ( 0.0000000000000000000, 0.0000000000000000000, 1.000000000000000000 ) ) ;
#893 = AXIS2_PLACEMENT_3D ( 'NONE', #3016, #1522, #3264 ) ;
#894 = EDGE_CURVE ( 'NONE', #3001, #412, #296, .T. ) ;
#895 = DIRECTION ( 'NONE',  ( -7.468797715707625400E-017, 6.842277657836020900E-049, 1.000000000000000000 ) ) ;
#896 = CARTESIAN_POINT ( 'NONE',  ( 0.004000000000000000100, 0.002499999999999956300, -0.02684313483298438400 ) ) ;
#897 = CARTESIAN_POINT ( 'NONE',  ( 0.008568410651012761300, 0.03425413208143852200, -0.01999999999999999000 ) ) ;
#898 = DIRECTION ( 'NONE',  ( -0.0000000000000000000, -0.0000000000000000000, 1.000000000000000000 ) ) ;
#899 = ORIENTED_EDGE ( 'NONE', *, *, #2432, .T. ) ;
#900 = CYLINDRICAL_SURFACE ( 'NONE', #1286, 0.004000000000000003600 ) ;
#901 = EDGE_LOOP ( 'NONE', ( #2604, #332 ) ) ;
#902 = ORIENTED_EDGE ( 'NONE', *, *, #2764, .F. ) ;
#903 = CARTESIAN_POINT ( 'NONE',  ( 0.02500000000000003300, 0.003999999999999952400, -0.06799999999999979700 ) ) ;
#904 = CARTESIAN_POINT ( 'NONE',  ( 0.01100000000000000100, 0.01999999999999996600, 0.0000000000000000000 ) ) ;
#905 = DIRECTION ( 'NONE',  ( 0.0000000000000000000, 0.0000000000000000000, 1.000000000000000000 ) ) ;
#906 = DIRECTION ( 'NONE',  ( -7.468797715707625400E-017, 6.842277657836020900E-049, 1.000000000000000000 ) ) ;
#907 = B_SPLINE_CURVE_WITH_KNOTS ( 'NONE', 3,
 ( #2671, #26, #2200, #1924, #2681, #2697 ),
 .UNSPECIFIED., .F., .F.,
 ( 4, 2, 4 ),
 ( 0.0000000000000000000, 0.0001607471480788743700, 0.0003214942961577487400 ),
 .UNSPECIFIED. ) ;
#908 = FACE_OUTER_BOUND ( 'NONE', #207, .T. ) ;
#909 = CIRCLE ( 'NONE', #2352, 0.003999999999999999200 ) ;
#910 = CIRCLE ( 'NONE', #1612, 0.01100000000000000100 ) ;
#911 = FACE_OUTER_BOUND ( 'NONE', #1128, .T. ) ;
#912 = CARTESIAN_POINT ( 'NONE',  ( -0.02029990853959486000, 0.05352697739825574400, -0.01696213085835138200 ) ) ;
#913 = DIRECTION ( 'NONE',  ( -1.000000000000000000, 0.0000000000000000000, 0.0000000000000000000 ) ) ;
#914 = AXIS2_PLACEMENT_3D ( 'NONE', #2199, #2140, #2349 ) ;
#915 = DIRECTION ( 'NONE',  ( 0.0000000000000000000, -4.202588515167456800E-016, -1.000000000000000000 ) ) ;
#916 = EDGE_CURVE ( 'NONE', #43, #3099, #114, .T. ) ;
#917 = DIRECTION ( 'NONE',  ( -1.000000000000000000, 0.0000000000000000000, 0.0000000000000000000 ) ) ;
#918 = CARTESIAN_POINT ( 'NONE',  ( 0.03891197793938066400, 0.07749999999999999900, 0.0000000000000000000 ) ) ;
#919 = CARTESIAN_POINT ( 'NONE',  ( 0.02900000000000000100, -0.0002500000000000349200, -0.006999999999999952400 ) ) ;
#920 = CARTESIAN_POINT ( 'NONE',  ( 0.02815967659868875600, 0.06249319563102914000, -0.01316810267072558400 ) ) ;
#921 = EDGE_CURVE ( 'NONE', #1626, #97, #116, .T. ) ;
#922 = ORIENTED_EDGE ( 'NONE', *, *, #2729, .F. ) ;
#923 = COLOUR_RGB ( '',0.7960784313725489700, 0.8235294117647058400, 0.9372549019607843100 ) ;
#924 = ORIENTED_EDGE ( 'NONE', *, *, #1537, .T. ) ;
#925 = CARTESIAN_POINT ( 'NONE',  ( 0.01429930952063283500, 0.05443881704459843700, -0.01778640625677250700 ) ) ;
#926 = DIRECTION ( 'NONE',  ( 0.0000000000000000000, 4.202588515167456800E-016, 1.000000000000000000 ) ) ;
#927 =( BOUNDED_SURFACE ( )  B_SPLINE_SURFACE ( 3, 2, ( 
 ( #74, #60, #354 ),
 ( #2236, #658, #2496 ),
 ( #959, #2725, #1207 ),
 ( #2990, #1482, #3235 ),
 ( #1714, #88, #1971 ),
 ( #363, #2247, #675 ) ),
 .UNSPECIFIED., .F., .F., .T. ) 
 B_SPLINE_SURFACE_WITH_KNOTS ( ( 4, 2, 4 ),
 ( 3, 3 ),
 ( -7.570264315365072500E-006, 0.0006894167619309404200, 0.001386403788177245900 ),
 ( 0.0000000000000000000, 1.000000000000000000 ),
 .UNSPECIFIED. ) 
 GEOMETRIC_REPRESENTATION_ITEM ( )  RATIONAL_B_SPLINE_SURFACE ( (
 ( 1.000000000000000000, 1.000000000000000000, 1.000000000000000000),
 ( 1.000000000000000000, 0.9998816716651847100, 1.000000000000000000),
 ( 1.000000000000000000, 0.9840482310824636400, 1.000000000000000000),
 ( 1.000000000000000000, 0.9209973811962730600, 1.000000000000000000),
 ( 1.000000000000000000, 0.8730189556030498700, 1.000000000000000000),
 ( 1.000000000000000000, 0.8187784665919285400, 1.000000000000000000) ) ) 
 REPRESENTATION_ITEM ( '' )  SURFACE ( )  );
#928 = PLANE ( 'NONE',  #177 ) ;
#929 = DIRECTION ( 'NONE',  ( -0.0000000000000000000, 1.000000000000000000, -0.0000000000000000000 ) ) ;
#930 = CARTESIAN_POINT ( 'NONE',  ( 0.02900000000000000100, 0.01249969458699198700, -0.01060663110641890000 ) ) ;
#931 = CARTESIAN_POINT ( 'NONE',  ( 0.0000000000000000000, 0.03999999999999998000, -0.01999999999999999000 ) ) ;
#932 = CARTESIAN_POINT ( 'NONE',  ( 2.410573027109946400E-017, 0.06599999999999992000, 0.01800000000000020700 ) ) ;
#933 = EDGE_LOOP ( 'NONE', ( #952, #2151 ) ) ;
#934 = ORIENTED_EDGE ( 'NONE', *, *, #2256, .T. ) ;
#935 = VERTEX_POINT ( 'NONE', #1043 ) ;
#936 = ORIENTED_EDGE ( 'NONE', *, *, #3296, .F. ) ;
#937 = AXIS2_PLACEMENT_3D ( 'NONE', #1214, #1088, #1245 ) ;
#938 = EDGE_CURVE ( 'NONE', #1741, #642, #669, .T. ) ;
#939 = EDGE_LOOP ( 'NONE', ( #2291, #2129, #1975, #91 ) ) ;
#940 = CARTESIAN_POINT ( 'NONE',  ( -0.02295445987743559600, 0.06347656712991356400, -0.01341828832737397200 ) ) ;
#941 = DIRECTION ( 'NONE',  ( 2.026496089155530700E-017, 1.043660709282909700E-033, -1.000000000000000000 ) ) ;
#942 = DIRECTION ( 'NONE',  ( 0.0000000000000000000, -4.202588515167456800E-016, -1.000000000000000000 ) ) ;
#943 = EDGE_LOOP ( 'NONE', ( #1314, #1274, #1127, #2080 ) ) ;
#944 = EDGE_CURVE ( 'NONE', #1561, #2735, #78, .T. ) ;
#945 = DIRECTION ( 'NONE',  ( -7.468797715707625400E-017, 6.842277657836020900E-049, 1.000000000000000000 ) ) ;
#946 = EDGE_LOOP ( 'NONE', ( #3306, #204, #1091, #1592 ) ) ;
#947 = DIRECTION ( 'NONE',  ( -5.490490008879129400E-017, -0.8571673007021091100, 0.5150380749100594800 ) ) ;
#948 = DIRECTION ( 'NONE',  ( -1.000000000000000000, 0.0000000000000000000, 0.0000000000000000000 ) ) ;
#949 = ORIENTED_EDGE ( 'NONE', *, *, #2301, .T. ) ;
#950 = EDGE_CURVE ( 'NONE', #2839, #3002, #81, .T. ) ;
#951 = CARTESIAN_POINT ( 'NONE',  ( -0.02333682890675630200, 0.05634513335207697700, -0.01574261471218275900 ) ) ;
#952 = ORIENTED_EDGE ( 'NONE', *, *, #1466, .T. ) ;
#953 = CARTESIAN_POINT ( 'NONE',  ( 0.02500000000000003300, 0.05199999999999994900, -0.05599999999999978600 ) ) ;
#954 = CARTESIAN_POINT ( 'NONE',  ( -0.004000000000000003600, 0.03999999999999998000, 0.02515625000000004300 ) ) ;
#955 = CARTESIAN_POINT ( 'NONE',  ( 1.265018847975120500E-017, 0.05999999999999994900, 0.1600000000000002000 ) ) ;
#956 = LINE ( 'NONE', #995, #826 ) ;
#957 = ORIENTED_EDGE ( 'NONE', *, *, #262, .T. ) ;
#958 = CARTESIAN_POINT ( 'NONE',  ( 0.04750000000001088800, 0.009902073896870361800, 1.114081759916207300E-014 ) ) ;
#959 = CARTESIAN_POINT ( 'NONE',  ( -0.01438553187443719600, 0.02540275878612543000, -0.01827365794271892200 ) ) ;
#960 = CIRCLE ( 'NONE', #1028, 0.003999999999999999200 ) ;
#961 = B_SPLINE_CURVE_WITH_KNOTS ( 'NONE', 3,
 ( #726, #3102, #2018, #2100, #1630, #1640 ),
 .UNSPECIFIED., .F., .F.,
 ( 4, 2, 4 ),
 ( 0.0000000000000000000, 0.0001610204094126933900, 0.0003220408188253867800 ),
 .UNSPECIFIED. ) ;
#962 = LENGTH_MEASURE_WITH_UNIT ( LENGTH_MEASURE( 0.02539999999999999900 ), #1837 );
#963 = DIRECTION ( 'NONE',  ( -1.917682592583735000E-017, -1.000000000000000000, -1.067128122525103000E-016 ) ) ;
#964 = CARTESIAN_POINT ( 'NONE',  ( 0.05000000000000000300, 0.07999999999999996000, 0.0000000000000000000 ) ) ;
#965 = DIRECTION ( 'NONE',  ( 0.0000000000000000000, 1.000000000000000000, 0.0000000000000000000 ) ) ;
#966 = DIRECTION ( 'NONE',  ( -1.000000000000000000, -0.0000000000000000000, -0.0000000000000000000 ) ) ;
#967 = PRESENTATION_LAYER_ASSIGNMENT (  '', '', ( #1029 ) ) ;
#968 = AXIS2_PLACEMENT_3D ( 'NONE', #1168, #2964, #1187 ) ;
#969 = ADVANCED_FACE ( 'NONE', ( #29 ), #1322, .F. ) ;
#970 = DIRECTION ( 'NONE',  ( 0.0000000000000000000, 0.0000000000000000000, -1.000000000000000000 ) ) ;
#971 = DIRECTION ( 'NONE',  ( 0.0000000000000000000, -1.000000000000000000, 0.0000000000000000000 ) ) ;
#972 = EDGE_LOOP ( 'NONE', ( #3372, #2923, #511 ) ) ;
#973 = EDGE_CURVE ( 'NONE', #2348, #2458, #3390, .T. ) ;
#974 = ORIENTED_EDGE ( 'NONE', *, *, #3298, .F. ) ;
#975 = EDGE_CURVE ( 'NONE', #2970, #1231, #3388, .T. ) ;
#976 = EDGE_LOOP ( 'NONE', ( #899, #1543, #3383, #1417 ) ) ;
#977 = DIRECTION ( 'NONE',  ( -7.468797715707597100E-017, 0.0000000000000000000, 1.000000000000000000 ) ) ;
#978 = CARTESIAN_POINT ( 'NONE',  ( -0.02499999999999997400, 0.007999999999999951600, -0.06799999999999979700 ) ) ;
#979 = ORIENTED_EDGE ( 'NONE', *, *, #1868, .F. ) ;
#980 = CARTESIAN_POINT ( 'NONE',  ( -0.02500000000000000100, 0.01999999999999996600, 0.1699999999999999800 ) ) ;
#981 = CARTESIAN_POINT ( 'NONE',  ( -0.004000000000000000100, 0.002499999999999956300, -0.02684313483298438400 ) ) ;
#982 = EDGE_LOOP ( 'NONE', ( #2969, #2288, #2125, #1183 ) ) ;
#983 = CARTESIAN_POINT ( 'NONE',  ( 0.02884296906118831100, 0.05887314528346069400, -0.01340909719508065000 ) ) ;
#984 = DIRECTION ( 'NONE',  ( 1.000000000000000000, -0.0000000000000000000, 0.0000000000000000000 ) ) ;
#985 = ORIENTED_EDGE ( 'NONE', *, *, #1142, .F. ) ;
#986 = ADVANCED_FACE ( 'NONE', ( #3389, #3321 ), #3313, .T. ) ;
#987 = AXIS2_PLACEMENT_3D ( 'NONE', #1476, #2216, #668 ) ;
#988 = CIRCLE ( 'NONE', #1505, 0.003999999999999994900 ) ;
#989 = CARTESIAN_POINT ( 'NONE',  ( 0.02500000000000000100, 0.01999999999999996600, 0.1699999999999999800 ) ) ;
#990 = CARTESIAN_POINT ( 'NONE',  ( 0.02500000000000003300, 0.05199999999999994900, -0.05999999999999979000 ) ) ;
#991 = DIRECTION ( 'NONE',  ( 0.0000000000000000000, 1.000000000000000000, -4.202588515167456800E-016 ) ) ;
#992 = CARTESIAN_POINT ( 'NONE',  ( -0.02499999999999999100, 0.05999999999999994900, 0.1600000000000002000 ) ) ;
#993 = CYLINDRICAL_SURFACE ( 'NONE', #662, 0.004000000000000003600 ) ;
#994 = ORIENTED_EDGE ( 'NONE', *, *, #570, .F. ) ;
#995 = CARTESIAN_POINT ( 'NONE',  ( 0.04749999999999999400, 0.2402230518298162400, 0.0000000000000000000 ) ) ;
#996 = CYLINDRICAL_SURFACE ( 'NONE', #1192, 0.005999999999999975000 ) ;
#997 = ADVANCED_FACE ( 'NONE', ( #3320 ), #3272, .T. ) ;
#998 = LINE ( 'NONE', #885, #873 ) ;
#999 = ORIENTED_EDGE ( 'NONE', *, *, #1381, .F. ) ;
#1000 = DIRECTION ( 'NONE',  ( 0.0000000000000000000, 4.202588515167456800E-016, 1.000000000000000000 ) ) ;
#1001 = UNCERTAINTY_MEASURE_WITH_UNIT (LENGTH_MEASURE( 1.000000000000000100E-005 ), #3357, 'distance_accuracy_value', 'NONE');
#1002 = PRODUCT_DEFINITION_SHAPE ( 'NONE', 'NONE',  #2021 ) ;
#1003 = EDGE_LOOP ( 'NONE', ( #3151, #2464, #2711, #1389 ) ) ;
#1004 = AXIS2_PLACEMENT_3D ( 'NONE', #485, #3091, #3067 ) ;
#1005 = CARTESIAN_POINT ( 'NONE',  ( 0.02900000000000000100, -6.402768735150616600E-017, -0.03699999999999997700 ) ) ;
#1006 = DIRECTION ( 'NONE',  ( 0.0000000000000000000, 0.0000000000000000000, 1.000000000000000000 ) ) ;
#1007 = PRESENTATION_LAYER_ASSIGNMENT (  '', '', ( #827 ) ) ;
#1008 = DIRECTION ( 'NONE',  ( 1.000000000000000000, 0.0000000000000000000, 0.0000000000000000000 ) ) ;
#1009 = EDGE_CURVE ( 'NONE', #2377, #2723, #3278, .T. ) ;
#1010 = CARTESIAN_POINT ( 'NONE',  ( -0.05000000000000000300, 0.07999999999999996000, 0.0000000000000000000 ) ) ;
#1011 = CARTESIAN_POINT ( 'NONE',  ( -0.02888875119280873800, 0.05906318936789312100, -0.01338697782374682000 ) ) ;
#1012 = ORIENTED_EDGE ( 'NONE', *, *, #2237, .F. ) ;
#1013 = ORIENTED_EDGE ( 'NONE', *, *, #2439, .F. ) ;
#1014 = ORIENTED_EDGE ( 'NONE', *, *, #2890, .F. ) ;
#1015 = CARTESIAN_POINT ( 'NONE',  ( 0.04750000000001088800, 0.009902073896870361800, 1.114081759916207300E-014 ) ) ;
#1016 = ADVANCED_FACE ( 'NONE', ( #3317 ), #3233, .F. ) ;
#1017 = CARTESIAN_POINT ( 'NONE',  ( 0.02119993693827988300, 0.06124880772216873000, -0.01468813585859746500 ) ) ;
#1018 = ORIENTED_EDGE ( 'NONE', *, *, #2214, .T. ) ;
#1019 = ADVANCED_FACE ( 'NONE', ( #3318 ), #3195, .T. ) ;
#1020 = CARTESIAN_POINT ( 'NONE',  ( 0.02100000000000000500, -6.402768735150616600E-017, -0.03699999999999997700 ) ) ;
#1021 = VECTOR ( 'NONE', #1383, 39.37007874015748100 ) ;
#1022 = CARTESIAN_POINT ( 'NONE',  ( -0.02881457867824551600, 0.05875529528065803800, -0.01342281384392096000 ) ) ;
#1023 = CARTESIAN_POINT ( 'NONE',  ( -0.02499999999999999100, 0.06899999999999997800, 0.1600000000000002000 ) ) ;
#1024 = VERTEX_POINT ( 'NONE', #288 ) ;
#1025 = CIRCLE ( 'NONE', #1212, 0.01100000000000000100 ) ;
#1026 = CARTESIAN_POINT ( 'NONE',  ( 0.03572832925931024300, 0.07505189576345651400, -0.004437313731210553100 ) ) ;
#1027 = ORIENTED_EDGE ( 'NONE', *, *, #1984, .F. ) ;
#1028 = AXIS2_PLACEMENT_3D ( 'NONE', #2433, #2403, #2376 ) ;
#1029 = STYLED_ITEM ( 'NONE', ( #2898 ), #257 ) ;
#1030 = ORIENTED_EDGE ( 'NONE', *, *, #2942, .T. ) ;
#1031 = ADVANCED_FACE ( 'NONE', ( #3201 ), #2932, .T. ) ;
#1032 = DIRECTION ( 'NONE',  ( 2.026496089155530700E-017, 1.043660709282909700E-033, -1.000000000000000000 ) ) ;
#1033 = LINE ( 'NONE', #1709, #1906 ) ;
#1034 = CARTESIAN_POINT ( 'NONE',  ( 0.02114868202591264900, 0.05886485735622197500, -0.01573281417640665400 ) ) ;
#1035 = LINE ( 'NONE', #932, #2294 ) ;
#1036 = CARTESIAN_POINT ( 'NONE',  ( -0.02423324509013618700, 0.05607417691328300100, -0.01542044222483028100 ) ) ;
#1037 = CARTESIAN_POINT ( 'NONE',  ( 0.02500000000000001500, 0.06599999999999992000, 0.1600000000000002000 ) ) ;
#1038 = EDGE_CURVE ( 'NONE', #1811, #2659, #907, .T. ) ;
#1039 = LINE ( 'NONE', #1551, #2373 ) ;
#1040 = DIMENSIONAL_EXPONENTS ( 1.000000000000000000, 0.0000000000000000000, 0.0000000000000000000, 0.0000000000000000000, 0.0000000000000000000, 0.0000000000000000000, 0.0000000000000000000 ) ;
#1041 = DIRECTION ( 'NONE',  ( -7.468797715707625400E-017, 6.842277657836020900E-049, 1.000000000000000000 ) ) ;
#1042 = DIRECTION ( 'NONE',  ( -1.000000000000000000, 0.0000000000000000000, 0.0000000000000000000 ) ) ;
#1043 = CARTESIAN_POINT ( 'NONE',  ( -0.02499999999999997400, -4.802076551362962800E-017, -0.06799999999999979700 ) ) ;
#1044 = DIRECTION ( 'NONE',  ( 0.0000000000000000000, 1.000000000000000000, 1.665334536937734800E-015 ) ) ;
#1045 = DIRECTION ( 'NONE',  ( 0.0000000000000000000, 0.0000000000000000000, 1.000000000000000000 ) ) ;
#1046 = DIRECTION ( 'NONE',  ( -1.917682592583742400E-017, -1.000000000000000000, 0.0000000000000000000 ) ) ;
#1047 = CARTESIAN_POINT ( 'NONE',  ( 2.884334423701283800E-017, 0.01199999999999995000, -0.06399999999999979300 ) ) ;
#1048 = AXIS2_PLACEMENT_3D ( 'NONE', #3055, #2798, #1544 ) ;
#1049 = CARTESIAN_POINT ( 'NONE',  ( 0.03518919959602383900, 0.06308727158923005400, -0.01047031579757154100 ) ) ;
#1050 = ADVANCED_FACE ( 'NONE', ( #3190 ), #3181, .F. ) ;
#1051 = EDGE_CURVE ( 'NONE', #3000, #1473, #754, .T. ) ;
#1052 = CARTESIAN_POINT ( 'NONE',  ( -0.02870311843868978600, 0.05845600098360857800, -0.01347651639248673500 ) ) ;
#1053 = ORIENTED_EDGE ( 'NONE', *, *, #1840, .T. ) ;
#1054 = AXIS2_PLACEMENT_3D ( 'NONE', #2867, #1092, #845 ) ;
#1055 = CARTESIAN_POINT ( 'NONE',  ( -0.05000000000000000300, 0.03799999999999999200, 0.09999999999999999200 ) ) ;
#1056 = ORIENTED_EDGE ( 'NONE', *, *, #1426, .F. ) ;
#1057 = ORIENTED_EDGE ( 'NONE', *, *, #1325, .T. ) ;
#1058 = CARTESIAN_POINT ( 'NONE',  ( -0.02856129304441299900, 0.05817868403295429300, -0.01354408426673837400 ) ) ;
#1059 = EDGE_CURVE ( 'NONE', #755, #2215, #3192, .T. ) ;
#1060 = DIRECTION ( 'NONE',  ( -7.468797715707625400E-017, 6.842277657836020900E-049, 1.000000000000000000 ) ) ;
#1061 = DIRECTION ( 'NONE',  ( -1.000000000000000000, -0.0000000000000000000, -0.0000000000000000000 ) ) ;
#1062 = ORIENTED_EDGE ( 'NONE', *, *, #2726, .F. ) ;
#1063 = CARTESIAN_POINT ( 'NONE',  ( 0.02500000000000003300, 0.05199999999999994900, -0.05199999999999978900 ) ) ;
#1064 = DIRECTION ( 'NONE',  ( -1.917682592583736000E-017, -1.000000000000000000, -1.432278336694168300E-033 ) ) ;
#1065 = VERTEX_POINT ( 'NONE', #1440 ) ;
#1066 = ADVANCED_FACE ( 'NONE', ( #3164 ), #3153, .F. ) ;
#1067 = CARTESIAN_POINT ( 'NONE',  ( 0.02237978567761423100, 0.05694774343523645300, -0.01596916493621184900 ) ) ;
#1068 = VECTOR ( 'NONE', #947, 39.37007874015748100 ) ;
#1069 = DIRECTION ( 'NONE',  ( -7.468797715707625400E-017, 6.842277657836020900E-049, 1.000000000000000000 ) ) ;
#1070 = ORIENTED_EDGE ( 'NONE', *, *, #745, .F. ) ;
#1071 = CARTESIAN_POINT ( 'NONE',  ( 0.02142933063178256000, 0.05819713553951672700, -0.01589488298369087400 ) ) ;
#1072 = DIRECTION ( 'NONE',  ( 1.000000000000000000, -1.917682592583736000E-017, 7.468797715707625400E-017 ) ) ;
#1073 = CARTESIAN_POINT ( 'NONE',  ( -0.02833605450989332500, 0.05773826598313076800, -0.01365139148809076100 ) ) ;
#1074 = AXIS2_PLACEMENT_3D ( 'NONE', #3257, #3008, #1500 ) ;
#1075 = AXIS2_PLACEMENT_3D ( 'NONE', #7, #13, #291 ) ;
#1076 = B_SPLINE_CURVE_WITH_KNOTS ( 'NONE', 3,
 ( #1197, #1239, #1160, #1149, #1137, #1125, #1109, #1085, #1073, #1058, #1052, #1022, #1011 ),
 .UNSPECIFIED., .F., .F.,
 ( 4, 3, 3, 3, 4 ),
 ( 0.0000000000000000000, 3.971540875683073300E-005, 7.948782467924722000E-005, 0.0001181284957331911000, 0.0001423947896035078600 ),
 .UNSPECIFIED. ) ;
#1077 = EDGE_CURVE ( 'NONE', #2735, #1377, #3155, .T. ) ;
#1078 = CARTESIAN_POINT ( 'NONE',  ( -0.02500000000000000100, 0.01999999999999996600, 0.0000000000000000000 ) ) ;
#1079 = LINE ( 'NONE', #1842, #1333 ) ;
#1080 = ORIENTED_EDGE ( 'NONE', *, *, #2023, .T. ) ;
#1081 = APPLICATION_CONTEXT ( 'automotive_design' ) ;
#1082 = CARTESIAN_POINT ( 'NONE',  ( -0.02862789021152215000, 0.06168475891840388700, -0.01321320214533323900 ) ) ;
#1083 = CARTESIAN_POINT ( 'NONE',  ( 0.03326151574638885900, 0.06716901289711677000, -0.01164144724234320900 ) ) ;
#1084 = ORIENTED_EDGE ( 'NONE', *, *, #2301, .F. ) ;
#1085 = CARTESIAN_POINT ( 'NONE',  ( -0.02802689615290680100, 0.05734154447902011000, -0.01379704792356443000 ) ) ;
#1086 = CARTESIAN_POINT ( 'NONE',  ( 0.004000000000000000100, -6.402768735150616600E-017, -0.03699999999999997700 ) ) ;
#1087 = VERTEX_POINT ( 'NONE', #563 ) ;
#1088 = DIRECTION ( 'NONE',  ( 0.0000000000000000000, -1.000000000000000000, 0.0000000000000000000 ) ) ;
#1089 = EDGE_CURVE ( 'NONE', #841, #2553, #3204, .T. ) ;
#1090 = APPLICATION_PROTOCOL_DEFINITION ( 'draft international standard', 'automotive_design', 1998, #2627 ) ;
#1091 = ORIENTED_EDGE ( 'NONE', *, *, #2134, .T. ) ;
#1092 = DIRECTION ( 'NONE',  ( -0.0000000000000000000, -8.130499981143647400E-016, 1.000000000000000000 ) ) ;
#1093 = CARTESIAN_POINT ( 'NONE',  ( 0.02988728630279325500, 0.06965158101737255200, -0.009604592723062263200 ) ) ;
#1094 = AXIS2_PLACEMENT_3D ( 'NONE', #824, #812, #775 ) ;
#1095 = EDGE_LOOP ( 'NONE', ( #2116, #1171, #1869, #588, #1718, #701, #2670, #486 ) ) ;
#1096 = CARTESIAN_POINT ( 'NONE',  ( 0.0000000000000000000, 0.03999999999999998000, -0.01999999999999999000 ) ) ;
#1097 = CARTESIAN_POINT ( 'NONE',  ( 1.743486288217670500E-035, 0.03999999999999998000, -0.01999999999999999000 ) ) ;
#1098 = ORIENTED_EDGE ( 'NONE', *, *, #2636, .F. ) ;
#1099 = VERTEX_POINT ( 'NONE', #12 ) ;
#1100 = EDGE_CURVE ( 'NONE', #1672, #591, #3122, .T. ) ;
#1101 = CARTESIAN_POINT ( 'NONE',  ( -0.03891197793938069200, 0.07749999999999999900, 0.0000000000000000000 ) ) ;
#1102 = CARTESIAN_POINT ( 'NONE',  ( 0.02500000000000003300, 0.01199999999999995000, -0.06799999999999979700 ) ) ;
#1103 = EDGE_LOOP ( 'NONE', ( #1618, #1070, #2289, #867 ) ) ;
#1104 = B_SPLINE_CURVE_WITH_KNOTS ( 'NONE', 3,
 ( #1925, #2454, #1435, #3188, #1670, #40, #1937, #314, #2202, #622, #2462, #920, #2703, #1182, #2950, #1442, #3203, #1679, #51, #1942, #327, #2213 ),
 .UNSPECIFIED., .F., .F.,
 ( 4, 3, 3, 3, 3, 3, 3, 4 ),
 ( 2.936270034715918400E-005, 3.238687492161700600E-005, 6.471431531912866800E-005, 9.785704417623066200E-005, 0.0001319431721279026200, 0.0001661541923567709800, 0.0002003560722174376300, 0.0002122371853256837800 ),
 .UNSPECIFIED. ) ;
#1105 = AXIS2_PLACEMENT_3D ( 'NONE', #3369, #1368, #526 ) ;
#1106 = DIRECTION ( 'NONE',  ( -7.359984219135830100E-017, -1.000000000000000000, -6.123233995736766000E-017 ) ) ;
#1107 = CIRCLE ( 'NONE', #1575, 0.003999999999999999200 ) ;
#1108 = CARTESIAN_POINT ( 'NONE',  ( 0.02796536756886040500, 0.05847478836372020000, -0.01382437556375310800 ) ) ;
#1109 = CARTESIAN_POINT ( 'NONE',  ( -0.02767021624249293600, 0.05702175467458991300, -0.01396053865200781400 ) ) ;
#1110 = DIRECTION ( 'NONE',  ( -0.0000000000000000000, -8.130499981143647400E-016, 1.000000000000000000 ) ) ;
#1111 = ORIENTED_EDGE ( 'NONE', *, *, #1627, .T. ) ;
#1112 = CIRCLE ( 'NONE', #3083, 0.004000000000000000100 ) ;
#1113 = ORIENTED_EDGE ( 'NONE', *, *, #3169, .F. ) ;
#1114 = ORIENTED_EDGE ( 'NONE', *, *, #415, .T. ) ;
#1115 = AXIS2_PLACEMENT_3D ( 'NONE', #2622, #666, #2507 ) ;
#1116 = EDGE_CURVE ( 'NONE', #2616, #319, #3356, .T. ) ;
#1117 = DIRECTION ( 'NONE',  ( -1.000000000000000000, -0.0000000000000000000, 0.0000000000000000000 ) ) ;
#1118 = DIRECTION ( 'NONE',  ( -1.000000000000000000, 0.0000000000000000000, 0.0000000000000000000 ) ) ;
#1119 = CARTESIAN_POINT ( 'NONE',  ( 0.0000000000000000000, 0.03999999999999998000, -0.01999999999999999000 ) ) ;
#1120 = EDGE_CURVE ( 'NONE', #58, #2973, #3150, .T. ) ;
#1121 = ORIENTED_EDGE ( 'NONE', *, *, #2942, .F. ) ;
#1122 = EDGE_CURVE ( 'NONE', #1465, #2215, #3160, .T. ) ;
#1123 = CARTESIAN_POINT ( 'NONE',  ( -0.02499999999999997400, 0.05599999999999994600, -0.05199999999999978900 ) ) ;
#1124 = DIRECTION ( 'NONE',  ( 2.026496089155530700E-017, 1.043660709282909700E-033, -1.000000000000000000 ) ) ;
#1125 = CARTESIAN_POINT ( 'NONE',  ( -0.02730268532213218200, 0.05669223614070937500, -0.01412900313834663200 ) ) ;
#1126 = CARTESIAN_POINT ( 'NONE',  ( 0.02900000000000000100, -5.975917486140575200E-017, -0.02684313483298438400 ) ) ;
#1127 = ORIENTED_EDGE ( 'NONE', *, *, #2886, .F. ) ;
#1128 = EDGE_LOOP ( 'NONE', ( #519, #1720, #2015 ) ) ;
#1129 = CARTESIAN_POINT ( 'NONE',  ( 0.02499999999998953800, 0.06399999999999994600, -0.01306703615889887600 ) ) ;
#1130 = ORIENTED_EDGE ( 'NONE', *, *, #2914, .F. ) ;
#1131 = ORIENTED_EDGE ( 'NONE', *, *, #1882, .T. ) ;
#1132 = CARTESIAN_POINT ( 'NONE',  ( -0.02499999999999998100, 0.06599999999999992000, 0.01800000000000020700 ) ) ;
#1133 = EDGE_LOOP ( 'NONE', ( #1266, #1163 ) ) ;
#1134 = DIRECTION ( 'NONE',  ( 1.000000000000000000, 0.0000000000000000000, 0.0000000000000000000 ) ) ;
#1135 = CARTESIAN_POINT ( 'NONE',  ( 2.848403963705136800E-017, 0.05999999999999994900, -0.05199999999999978900 ) ) ;
#1136 = AXIS2_PLACEMENT_3D ( 'NONE', #2175, #1161, #905 ) ;
#1137 = CARTESIAN_POINT ( 'NONE',  ( -0.02687321827351725500, 0.05643283024481660800, -0.01432152549985497200 ) ) ;
#1138 = CARTESIAN_POINT ( 'NONE',  ( -0.02500000000000000100, -0.0002500000000000349200, -0.006999999999999952400 ) ) ;
#1139 = DIRECTION ( 'NONE',  ( -7.468797715707625400E-017, 6.842277657836020900E-049, 1.000000000000000000 ) ) ;
#1140 = DIRECTION ( 'NONE',  ( -1.917682592583735000E-017, -1.000000000000000000, -1.067128122525102900E-016 ) ) ;
#1141 = VERTEX_POINT ( 'NONE', #383 ) ;
#1142 = EDGE_CURVE ( 'NONE', #2043, #1508, #3085, .T. ) ;
#1143 = LINE ( 'NONE', #978, #799 ) ;
#1144 = ORIENTED_EDGE ( 'NONE', *, *, #1831, .F. ) ;
#1145 = ORIENTED_EDGE ( 'NONE', *, *, #3182, .T. ) ;
#1146 = CARTESIAN_POINT ( 'NONE',  ( -0.02593482101657669500, 0.06391502845085853000, -0.01304200066585797300 ) ) ;
#1147 = CARTESIAN_POINT ( 'NONE',  ( -0.02423324509013618700, 0.05607417691328300100, -0.01542044222483028100 ) ) ;
#1148 = FACE_OUTER_BOUND ( 'NONE', #3216, .T. ) ;
#1149 = CARTESIAN_POINT ( 'NONE',  ( -0.02642139583917823400, 0.05626106514253496200, -0.01451747182468791900 ) ) ;
#1150 = ORIENTED_EDGE ( 'NONE', *, *, #3228, .T. ) ;
#1151 = CIRCLE ( 'NONE', #1277, 0.04515625000000003700 ) ;
#1152 = CARTESIAN_POINT ( 'NONE',  ( 2.848403963705136800E-017, 0.05999999999999994900, -0.05199999999999978900 ) ) ;
#1153 = VERTEX_POINT ( 'NONE', #162 ) ;
#1154 = EDGE_CURVE ( 'NONE', #2255, #761, #3076, .T. ) ;
#1155 = AXIS2_PLACEMENT_3D ( 'NONE', #2563, #2550, #2534 ) ;
#1156 = EDGE_LOOP ( 'NONE', ( #1013, #1715, #160, #3019, #657, #2313 ) ) ;
#1157 = AXIS2_PLACEMENT_3D ( 'NONE', #2252, #1788, #692 ) ;
#1158 = EDGE_CURVE ( 'NONE', #2458, #517, #3115, .T. ) ;
#1159 = VERTEX_POINT ( 'NONE', #336 ) ;
#1160 = CARTESIAN_POINT ( 'NONE',  ( -0.02596989964200229300, 0.05608942406277947500, -0.01471327666700855300 ) ) ;
#1161 = DIRECTION ( 'NONE',  ( -1.000000000000000000, -0.0000000000000000000, 0.0000000000000000000 ) ) ;
#1162 = CARTESIAN_POINT ( 'NONE',  ( 0.02900000000000000100, 0.01324999999999996300, -0.02684313483298438400 ) ) ;
#1163 = ORIENTED_EDGE ( 'NONE', *, *, #699, .F. ) ;
#1164 = DIRECTION ( 'NONE',  ( 2.026496089155530700E-017, 1.043660709282909700E-033, -1.000000000000000000 ) ) ;
#1165 = DIRECTION ( 'NONE',  ( 7.468797715707625400E-017, -6.842277657836020900E-049, -1.000000000000000000 ) ) ;
#1166 = PRESENTATION_STYLE_ASSIGNMENT (( #3100 ) ) ;
#1167 = CARTESIAN_POINT ( 'NONE',  ( 0.02100000000000000500, 0.01248717191803766300, -0.01065060974774785300 ) ) ;
#1168 = CARTESIAN_POINT ( 'NONE',  ( -0.02499999999999997400, 0.003999999999999952400, -0.08699999999999980000 ) ) ;
#1169 = EDGE_LOOP ( 'NONE', ( #407, #1904, #837 ) ) ;
#1170 = VECTOR ( 'NONE', #2826, 39.37007874015748100 ) ;
#1171 = ORIENTED_EDGE ( 'NONE', *, *, #472, .T. ) ;
#1172 = ORIENTED_EDGE ( 'NONE', *, *, #337, .F. ) ;
#1173 = EDGE_LOOP ( 'NONE', ( #2888, #891, #2611, #2307 ) ) ;
#1174 = DIRECTION ( 'NONE',  ( 1.000000000000000000, 0.0000000000000000000, 0.0000000000000000000 ) ) ;
#1175 = LINE ( 'NONE', #1005, #805 ) ;
#1176 = ORIENTED_EDGE ( 'NONE', *, *, #1627, .F. ) ;
#1177 = ORIENTED_EDGE ( 'NONE', *, *, #188, .T. ) ;
#1178 = ORIENTED_EDGE ( 'NONE', *, *, #2451, .F. ) ;
#1179 = MECHANICAL_DESIGN_GEOMETRIC_PRESENTATION_REPRESENTATION (  '', ( #827 ), #1367 ) ;
#1180 = VECTOR ( 'NONE', #3353, 39.37007874015748100 ) ;
#1181 = DIRECTION ( 'NONE',  ( 1.917682592583736000E-017, 1.000000000000000000, 1.432278336694168300E-033 ) ) ;
#1182 = CARTESIAN_POINT ( 'NONE',  ( 0.02863271043983743300, 0.06173332549655574700, -0.01321192956576308500 ) ) ;
#1183 = ORIENTED_EDGE ( 'NONE', *, *, #950, .T. ) ;
#1184 = VERTEX_POINT ( 'NONE', #272 ) ;
#1185 = DIRECTION ( 'NONE',  ( 0.0000000000000000000, 0.0000000000000000000, 1.000000000000000000 ) ) ;
#1186 = ORIENTED_EDGE ( 'NONE', *, *, #459, .F. ) ;
#1187 = DIRECTION ( 'NONE',  ( -1.000000000000000000, 1.917682592583736000E-017, -2.026496089155530700E-017 ) ) ;
#1188 = CARTESIAN_POINT ( 'NONE',  ( -0.02499999999999997400, 0.003999999999999952400, -0.06799999999999979700 ) ) ;
#1189 = EDGE_CURVE ( 'NONE', #2182, #1672, #3111, .T. ) ;
#1190 = CARTESIAN_POINT ( 'NONE',  ( 0.004000000000000000100, -0.0002500000000000349200, -0.006999999999999952400 ) ) ;
#1191 = CARTESIAN_POINT ( 'NONE',  ( -0.01631639887516224100, 0.05089827625059696600, -0.01809539797384236700 ) ) ;
#1192 = AXIS2_PLACEMENT_3D ( 'NONE', #2795, #3302, #2849 ) ;
#1193 = VERTEX_POINT ( 'NONE', #550 ) ;
#1194 = DIRECTION ( 'NONE',  ( 0.0000000000000000000, 0.0000000000000000000, -1.000000000000000000 ) ) ;
#1195 = AXIS2_PLACEMENT_3D ( 'NONE', #3139, #2803, #2819 ) ;
#1196 = ORIENTED_EDGE ( 'NONE', *, *, #2396, .F. ) ;
#1197 = CARTESIAN_POINT ( 'NONE',  ( -0.02499999999999998100, 0.05599999999999994600, -0.01511439725815635000 ) ) ;
#1198 = CARTESIAN_POINT ( 'NONE',  ( -0.05000000000000000300, 0.07999999999999996000, 0.1000000000000000200 ) ) ;
#1199 = EDGE_CURVE ( 'NONE', #1561, #1508, #2971, .T. ) ;
#1200 = VERTEX_POINT ( 'NONE', #2936 ) ;
#1201 = CARTESIAN_POINT ( 'NONE',  ( -0.02366915565667454200, 0.05622788476662773200, -0.01562857831321071100 ) ) ;
#1202 = EDGE_CURVE ( 'NONE', #1225, #1883, #2934, .T. ) ;
#1203 = CARTESIAN_POINT ( 'NONE',  ( 0.004000000000000000100, 0.002499999999999956300, -0.02684313483298438400 ) ) ;
#1204 = EDGE_LOOP ( 'NONE', ( #2913, #2121, #2513, #181, #2758, #248, #2456, #1252 ) ) ;
#1205 = ORIENTED_EDGE ( 'NONE', *, *, #2764, .T. ) ;
#1206 = CARTESIAN_POINT ( 'NONE',  ( 0.02301700562558885500, 0.06347386431960910800, -0.01341919047664369800 ) ) ;
#1207 = CARTESIAN_POINT ( 'NONE',  ( -0.01693587529293928000, 0.02863536560037311500, -0.01841768394404372200 ) ) ;
#1208 = EDGE_LOOP ( 'NONE', ( #3297, #1905, #462, #521 ) ) ;
#1209 = VERTEX_POINT ( 'NONE', #77 ) ;
#1210 = ADVANCED_FACE ( 'NONE', ( #2924 ), #2951, .T. ) ;
#1211 = ORIENTED_EDGE ( 'NONE', *, *, #1240, .T. ) ;
#1212 = AXIS2_PLACEMENT_3D ( 'NONE', #980, #1006, #1174 ) ;
#1213 = EDGE_CURVE ( 'NONE', #1458, #1918, #3041, .T. ) ;
#1214 = CARTESIAN_POINT ( 'NONE',  ( 0.0000000000000000000, 0.2402230518298162400, 0.04640625000000003100 ) ) ;
#1215 = CARTESIAN_POINT ( 'NONE',  ( -0.02499999999999997400, 0.06399999999999994600, -0.05199999999999978900 ) ) ;
#1216 = LINE ( 'NONE', #3116, #1170 ) ;
#1217 = ORIENTED_EDGE ( 'NONE', *, *, #894, .T. ) ;
#1218 = CARTESIAN_POINT ( 'NONE',  ( 0.02100000000000000500, -5.975917486140575200E-017, -0.02684313483298438400 ) ) ;
#1219 = CARTESIAN_POINT ( 'NONE',  ( 0.02500000000000000100, 0.01999999999999996600, 0.1699999999999999800 ) ) ;
#1220 = CIRCLE ( 'NONE', #3249, 0.003999999999999999200 ) ;
#1221 = AXIS2_PLACEMENT_3D ( 'NONE', #1152, #1139, #1601 ) ;
#1222 = CARTESIAN_POINT ( 'NONE',  ( -0.02499999999999999100, 0.05999999999999994900, 0.1600000000000002000 ) ) ;
#1223 = VECTOR ( 'NONE', #1590, 39.37007874015748100 ) ;
#1224 = ORIENTED_EDGE ( 'NONE', *, *, #774, .T. ) ;
#1225 = VERTEX_POINT ( 'NONE', #2538 ) ;
#1226 = EDGE_LOOP ( 'NONE', ( #1665, #1349, #2322, #1279 ) ) ;
#1227 = AXIS2_PLACEMENT_3D ( 'NONE', #106, #300, #532 ) ;
#1228 = ADVANCED_FACE ( 'NONE', ( #2896 ), #747, .F. ) ;
#1229 = CARTESIAN_POINT ( 'NONE',  ( -0.02516332210823098200, 0.06400000000000105600, -0.01305799106096265300 ) ) ;
#1230 = CARTESIAN_POINT ( 'NONE',  ( 0.004214768055836915600, 0.03717362962575577300, -0.01999999999999998700 ) ) ;
#1231 = VERTEX_POINT ( 'NONE', #2928 ) ;
#1232 = ORIENTED_EDGE ( 'NONE', *, *, #2474, .F. ) ;
#1233 = ORIENTED_EDGE ( 'NONE', *, *, #858, .T. ) ;
#1234 = CARTESIAN_POINT ( 'NONE',  ( -0.05000000000000000300, 0.03799999999999999200, 0.1699999999999999800 ) ) ;
#1235 = CARTESIAN_POINT ( 'NONE',  ( -0.04320352259810279100, 0.07697443573915038800, -6.113896154991317600E-034 ) ) ;
#1236 = CARTESIAN_POINT ( 'NONE',  ( 0.004000000000000000100, 0.01324999999999996300, -0.02684313483298438400 ) ) ;
#1237 = AXIS2_PLACEMENT_3D ( 'NONE', #1793, #1780, #2775 ) ;
#1238 = CARTESIAN_POINT ( 'NONE',  ( 0.02500000000000001500, 0.05999999999999994900, 0.1600000000000002000 ) ) ;
#1239 = CARTESIAN_POINT ( 'NONE',  ( -0.02548285419108201700, 0.05599999999999994600, -0.01491818094192682600 ) ) ;
#1240 = EDGE_CURVE ( 'NONE', #261, #1570, #2191, .T. ) ;
#1241 = ADVANCED_FACE ( 'NONE', ( #2957 ), #2853, .T. ) ;
#1242 = EDGE_LOOP ( 'NONE', ( #2306, #1433 ) ) ;
#1243 = CYLINDRICAL_SURFACE ( 'NONE', #937, 0.06640625000000002800 ) ;
#1244 = EDGE_LOOP ( 'NONE', ( #2226, #2389, #1852 ) ) ;
#1245 = DIRECTION ( 'NONE',  ( 0.0000000000000000000, 0.0000000000000000000, -1.000000000000000000 ) ) ;
#1246 = CARTESIAN_POINT ( 'NONE',  ( -0.04104384256913234900, 0.07749999999999997200, 7.162171118893441600E-018 ) ) ;
#1247 = CARTESIAN_POINT ( 'NONE',  ( 0.03891197793938066400, 0.07749999999999999900, 0.0000000000000000000 ) ) ;
#1248 = ORIENTED_EDGE ( 'NONE', *, *, #916, .T. ) ;
#1249 = CARTESIAN_POINT ( 'NONE',  ( 0.05000000000000000300, 0.0000000000000000000, 0.1699999999999999600 ) ) ;
#1250 = ORIENTED_EDGE ( 'NONE', *, *, #1642, .T. ) ;
#1251 = CIRCLE ( 'NONE', #144, 0.003999999999999999200 ) ;
#1252 = ORIENTED_EDGE ( 'NONE', *, *, #316, .F. ) ;
#1253 = CARTESIAN_POINT ( 'NONE',  ( 0.0000000000000000000, 0.03999999999999998000, -0.01999999999999999000 ) ) ;
#1254 = ORIENTED_EDGE ( 'NONE', *, *, #1335, .F. ) ;
#1255 = CIRCLE ( 'NONE', #1115, 0.005999999999999983600 ) ;
#1256 = LINE ( 'NONE', #1370, #1223 ) ;
#1257 = AXIS2_PLACEMENT_3D ( 'NONE', #1936, #1907, #1896 ) ;
#1258 = AXIS2_PLACEMENT_3D ( 'NONE', #1969, #2041, #1884 ) ;
#1259 = FACE_OUTER_BOUND ( 'NONE', #2655, .T. ) ;
#1260 = DIRECTION ( 'NONE',  ( -7.468797715707625400E-017, 6.842277657836020900E-049, 1.000000000000000000 ) ) ;
#1261 = ADVANCED_FACE ( 'NONE', ( #1392, #2855 ), #2492, .T. ) ;
#1262 = ORIENTED_EDGE ( 'NONE', *, *, #2157, .T. ) ;
#1263 = ORIENTED_EDGE ( 'NONE', *, *, #2418, .T. ) ;
#1264 = EDGE_CURVE ( 'NONE', #2616, #1811, #3012, .T. ) ;
#1265 = DIRECTION ( 'NONE',  ( -1.000000000000000000, 0.0000000000000000000, 0.0000000000000000000 ) ) ;
#1266 = ORIENTED_EDGE ( 'NONE', *, *, #1707, .F. ) ;
#1267 = ORIENTED_EDGE ( 'NONE', *, *, #310, .T. ) ;
#1268 = ADVANCED_FACE ( 'NONE', ( #2850 ), #2838, .F. ) ;
#1269 = CARTESIAN_POINT ( 'NONE',  ( 0.02500000000000003300, -4.802076551362962800E-017, -0.06799999999999979700 ) ) ;
#1270 = CARTESIAN_POINT ( 'NONE',  ( -0.02900000000000000100, 0.01128175743142269400, -0.009691267240613504800 ) ) ;
#1271 = DIRECTION ( 'NONE',  ( 0.0000000000000000000, -1.000000000000000000, 0.0000000000000000000 ) ) ;
#1272 = ORIENTED_EDGE ( 'NONE', *, *, #2721, .T. ) ;
#1273 = PLANE ( 'NONE',  #2465 ) ;
#1274 = ORIENTED_EDGE ( 'NONE', *, *, #3325, .T. ) ;
#1275 = CARTESIAN_POINT ( 'NONE',  ( -0.02900000000000000100, 0.002499999999999956300, -0.02684313483298438400 ) ) ;
#1276 = CARTESIAN_POINT ( 'NONE',  ( -0.02375417876135154200, 0.06372990352608275100, -0.01326221681877484900 ) ) ;
#1277 = AXIS2_PLACEMENT_3D ( 'NONE', #954, #1452, #1445 ) ;
#1278 = ADVANCED_FACE ( 'NONE', ( #2505, #705 ), #21, .T. ) ;
#1279 = ORIENTED_EDGE ( 'NONE', *, *, #2693, .F. ) ;
#1280 = EDGE_CURVE ( 'NONE', #3001, #1918, #2806, .T. ) ;
#1281 = CARTESIAN_POINT ( 'NONE',  ( -0.02105514360922806200, 0.06080820844371293000, -0.01492310520619037100 ) ) ;
#1282 = ORIENTED_EDGE ( 'NONE', *, *, #2767, .T. ) ;
#1283 = DIRECTION ( 'NONE',  ( -1.000000000000000000, 1.917682592583736000E-017, -2.026496089155530700E-017 ) ) ;
#1284 = ADVANCED_FACE ( 'NONE', ( #2800 ), #2724, .T. ) ;
#1285 = DIRECTION ( 'NONE',  ( -1.000000000000000000, 0.0000000000000000000, 0.0000000000000000000 ) ) ;
#1286 = AXIS2_PLACEMENT_3D ( 'NONE', #1637, #1607, #2235 ) ;
#1287 = DIRECTION ( 'NONE',  ( 0.0000000000000000000, 1.000000000000000000, 8.986342084421920000E-016 ) ) ;
#1288 = EDGE_LOOP ( 'NONE', ( #1454, #2686, #1991, #2135 ) ) ;
#1289 = CARTESIAN_POINT ( 'NONE',  ( -0.02100000000000000500, -5.975917486140575200E-017, -0.02684313483298438400 ) ) ;
#1290 = EDGE_CURVE ( 'NONE', #1863, #785, #2751, .T. ) ;
#1291 = LINE ( 'NONE', #3269, #1180 ) ;
#1292 = EDGE_LOOP ( 'NONE', ( #2061, #19, #2625, #1540 ) ) ;
#1293 = ORIENTED_EDGE ( 'NONE', *, *, #2663, .T. ) ;
#1294 = ORIENTED_EDGE ( 'NONE', *, *, #1642, .F. ) ;
#1295 = FACE_OUTER_BOUND ( 'NONE', #2706, .T. ) ;
#1296 = EDGE_LOOP ( 'NONE', ( #1267, #1403, #1893, #3179 ) ) ;
#1297 = ORIENTED_EDGE ( 'NONE', *, *, #2399, .T. ) ;
#1298 = DIRECTION ( 'NONE',  ( -1.917682592583737200E-017, -1.000000000000000000, 0.0000000000000000000 ) ) ;
#1299 = CARTESIAN_POINT ( 'NONE',  ( -0.02499999999999999100, 0.06899999999999997800, 0.1000000000000000100 ) ) ;
#1300 = ADVANCED_FACE ( 'NONE', ( #2759 ), #2692, .T. ) ;
#1301 = VECTOR ( 'NONE', #481, 39.37007874015748100 ) ;
#1302 = CARTESIAN_POINT ( 'NONE',  ( 1.265018847975120500E-017, 0.05999999999999994900, 0.1600000000000002000 ) ) ;
#1303 = DIRECTION ( 'NONE',  ( 0.0000000000000000000, -4.202588515167456800E-016, -1.000000000000000000 ) ) ;
#1304 = DIRECTION ( 'NONE',  ( 0.0000000000000000000, 0.0000000000000000000, -1.000000000000000000 ) ) ;
#1305 = VERTEX_POINT ( 'NONE', #3045 ) ;
#1306 = CARTESIAN_POINT ( 'NONE',  ( 2.939138810641327000E-017, 0.007999999999999951600, -0.06799999999999979700 ) ) ;
#1307 = VERTEX_POINT ( 'NONE', #832 ) ;
#1308 = DIRECTION ( 'NONE',  ( 0.0000000000000000000, -1.000000000000000000, 0.0000000000000000000 ) ) ;
#1309 = DIRECTION ( 'NONE',  ( -1.000000000000000000, 0.0000000000000000000, 0.0000000000000000000 ) ) ;
#1310 = VERTEX_POINT ( 'NONE', #1339 ) ;
#1311 = CIRCLE ( 'NONE', #1951, 0.003999999999999999200 ) ;
#1312 = CARTESIAN_POINT ( 'NONE',  ( 0.02899999999956479400, 0.01128175743142169000, -0.009691267240612675600 ) ) ;
#1313 = EDGE_LOOP ( 'NONE', ( #147, #480, #3327, #30 ) ) ;
#1314 = ORIENTED_EDGE ( 'NONE', *, *, #229, .T. ) ;
#1315 = AXIS2_PLACEMENT_3D ( 'NONE', #304, #2192, #598 ) ;
#1316 = AXIS2_PLACEMENT_3D ( 'NONE', #1864, #1656, #1874 ) ;
#1317 = AXIS2_PLACEMENT_3D ( 'NONE', #3271, #2036, #3324 ) ;
#1318 = ORIENTED_EDGE ( 'NONE', *, *, #1202, .T. ) ;
#1319 = CARTESIAN_POINT ( 'NONE',  ( -0.02499999999999997400, 0.05199999999999994900, -0.05599999999999978600 ) ) ;
#1320 = ORIENTED_EDGE ( 'NONE', *, *, #973, .F. ) ;
#1321 = ORIENTED_EDGE ( 'NONE', *, *, #2498, .T. ) ;
#1322 = PLANE ( 'NONE',  #2903 ) ;
#1323 = DIRECTION ( 'NONE',  ( 0.0000000000000000000, 0.0000000000000000000, 1.000000000000000000 ) ) ;
#1324 = DIRECTION ( 'NONE',  ( -1.917682592583743700E-017, -1.000000000000000000, 0.0000000000000000000 ) ) ;
#1325 = EDGE_CURVE ( 'NONE', #2595, #289, #2848, .T. ) ;
#1326 = CARTESIAN_POINT ( 'NONE',  ( 0.05000000000000000300, 0.03799999999999999200, 0.09999999999999999200 ) ) ;
#1327 = CARTESIAN_POINT ( 'NONE',  ( -0.004000000000000001000, 0.01033304550424315300, -0.008887232856623138900 ) ) ;
#1328 = EDGE_LOOP ( 'NONE', ( #2099, #1080, #2542, #2265, #2204, #2170, #1320, #685, #1959 ) ) ;
#1329 = DIRECTION ( 'NONE',  ( 2.026496089155530700E-017, 1.043660709282909700E-033, -1.000000000000000000 ) ) ;
#1330 = ADVANCED_FACE ( 'NONE', ( #2656 ), #3259, .T. ) ;
#1331 = EDGE_CURVE ( 'NONE', #2970, #1844, #1475, .T. ) ;
#1332 = DIRECTION ( 'NONE',  ( -5.490490008879129400E-017, -0.8571673007021091100, 0.5150380749100594800 ) ) ;
#1333 = VECTOR ( 'NONE', #2606, 39.37007874015748100 ) ;
#1334 = DIRECTION ( 'NONE',  ( -1.000000000000000000, 0.0000000000000000000, 0.0000000000000000000 ) ) ;
#1335 = EDGE_CURVE ( 'NONE', #3103, #1619, #2720, .T. ) ;
#1336 = ORIENTED_EDGE ( 'NONE', *, *, #3089, .T. ) ;
#1337 = B_SPLINE_CURVE_WITH_KNOTS ( 'NONE', 3,
 ( #869, #1281, #2032, #2314, #2568, #3047, #2168, #2916, #644, #1468, #1704, #2488, #2716, #2980, #951, #1201, #10, #59, #1147 ),
 .UNSPECIFIED., .F., .F.,
 ( 4, 3, 3, 3, 3, 3, 4 ),
 ( 9.346583649809408300E-017, 3.961692351119269800E-005, 7.296449827019291600E-005, 0.0001066456305506581500, 0.0001354987561642876100, 0.0001635857858032125700, 0.0001791490220081107800 ),
 .UNSPECIFIED. ) ;
#1338 = ORIENTED_EDGE ( 'NONE', *, *, #295, .T. ) ;
#1339 = CARTESIAN_POINT ( 'NONE',  ( 0.05000000000000000300, 0.0000000000000000000, 0.0000000000000000000 ) ) ;
#1340 = AXIS2_PLACEMENT_3D ( 'NONE', #2737, #466, #370 ) ;
#1341 = DIRECTION ( 'NONE',  ( -1.917682592583736000E-017, -1.000000000000000000, -1.432278336694168300E-033 ) ) ;
#1342 = CARTESIAN_POINT ( 'NONE',  ( 0.02500000000000003300, 0.05999999999999994900, -0.05199999999999978900 ) ) ;
#1343 = EDGE_CURVE ( 'NONE', #2377, #1469, #2684, .T. ) ;
#1344 = CARTESIAN_POINT ( 'NONE',  ( -0.02499999999999998100, 0.05399999999999998600, 0.01800000000000020700 ) ) ;
#1345 = CARTESIAN_POINT ( 'NONE',  ( 2.892812884690128300E-017, 0.05199999999999994900, -0.05999999999999979000 ) ) ;
#1346 = CARTESIAN_POINT ( 'NONE',  ( 1.880288389294705700E-017, 0.06599999999999993400, 0.1600000000000002000 ) ) ;
#1347 = VERTEX_POINT ( 'NONE', #2104 ) ;
#1348 = ORIENTED_EDGE ( 'NONE', *, *, #2455, .F. ) ;
#1349 = ORIENTED_EDGE ( 'NONE', *, *, #881, .F. ) ;
#1350 = ORIENTED_EDGE ( 'NONE', *, *, #306, .T. ) ;
#1351 = SURFACE_SIDE_STYLE ('',( #387 ) ) ;
#1352 = CARTESIAN_POINT ( 'NONE',  ( -0.02898045911111908300, 0.06039489905635348600, -0.01327883171816897900 ) ) ;
#1353 = VERTEX_POINT ( 'NONE', #1614 ) ;
#1354 = ORIENTED_EDGE ( 'NONE', *, *, #3064, .F. ) ;
#1355 = ORIENTED_EDGE ( 'NONE', *, *, #2329, .T. ) ;
#1356 = DIRECTION ( 'NONE',  ( -0.0000000000000000000, -1.000000000000000000, -8.130499981143646400E-016 ) ) ;
#1357 = LINE ( 'NONE', #179, #1301 ) ;
#1358 = AXIS2_PLACEMENT_3D ( 'NONE', #1063, #2714, #1045 ) ;
#1359 = ORIENTED_EDGE ( 'NONE', *, *, #2624, .T. ) ;
#1360 = B_SPLINE_CURVE_WITH_KNOTS ( 'NONE', 3,
 ( #2106, #476, #1766, #1352, #2217, #2069, #1082, #681, #2502, #263, #1431, #2270, #2245, #1892, #1146, #2892, #3123, #1229, #2947 ),
 .UNSPECIFIED., .F., .F.,
 ( 4, 3, 3, 3, 3, 3, 4 ),
 ( 0.0000000000000000000, 3.401662809386632700E-005, 6.801575939798331700E-005, 0.0001021917022381491300, 0.0001363822630144576200, 0.0001705894041210523100, 0.0001829854829930995200 ),
 .UNSPECIFIED. ) ;
#1361 = ORIENTED_EDGE ( 'NONE', *, *, #1698, .T. ) ;
#1362 = CIRCLE ( 'NONE', #2328, 0.004000000000000003600 ) ;
#1363 = DIRECTION ( 'NONE',  ( 0.0000000000000000000, -4.202588515167456800E-016, -1.000000000000000000 ) ) ;
#1364 = EDGE_LOOP ( 'NONE', ( #2841, #2180, #1985, #2259 ) ) ;
#1365 = CARTESIAN_POINT ( 'NONE',  ( 0.02613111123079945100, 0.06144094685844959900, -0.01467602955587528700 ) ) ;
#1366 = DIRECTION ( 'NONE',  ( -1.000000000000000000, 1.917682592583736000E-017, -7.468797715707625400E-017 ) ) ;
#1367 =( GEOMETRIC_REPRESENTATION_CONTEXT ( 3 ) GLOBAL_UNCERTAINTY_ASSIGNED_CONTEXT ( ( #1001 ) ) GLOBAL_UNIT_ASSIGNED_CONTEXT ( ( #3357, #1845, #219 ) ) REPRESENTATION_CONTEXT ( 'NONE', 'WORKASPACE' ) );
#1368 = DIRECTION ( 'NONE',  ( -1.000000000000000000, 1.917682592583736000E-017, -7.468797715707625400E-017 ) ) ;
#1369 = EDGE_CURVE ( 'NONE', #3103, #1159, #2715, .T. ) ;
#1370 = CARTESIAN_POINT ( 'NONE',  ( 0.02900000000000000100, 0.002499999999999956300, -0.02684313483298438400 ) ) ;
#1371 = CARTESIAN_POINT ( 'NONE',  ( 0.02499999999999999100, 0.05999999999999994900, 0.01439483628583483800 ) ) ;
#1372 = VERTEX_POINT ( 'NONE', #604 ) ;
#1373 = CARTESIAN_POINT ( 'NONE',  ( 1.480937764815480400E-035, 0.03999999999999998000, -0.01999999999999999000 ) ) ;
#1374 = EDGE_CURVE ( 'NONE', #2548, #1087, #2585, .T. ) ;
#1375 = PRODUCT ( 'A79608-001', 'A79608-001', '', ( #821 ) ) ;
#1376 = CARTESIAN_POINT ( 'NONE',  ( 0.02783305557352856400, 0.05714450268021060300, -0.01388635789205376600 ) ) ;
#1377 = VERTEX_POINT ( 'NONE', #1203 ) ;
#1378 = ORIENTED_EDGE ( 'NONE', *, *, #3020, .T. ) ;
#1379 = DIRECTION ( 'NONE',  ( 2.026496089155530700E-017, 1.043660709282909700E-033, -1.000000000000000000 ) ) ;
#1380 = AXIS2_PLACEMENT_3D ( 'NONE', #1895, #1880, #1872 ) ;
#1381 = EDGE_CURVE ( 'NONE', #151, #2748, #2533, .T. ) ;
#1382 = ORIENTED_EDGE ( 'NONE', *, *, #2680, .F. ) ;
#1383 = DIRECTION ( 'NONE',  ( -1.000000000000000000, 0.0000000000000000000, 0.0000000000000000000 ) ) ;
#1384 = DIRECTION ( 'NONE',  ( 0.0000000000000000000, -4.202588515167456800E-016, -1.000000000000000000 ) ) ;
#1385 = ORIENTED_EDGE ( 'NONE', *, *, #3215, .T. ) ;
#1386 = FACE_BOUND ( 'NONE', #1929, .T. ) ;
#1387 = ORIENTED_EDGE ( 'NONE', *, *, #1568, .F. ) ;
#1388 = ORIENTED_EDGE ( 'NONE', *, *, #2329, .F. ) ;
#1389 = ORIENTED_EDGE ( 'NONE', *, *, #1199, .F. ) ;
#1390 = CYLINDRICAL_SURFACE ( 'NONE', #3371, 0.004000000000000003600 ) ;
#1391 = CARTESIAN_POINT ( 'NONE',  ( 2.860514501971769900E-017, 0.003999999999999952400, -0.06799999999999979700 ) ) ;
#1392 = FACE_BOUND ( 'NONE', #619, .T. ) ;
#1393 = CARTESIAN_POINT ( 'NONE',  ( 0.02500000000000002200, 0.06599999999999992000, 0.01800000000000020700 ) ) ;
#1394 = CARTESIAN_POINT ( 'NONE',  ( -0.02499999999999997400, 0.05199999999999994900, -0.05199999999999978900 ) ) ;
#1395 = ORIENTED_EDGE ( 'NONE', *, *, #938, .F. ) ;
#1396 = B_SPLINE_CURVE_WITH_KNOTS ( 'NONE', 3,
 ( #2952, #399, #1579, #3250, #3307, #3322, #3021, #2771, #940, #2785, #464, #1483, #1472 ),
 .UNSPECIFIED., .F., .F.,
 ( 4, 3, 3, 3, 4 ),
 ( 0.0002024179583133731700, 0.0002118951514640538400, 0.0002548499030064668800, 0.0002958472798755137300, 0.0003076389788850707100 ),
 .UNSPECIFIED. ) ;
#1397 = EDGE_CURVE ( 'NONE', #2548, #1469, #2459, .T. ) ;
#1398 = AXIS2_PLACEMENT_3D ( 'NONE', #2661, #2812, #2583 ) ;
#1399 = ORIENTED_EDGE ( 'NONE', *, *, #3212, .F. ) ;
#1400 = TOROIDAL_SURFACE ( 'NONE', #1784, 0.007999999999999996700, 0.004000000000000000100 ) ;
#1401 = VERTEX_POINT ( 'NONE', #1129 ) ;
#1402 = EDGE_LOOP ( 'NONE', ( #293, #1542 ) ) ;
#1403 = ORIENTED_EDGE ( 'NONE', *, *, #1744, .T. ) ;
#1404 = EDGE_CURVE ( 'NONE', #614, #280, #1337, .T. ) ;
#1405 = CARTESIAN_POINT ( 'NONE',  ( 0.03557468376664273800, 0.06331484721465124900, -0.01015670828228085700 ) ) ;
#1406 = CARTESIAN_POINT ( 'NONE',  ( 0.05000000000000000300, 0.0000000000000000000, 0.0000000000000000000 ) ) ;
#1407 = CARTESIAN_POINT ( 'NONE',  ( 0.02500000000000001500, 0.06899999999999997800, 0.1000000000000000100 ) ) ;
#1408 = DIRECTION ( 'NONE',  ( -7.468797715707625400E-017, 6.842277657836020900E-049, 1.000000000000000000 ) ) ;
#1409 = AXIS2_PLACEMENT_3D ( 'NONE', #2102, #1897, #2122 ) ;
#1410 = DIRECTION ( 'NONE',  ( -1.000000000000000000, 0.0000000000000000000, 0.0000000000000000000 ) ) ;
#1411 = CARTESIAN_POINT ( 'NONE',  ( 0.02356524875828038700, 0.06374673069972933100, -0.01325195878499369100 ) ) ;
#1412 = DIRECTION ( 'NONE',  ( -7.468797715707625400E-017, 6.842277657836020900E-049, 1.000000000000000000 ) ) ;
#1413 = ADVANCED_BREP_SHAPE_REPRESENTATION ( 'A79608-001', ( #257, #1866 ), #409 ) ;
#1414 = VERTEX_POINT ( 'NONE', #434 ) ;
#1415 = EDGE_LOOP ( 'NONE', ( #1012, #1177, #889, #2793, #76 ) ) ;
#1416 = VERTEX_POINT ( 'NONE', #1306 ) ;
#1417 = ORIENTED_EDGE ( 'NONE', *, *, #1647, .F. ) ;
#1418 = DIRECTION ( 'NONE',  ( -7.468797715707625400E-017, 6.842277657836020900E-049, 1.000000000000000000 ) ) ;
#1419 = ORIENTED_EDGE ( 'NONE', *, *, #531, .T. ) ;
#1420 = AXIS2_PLACEMENT_3D ( 'NONE', #1755, #131, #2017 ) ;
#1421 = FACE_BOUND ( 'NONE', #599, .T. ) ;
#1422 = AXIS2_PLACEMENT_3D ( 'NONE', #2369, #2394, #2378 ) ;
#1423 = CARTESIAN_POINT ( 'NONE',  ( 2.410573027109946400E-017, 0.06599999999999992000, 0.01800000000000020700 ) ) ;
#1424 = DIRECTION ( 'NONE',  ( 0.0000000000000000000, 0.0000000000000000000, -1.000000000000000000 ) ) ;
#1425 = VERTEX_POINT ( 'NONE', #1218 ) ;
#1426 = EDGE_CURVE ( 'NONE', #1184, #1828, #2582, .T. ) ;
#1427 = ORIENTED_EDGE ( 'NONE', *, *, #90, .F. ) ;
#1428 = ORIENTED_EDGE ( 'NONE', *, *, #531, .F. ) ;
#1429 = CARTESIAN_POINT ( 'NONE',  ( -0.04187405621868313400, 0.06714534595532591100, -0.005758541782896716900 ) ) ;
#1430 = ORIENTED_EDGE ( 'NONE', *, *, #1374, .F. ) ;
#1431 = CARTESIAN_POINT ( 'NONE',  ( -0.02755253566829706700, 0.06311212318856515600, -0.01312106049514556200 ) ) ;
#1432 = DIRECTION ( 'NONE',  ( -1.000000000000000000, 0.0000000000000000000, 0.0000000000000000000 ) ) ;
#1433 = ORIENTED_EDGE ( 'NONE', *, *, #2088, .F. ) ;
#1434 = CYLINDRICAL_SURFACE ( 'NONE', #3206, 0.005999999999999975000 ) ;
#1435 = CARTESIAN_POINT ( 'NONE',  ( 0.02508022450664014500, 0.06399939670501654500, -0.01306280333596013300 ) ) ;
#1436 = ORIENTED_EDGE ( 'NONE', *, *, #1789, .T. ) ;
#1437 = AXIS2_PLACEMENT_3D ( 'NONE', #2541, #1556, #1509 ) ;
#1438 = DIRECTION ( 'NONE',  ( -7.468797715707625400E-017, 6.842277657836020900E-049, 1.000000000000000000 ) ) ;
#1439 = CARTESIAN_POINT ( 'NONE',  ( 0.04104173619502911300, 0.07749999999999999900, 0.0000000000000000000 ) ) ;
#1440 = CARTESIAN_POINT ( 'NONE',  ( -0.02499999999999999100, 0.05399999999999996500, 0.1600000000000002000 ) ) ;
#1441 = CARTESIAN_POINT ( 'NONE',  ( 0.004000000000000000100, -6.402768735150616600E-017, -0.03699999999999997700 ) ) ;
#1442 = CARTESIAN_POINT ( 'NONE',  ( 0.02890452020274185100, 0.06086874736625839200, -0.01325357156946931600 ) ) ;
#1443 = EDGE_CURVE ( 'NONE', #1619, #2255, #2539, .T. ) ;
#1444 = EDGE_LOOP ( 'NONE', ( #1490, #554, #1056, #2554 ) ) ;
#1445 = DIRECTION ( 'NONE',  ( 0.0000000000000000000, 0.0000000000000000000, -1.000000000000000000 ) ) ;
#1446 = CARTESIAN_POINT ( 'NONE',  ( -0.02499999999999997400, 0.05199999999999994900, -0.05999999999999979000 ) ) ;
#1447 = CARTESIAN_POINT ( 'NONE',  ( 2.694532662186907900E-017, 0.05599999999999994600, -0.05199999999999978900 ) ) ;
#1448 = DIRECTION ( 'NONE',  ( 0.0000000000000000000, -4.202588515167456800E-016, -1.000000000000000000 ) ) ;
#1449 = DIRECTION ( 'NONE',  ( -1.000000000000000000, 0.0000000000000000000, 0.0000000000000000000 ) ) ;
#1450 = ORIENTED_EDGE ( 'NONE', *, *, #428, .F. ) ;
#1451 = ORIENTED_EDGE ( 'NONE', *, *, #975, .F. ) ;
#1452 = DIRECTION ( 'NONE',  ( -1.000000000000000000, 0.0000000000000000000, -0.0000000000000000000 ) ) ;
#1453 = ORIENTED_EDGE ( 'NONE', *, *, #2455, .T. ) ;
#1454 = ORIENTED_EDGE ( 'NONE', *, *, #1, .T. ) ;
#1455 = DIRECTION ( 'NONE',  ( 1.000000000000000000, 0.0000000000000000000, 0.0000000000000000000 ) ) ;
#1456 = VERTEX_POINT ( 'NONE', #1447 ) ;
#1457 = CARTESIAN_POINT ( 'NONE',  ( 0.02100000000000000500, -0.0002500000000000349200, -0.006999999999999952400 ) ) ;
#1458 = VERTEX_POINT ( 'NONE', #1327 ) ;
#1459 = CARTESIAN_POINT ( 'NONE',  ( 0.02810108416317724800, 0.05747348520429986000, -0.01376117563810195700 ) ) ;
#1460 = EDGE_CURVE ( 'NONE', #1087, #1863, #2431, .T. ) ;
#1461 = CARTESIAN_POINT ( 'NONE',  ( 0.02900000000000000100, 0.002499999999999956300, -0.02684313483298438400 ) ) ;
#1462 = ORIENTED_EDGE ( 'NONE', *, *, #1325, .F. ) ;
#1463 = DIRECTION ( 'NONE',  ( -0.0000000000000000000, -8.130499981143647400E-016, 1.000000000000000000 ) ) ;
#1464 = DIRECTION ( 'NONE',  ( 1.000000000000000000, 0.0000000000000000000, 0.0000000000000000000 ) ) ;
#1465 = VERTEX_POINT ( 'NONE', #1047 ) ;
#1466 = EDGE_CURVE ( 'NONE', #3211, #1649, #2392, .T. ) ;
#1467 = FACE_OUTER_BOUND ( 'NONE', #679, .T. ) ;
#1468 = CARTESIAN_POINT ( 'NONE',  ( -0.02188102456456941400, 0.05749560541583778600, -0.01598088941796304800 ) ) ;
#1469 = VERTEX_POINT ( 'NONE', #2186 ) ;
#1470 = DIRECTION ( 'NONE',  ( -7.468797715707625400E-017, 6.842277657836020900E-049, 1.000000000000000000 ) ) ;
#1471 = ORIENTED_EDGE ( 'NONE', *, *, #1331, .T. ) ;
#1472 = CARTESIAN_POINT ( 'NONE',  ( -0.02386308434877138600, 0.06383502578936955900, -0.01319708700843989100 ) ) ;
#1473 = VERTEX_POINT ( 'NONE', #3185 ) ;
#1474 = DIRECTION ( 'NONE',  ( 0.0000000000000000000, -1.665334536937734800E-015, 1.000000000000000000 ) ) ;
#1475 = B_SPLINE_CURVE_WITH_KNOTS ( 'NONE', 3,
 ( #308, #1429, #1930, #1664 ),
 .UNSPECIFIED., .F., .F.,
 ( 4, 4 ),
 ( 0.0000000000000000000, 0.0006468932590916128000 ),
 .UNSPECIFIED. ) ;
#1476 = CARTESIAN_POINT ( 'NONE',  ( 1.265018847975120500E-017, 0.05999999999999994900, 0.1600000000000002000 ) ) ;
#1477 = ADVANCED_FACE ( 'NONE', ( #2386 ), #1966, .T. ) ;
#1478 = VERTEX_POINT ( 'NONE', #1479 ) ;
#1479 = CARTESIAN_POINT ( 'NONE',  ( 0.02500000000000001500, 0.05099999999999991300, 0.1000000000000000100 ) ) ;
#1480 = CARTESIAN_POINT ( 'NONE',  ( 0.04321796523291932700, 0.07696360420591968900, -0.0000000000000000000 ) ) ;
#1481 = CARTESIAN_POINT ( 'NONE',  ( -0.02499999999999998100, 0.06599999999999992000, 0.01800000000000020700 ) ) ;
#1482 = CARTESIAN_POINT ( 'NONE',  ( -0.03155183111367920000, 0.01416763311910808300, -0.01270644359822807400 ) ) ;
#1483 = CARTESIAN_POINT ( 'NONE',  ( -0.02371619363416379800, 0.06379147918416314100, -0.01322414943739929800 ) ) ;
#1484 = DIRECTION ( 'NONE',  ( 1.000000000000000000, 0.0000000000000000000, 0.0000000000000000000 ) ) ;
#1485 = AXIS2_PLACEMENT_3D ( 'NONE', #2906, #545, #3148 ) ;
#1486 = PLANE ( 'NONE',  #1157 ) ;
#1487 = AXIS2_PLACEMENT_3D ( 'NONE', #1394, #1366, #1181 ) ;
#1488 = AXIS2_PLACEMENT_3D ( 'NONE', #255, #814, #834 ) ;
#1489 = DIRECTION ( 'NONE',  ( 8.294331525483866100E-017, 0.8571673007021091100, 0.5150380749100594800 ) ) ;
#1490 = ORIENTED_EDGE ( 'NONE', *, *, #736, .T. ) ;
#1491 = EDGE_CURVE ( 'NONE', #1141, #3034, #2309, .T. ) ;
#1492 = ADVANCED_FACE ( 'NONE', ( #2353 ), #2267, .T. ) ;
#1493 = EDGE_CURVE ( 'NONE', #1938, #230, #2434, .T. ) ;
#1494 = CARTESIAN_POINT ( 'NONE',  ( 0.02500000000000000100, 0.01999999999999996600, 0.1699999999999999800 ) ) ;
#1495 = DIRECTION ( 'NONE',  ( 0.0000000000000000000, 0.0000000000000000000, -1.000000000000000000 ) ) ;
#1496 = CARTESIAN_POINT ( 'NONE',  ( -0.02499999999999999100, 0.06899999999999999200, 0.1600000000000002000 ) ) ;
#1497 = DIRECTION ( 'NONE',  ( 2.026496089155530700E-017, 1.043660709282909700E-033, -1.000000000000000000 ) ) ;
#1498 = CARTESIAN_POINT ( 'NONE',  ( 0.04187405621894159400, 0.06714534595546155200, -0.005758541782632165500 ) ) ;
#1499 = DIRECTION ( 'NONE',  ( 0.0000000000000000000, 0.0000000000000000000, -1.000000000000000000 ) ) ;
#1500 = DIRECTION ( 'NONE',  ( -1.000000000000000000, 0.0000000000000000000, 0.0000000000000000000 ) ) ;
#1501 = ORIENTED_EDGE ( 'NONE', *, *, #2810, .T. ) ;
#1502 = DIRECTION ( 'NONE',  ( -1.917682592583735000E-017, -1.000000000000000000, -1.067128122525102900E-016 ) ) ;
#1503 = CYLINDRICAL_SURFACE ( 'NONE', #1759, 0.01074999999999998900 ) ;
#1504 = ORIENTED_EDGE ( 'NONE', *, *, #3275, .F. ) ;
#1505 = AXIS2_PLACEMENT_3D ( 'NONE', #438, #667, #652 ) ;
#1506 = FACE_OUTER_BOUND ( 'NONE', #1292, .T. ) ;
#1507 = EDGE_LOOP ( 'NONE', ( #2859, #1899, #566, #549, #2384, #2717, #1354 ) ) ;
#1508 = VERTEX_POINT ( 'NONE', #34 ) ;
#1509 = DIRECTION ( 'NONE',  ( 0.0000000000000000000, 0.0000000000000000000, -1.000000000000000000 ) ) ;
#1510 = CARTESIAN_POINT ( 'NONE',  ( 2.873569913941516800E-017, 0.01199999999999995000, -0.05599999999999979300 ) ) ;
#1511 = CARTESIAN_POINT ( 'NONE',  ( 2.892812884690128300E-017, 0.05199999999999994900, -0.05999999999999979000 ) ) ;
#1512 = DIRECTION ( 'NONE',  ( 1.000000000000000000, -0.0000000000000000000, 0.0000000000000000000 ) ) ;
#1513 = CIRCLE ( 'NONE', #1940, 0.01075000000000000300 ) ;
#1514 = ADVANCED_FACE ( 'NONE', ( #2269 ), #2254, .T. ) ;
#1515 = FACE_OUTER_BOUND ( 'NONE', #2442, .T. ) ;
#1516 = DIRECTION ( 'NONE',  ( -1.000000000000000000, 0.0000000000000000000, 0.0000000000000000000 ) ) ;
#1517 = EDGE_LOOP ( 'NONE', ( #2276, #857, #3166, #665 ) ) ;
#1518 = ORIENTED_EDGE ( 'NONE', *, *, #944, .F. ) ;
#1519 = CARTESIAN_POINT ( 'NONE',  ( -0.02499999999999998100, 0.05599999999999994600, -0.01511439725815635000 ) ) ;
#1520 = CARTESIAN_POINT ( 'NONE',  ( 0.02500000000000003300, -4.802076551362962800E-017, -0.06799999999999979700 ) ) ;
#1521 = CIRCLE ( 'NONE', #2299, 0.005999999999999983600 ) ;
#1522 = DIRECTION ( 'NONE',  ( 0.0000000000000000000, 0.0000000000000000000, 1.000000000000000000 ) ) ;
#1523 = CARTESIAN_POINT ( 'NONE',  ( 0.02500000000000003300, 0.05199999999999994900, -0.05199999999999978900 ) ) ;
#1524 = ORIENTED_EDGE ( 'NONE', *, *, #2577, .T. ) ;
#1525 = DIRECTION ( 'NONE',  ( -7.359984219135830100E-017, -1.000000000000000000, -6.123233995736766000E-017 ) ) ;
#1526 = DIRECTION ( 'NONE',  ( -1.000000000000000000, 0.0000000000000000000, 0.0000000000000000000 ) ) ;
#1527 = DIRECTION ( 'NONE',  ( 0.0000000000000000000, -1.000000000000000000, 0.0000000000000000000 ) ) ;
#1528 = AXIS2_PLACEMENT_3D ( 'NONE', #788, #1072, #1341 ) ;
#1529 = DIRECTION ( 'NONE',  ( -7.468797715707625400E-017, 6.842277657836020900E-049, 1.000000000000000000 ) ) ;
#1530 = DIRECTION ( 'NONE',  ( -1.000000000000000000, 0.0000000000000000000, 0.0000000000000000000 ) ) ;
#1531 = ADVANCED_FACE ( 'NONE', ( #2263 ), #2218, .T. ) ;
#1532 = CARTESIAN_POINT ( 'NONE',  ( -0.02900000000000000100, 0.01208040465782999800, -0.01032007579453140900 ) ) ;
#1533 = DIRECTION ( 'NONE',  ( 0.0000000000000000000, 1.000000000000000000, 0.0000000000000000000 ) ) ;
#1534 = ADVANCED_FACE ( 'NONE', ( #2260 ), #2178, .T. ) ;
#1535 = DIRECTION ( 'NONE',  ( -1.000000000000000000, -0.0000000000000000000, -0.0000000000000000000 ) ) ;
#1536 = CARTESIAN_POINT ( 'NONE',  ( 0.0000000000000000000, 0.01999999999999996600, 0.1699999999999999800 ) ) ;
#1537 = EDGE_CURVE ( 'NONE', #1200, #2182, #2358, .T. ) ;
#1538 = DIRECTION ( 'NONE',  ( -1.000000000000000000, -0.0000000000000000000, 0.0000000000000000000 ) ) ;
#1539 = CARTESIAN_POINT ( 'NONE',  ( 0.02500000000000003300, 0.003999999999999952400, -0.06799999999999979700 ) ) ;
#1540 = ORIENTED_EDGE ( 'NONE', *, *, #1120, .T. ) ;
#1541 = VERTEX_POINT ( 'NONE', #1010 ) ;
#1542 = ORIENTED_EDGE ( 'NONE', *, *, #228, .T. ) ;
#1543 = ORIENTED_EDGE ( 'NONE', *, *, #1493, .T. ) ;
#1544 = DIRECTION ( 'NONE',  ( 0.0000000000000000000, 0.0000000000000000000, -1.000000000000000000 ) ) ;
#1545 = ADVANCED_FACE ( 'NONE', ( #2174 ), #740, .F. ) ;
#1546 = ORIENTED_EDGE ( 'NONE', *, *, #3006, .T. ) ;
#1547 = FILL_AREA_STYLE ('',( #2660 ) ) ;
#1548 = CARTESIAN_POINT ( 'NONE',  ( -0.03325712664638897500, 0.06716548580636214100, -0.01164330486149667800 ) ) ;
#1549 = ADVANCED_FACE ( 'NONE', ( #2219 ), #3239, .T. ) ;
#1550 = FACE_OUTER_BOUND ( 'NONE', #118, .T. ) ;
#1551 = CARTESIAN_POINT ( 'NONE',  ( -0.02100000000000000500, -6.402768735150616600E-017, -0.03699999999999997700 ) ) ;
#1552 = ORIENTED_EDGE ( 'NONE', *, *, #1051, .F. ) ;
#1553 = CIRCLE ( 'NONE', #787, 0.009000000000000035700 ) ;
#1554 = AXIS2_PLACEMENT_3D ( 'NONE', #1135, #1124, #1118 ) ;
#1555 = AXIS2_PLACEMENT_3D ( 'NONE', #2654, #2437, #2423 ) ;
#1556 = DIRECTION ( 'NONE',  ( 1.000000000000000000, -1.917682592583736000E-017, 7.468797715707625400E-017 ) ) ;
#1557 = CARTESIAN_POINT ( 'NONE',  ( -0.02499999999999998400, 0.06599999999999993400, 0.1600000000000002000 ) ) ;
#1558 = ORIENTED_EDGE ( 'NONE', *, *, #3319, .F. ) ;
#1559 = CARTESIAN_POINT ( 'NONE',  ( -0.03891197793938069200, 0.07749999999999999900, 0.0000000000000000000 ) ) ;
#1560 = LINE ( 'NONE', #964, #1565 ) ;
#1561 = VERTEX_POINT ( 'NONE', #1830 ) ;
#1562 = CARTESIAN_POINT ( 'NONE',  ( -0.02499999999999997400, 0.05999999999999994900, -0.05199999999999978900 ) ) ;
#1563 = ORIENTED_EDGE ( 'NONE', *, *, #128, .T. ) ;
#1564 = ADVANCED_FACE ( 'NONE', ( #2139 ), #2128, .T. ) ;
#1565 = VECTOR ( 'NONE', #2478, 39.37007874015748100 ) ;
#1566 = CARTESIAN_POINT ( 'NONE',  ( 0.02386308434902530500, 0.06383502578903518800, -0.01319708700864276200 ) ) ;
#1567 = CARTESIAN_POINT ( 'NONE',  ( -0.02100000000000000500, 0.002499999999999956300, -0.02684313483298438400 ) ) ;
#1568 = EDGE_CURVE ( 'NONE', #2553, #1401, #2909, .T. ) ;
#1569 = DIRECTION ( 'NONE',  ( -1.000000000000000000, 0.0000000000000000000, 0.0000000000000000000 ) ) ;
#1570 = VERTEX_POINT ( 'NONE', #1660 ) ;
#1571 = CARTESIAN_POINT ( 'NONE',  ( 0.02100000000000000500, -5.975917486140575200E-017, -0.02684313483298438400 ) ) ;
#1572 = DIRECTION ( 'NONE',  ( -1.000000000000000000, 0.0000000000000000000, 0.0000000000000000000 ) ) ;
#1573 = CARTESIAN_POINT ( 'NONE',  ( -0.02100000000000000500, -0.0002500000000000349200, -0.006999999999999952400 ) ) ;
#1574 = CARTESIAN_POINT ( 'NONE',  ( 1.392496203231636400E-017, 0.06899999999999997800, 0.1600000000000002000 ) ) ;
#1575 = AXIS2_PLACEMENT_3D ( 'NONE', #1696, #1497, #1526 ) ;
#1576 = CARTESIAN_POINT ( 'NONE',  ( 0.02375411221731437200, 0.06372983927606727700, -0.01326225650395606300 ) ) ;
#1577 = ORIENTED_EDGE ( 'NONE', *, *, #1077, .T. ) ;
#1578 = DIRECTION ( 'NONE',  ( -1.917682592583735000E-017, -1.000000000000000000, -1.067128122525103000E-016 ) ) ;
#1579 = CARTESIAN_POINT ( 'NONE',  ( -0.02127418600768873900, 0.06145974339347099600, -0.01457509899040006200 ) ) ;
#1580 = DIRECTION ( 'NONE',  ( 0.0000000000000000000, -1.000000000000000000, 0.0000000000000000000 ) ) ;
#1581 = AXIS2_PLACEMENT_3D ( 'NONE', #2220, #2201, #2161 ) ;
#1582 = ADVANCED_FACE ( 'NONE', ( #2133 ), #2131, .T. ) ;
#1583 = CARTESIAN_POINT ( 'NONE',  ( 0.02100000000000000500, 0.03999999999999998000, 0.02515625000000004300 ) ) ;
#1584 = CARTESIAN_POINT ( 'NONE',  ( 0.04749999999999999400, 0.002499999999999969300, 0.0000000000000000000 ) ) ;
#1585 = EDGE_LOOP ( 'NONE', ( #1387, #2327, #1992, #1176, #1113 ) ) ;
#1586 = CARTESIAN_POINT ( 'NONE',  ( 0.0000000000000000000, 0.03999999999999998000, -0.01999999999999999000 ) ) ;
#1587 = VERTEX_POINT ( 'NONE', #2230 ) ;
#1588 = EDGE_LOOP ( 'NONE', ( #743, #3010, #3054, #3061 ) ) ;
#1589 = DIRECTION ( 'NONE',  ( 0.0000000000000000000, -1.000000000000000000, 4.202588515167456800E-016 ) ) ;
#1590 = DIRECTION ( 'NONE',  ( 1.000000000000000000, 0.0000000000000000000, 0.0000000000000000000 ) ) ;
#1591 = CARTESIAN_POINT ( 'NONE',  ( 0.004000000000000003600, 0.03999999999999998000, 0.02515625000000004300 ) ) ;
#1592 = ORIENTED_EDGE ( 'NONE', *, *, #1819, .F. ) ;
#1593 = DIRECTION ( 'NONE',  ( 2.026496089155530700E-017, 1.043660709282909700E-033, -1.000000000000000000 ) ) ;
#1594 = ORIENTED_EDGE ( 'NONE', *, *, #1189, .F. ) ;
#1595 = CIRCLE ( 'NONE', #2634, 0.004000000000000000100 ) ;
#1596 = CARTESIAN_POINT ( 'NONE',  ( 0.0000000000000000000, 0.0000000000000000000, 0.0000000000000000000 ) ) ;
#1597 = ORIENTED_EDGE ( 'NONE', *, *, #2600, .T. ) ;
#1598 = DIRECTION ( 'NONE',  ( 0.0000000000000000000, 0.0000000000000000000, 1.000000000000000000 ) ) ;
#1599 = CARTESIAN_POINT ( 'NONE',  ( -0.02900000000000000100, 0.01249969458701514400, -0.01060663110642545200 ) ) ;
#1600 = ORIENTED_EDGE ( 'NONE', *, *, #2843, .T. ) ;
#1601 = DIRECTION ( 'NONE',  ( -1.917682592583698700E-017, -1.000000000000000000, 0.0000000000000000000 ) ) ;
#1602 = DIRECTION ( 'NONE',  ( -1.000000000000000000, 0.0000000000000000000, 0.0000000000000000000 ) ) ;
#1603 = AXIS2_PLACEMENT_3D ( 'NONE', #2757, #2535, #1000 ) ;
#1604 = ORIENTED_EDGE ( 'NONE', *, *, #2211, .F. ) ;
#1605 =( LENGTH_UNIT ( ) NAMED_UNIT ( * ) SI_UNIT ( $, .METRE. ) );
#1606 = CARTESIAN_POINT ( 'NONE',  ( -0.004000000000000000100, 0.002499999999999956300, -0.02684313483298438400 ) ) ;
#1607 = DIRECTION ( 'NONE',  ( -7.468797715707625400E-017, 6.842277657836020900E-049, 1.000000000000000000 ) ) ;
#1608 = VECTOR ( 'NONE', #1303, 39.37007874015748100 ) ;
#1609 = VERTEX_POINT ( 'NONE', #2732 ) ;
#1610 = ORIENTED_EDGE ( 'NONE', *, *, #2498, .F. ) ;
#1611 = CARTESIAN_POINT ( 'NONE',  ( 0.04749999999999999400, 0.07009792610312783100, 0.0000000000000000000 ) ) ;
#1612 = AXIS2_PLACEMENT_3D ( 'NONE', #698, #673, #656 ) ;
#1613 = CARTESIAN_POINT ( 'NONE',  ( 2.884334423701283800E-017, 0.05199999999999994900, -0.06399999999999979300 ) ) ;
#1614 = CARTESIAN_POINT ( 'NONE',  ( 1.253512752419618200E-017, 0.05399999999999996500, 0.1600000000000002000 ) ) ;
#1615 = DIRECTION ( 'NONE',  ( 0.0000000000000000000, -1.000000000000000000, 0.0000000000000000000 ) ) ;
#1616 = ORIENTED_EDGE ( 'NONE', *, *, #879, .T. ) ;
#1617 = EDGE_CURVE ( 'NONE', #256, #3074, #2005, .T. ) ;
#1618 = ORIENTED_EDGE ( 'NONE', *, *, #348, .F. ) ;
#1619 = VERTEX_POINT ( 'NONE', #2900 ) ;
#1620 = CARTESIAN_POINT ( 'NONE',  ( 0.02510534529381660800, 0.05663810684064551200, -0.01507148317828772500 ) ) ;
#1621 = CARTESIAN_POINT ( 'NONE',  ( -0.007894895531150109000, 0.04653956316078524500, -0.01999999999775253100 ) ) ;
#1622 = ORIENTED_EDGE ( 'NONE', *, *, #3360, .F. ) ;
#1623 = ORIENTED_EDGE ( 'NONE', *, *, #1995, .F. ) ;
#1624 = LINE ( 'NONE', #423, #1779 ) ;
#1625 = DIRECTION ( 'NONE',  ( 1.917682592583736000E-017, 1.000000000000000000, 1.432278336694168300E-033 ) ) ;
#1626 = VERTEX_POINT ( 'NONE', #2366 ) ;
#1627 = EDGE_CURVE ( 'NONE', #2789, #779, #890, .T. ) ;
#1628 = ORIENTED_EDGE ( 'NONE', *, *, #664, .F. ) ;
#1629 = ORIENTED_EDGE ( 'NONE', *, *, #1213, .T. ) ;
#1630 = CARTESIAN_POINT ( 'NONE',  ( -0.04104375706014078100, 0.002499999999999976200, 0.0000000000000000000 ) ) ;
#1631 = CARTESIAN_POINT ( 'NONE',  ( 0.02340711239647937400, 0.05924483104730490800, -0.01576498180084309800 ) ) ;
#1632 = CARTESIAN_POINT ( 'NONE',  ( -0.02499999999997308200, 0.06399999999999994600, -0.01306703615890032600 ) ) ;
#1633 = ORIENTED_EDGE ( 'NONE', *, *, #1726, .T. ) ;
#1634 = AXIS2_PLACEMENT_3D ( 'NONE', #2629, #2617, #2485 ) ;
#1635 = EDGE_CURVE ( 'NONE', #424, #510, #2089, .T. ) ;
#1636 = CARTESIAN_POINT ( 'NONE',  ( -0.02771591891204464000, 0.01248717191803766000, -0.01065060974774785700 ) ) ;
#1637 = CARTESIAN_POINT ( 'NONE',  ( 0.02500000000000003300, 0.05999999999999994900, -0.05199999999999978900 ) ) ;
#1638 = CARTESIAN_POINT ( 'NONE',  ( 2.833062502964466700E-017, 0.05199999999999994900, -0.05199999999999978900 ) ) ;
#1639 = VECTOR ( 'NONE', #1796, 39.37007874015748100 ) ;
#1640 = CARTESIAN_POINT ( 'NONE',  ( -0.03891197793938067800, 0.002499999999999969300, 0.0000000000000000000 ) ) ;
#1641 = AXIS2_PLACEMENT_3D ( 'NONE', #1162, #2935, #1424 ) ;
#1642 = EDGE_CURVE ( 'NONE', #2616, #741, #2097, .T. ) ;
#1643 = AXIS2_PLACEMENT_3D ( 'NONE', #992, #152, #1580 ) ;
#1644 = ORIENTED_EDGE ( 'NONE', *, *, #648, .F. ) ;
#1645 = ORIENTED_EDGE ( 'NONE', *, *, #3169, .T. ) ;
#1646 = VERTEX_POINT ( 'NONE', #731 ) ;
#1647 = EDGE_CURVE ( 'NONE', #2271, #1305, #2079, .T. ) ;
#1648 = DIRECTION ( 'NONE',  ( -1.000000000000000000, 1.917682592583736000E-017, -7.468797715707625400E-017 ) ) ;
#1649 = VERTEX_POINT ( 'NONE', #3253 ) ;
#1650 = FACE_BOUND ( 'NONE', #2171, .T. ) ;
#1651 = CARTESIAN_POINT ( 'NONE',  ( 0.03891197793938065000, 0.002499999999999984900, -1.814117808292674900E-017 ) ) ;
#1652 = DIRECTION ( 'NONE',  ( 1.000000000000000000, -1.917682592583736000E-017, 7.468797715707625400E-017 ) ) ;
#1653 = CARTESIAN_POINT ( 'NONE',  ( 0.04749999999999999400, 0.07009792610312783100, 0.0000000000000000000 ) ) ;
#1654 = DIRECTION ( 'NONE',  ( -1.917682592583735000E-017, -1.000000000000000000, -1.067128122525103000E-016 ) ) ;
#1655 = CARTESIAN_POINT ( 'NONE',  ( 0.02900000000000000100, 0.002499999999999951900, -0.03699999999999997700 ) ) ;
#1656 = DIRECTION ( 'NONE',  ( 1.000000000000000000, 0.0000000000000000000, 0.0000000000000000000 ) ) ;
#1657 = ORIENTED_EDGE ( 'NONE', *, *, #1, .F. ) ;
#1658 = AXIS2_PLACEMENT_3D ( 'NONE', #2241, #1474, #1484 ) ;
#1659 = CARTESIAN_POINT ( 'NONE',  ( 3.002421658570214700E-017, 0.003999999999999952400, -0.08699999999999980000 ) ) ;
#1660 = CARTESIAN_POINT ( 'NONE',  ( 2.972783221866551000E-017, -4.802076551362962800E-017, -0.08699999999999980000 ) ) ;
#1661 = CARTESIAN_POINT ( 'NONE',  ( -0.02499999999999999100, 0.05099999999999990700, 0.1600000000000002000 ) ) ;
#1662 = CARTESIAN_POINT ( 'NONE',  ( -0.02444120526113108300, 0.06397041932244683400, -0.01310835333664436700 ) ) ;
#1663 = ORIENTED_EDGE ( 'NONE', *, *, #3071, .F. ) ;
#1664 = CARTESIAN_POINT ( 'NONE',  ( -0.02888875119280873800, 0.05906318936789312100, -0.01338697782374682000 ) ) ;
#1665 = ORIENTED_EDGE ( 'NONE', *, *, #1768, .F. ) ;
#1666 = DIRECTION ( 'NONE',  ( -1.000000000000000000, -0.0000000000000000000, 0.0000000000000000000 ) ) ;
#1667 = CARTESIAN_POINT ( 'NONE',  ( 2.922688075552958800E-017, 0.05199999999999994900, -0.06399999999999979300 ) ) ;
#1668 = CARTESIAN_POINT ( 'NONE',  ( 0.02900000000000000100, 0.01208040465781793300, -0.01032007579452233500 ) ) ;
#1669 = DIRECTION ( 'NONE',  ( 0.0000000000000000000, -4.202588515167456800E-016, -1.000000000000000000 ) ) ;
#1670 = CARTESIAN_POINT ( 'NONE',  ( 0.02554429460212894600, 0.06398542989683510300, -0.01304183672026765600 ) ) ;
#1671 = AXIS2_PLACEMENT_3D ( 'NONE', #2972, #2761, #2827 ) ;
#1672 = VERTEX_POINT ( 'NONE', #2650 ) ;
#1673 = DIRECTION ( 'NONE',  ( -1.000000000000000000, -0.0000000000000000000, 0.0000000000000000000 ) ) ;
#1674 = ORIENTED_EDGE ( 'NONE', *, *, #1979, .F. ) ;
#1675 = ORIENTED_EDGE ( 'NONE', *, *, #111, .F. ) ;
#1676 = AXIS2_PLACEMENT_3D ( 'NONE', #3202, #1463, #2865 ) ;
#1677 = DIRECTION ( 'NONE',  ( -0.0000000000000000000, 1.000000000000000000, -0.0000000000000000000 ) ) ;
#1678 = CARTESIAN_POINT ( 'NONE',  ( 0.004000000000000000100, -5.975917486140575200E-017, -0.02684313483298438400 ) ) ;
#1679 = CARTESIAN_POINT ( 'NONE',  ( 0.02902479613201155000, 0.05997093918748618700, -0.01330096994295364500 ) ) ;
#1680 = ORIENTED_EDGE ( 'NONE', *, *, #582, .T. ) ;
#1681 = VERTEX_POINT ( 'NONE', #772 ) ;
#1682 = ORIENTED_EDGE ( 'NONE', *, *, #52, .T. ) ;
#1683 = FACE_OUTER_BOUND ( 'NONE', #1444, .T. ) ;
#1684 = VERTEX_POINT ( 'NONE', #2347 ) ;
#1685 = VECTOR ( 'NONE', #136, 39.37007874015748100 ) ;
#1686 = LINE ( 'NONE', #1584, #1685 ) ;
#1687 = EDGE_LOOP ( 'NONE', ( #104, #1501, #165, #3184 ) ) ;
#1688 = CARTESIAN_POINT ( 'NONE',  ( 0.01400000000000000200, 0.01999999999999996600, 0.1699999999999999800 ) ) ;
#1689 = CARTESIAN_POINT ( 'NONE',  ( 2.875855962712440000E-017, 0.01199999999999995000, -0.06799999999999979700 ) ) ;
#1690 = CARTESIAN_POINT ( 'NONE',  ( 0.02878319726923700400, 0.05868663817197183900, -0.01343791445867643800 ) ) ;
#1691 = CARTESIAN_POINT ( 'NONE',  ( 0.02132477564957128300, 0.06137072389754023200, -0.01462287862491587700 ) ) ;
#1692 = DIRECTION ( 'NONE',  ( -1.000000000000000000, -0.0000000000000000000, -0.0000000000000000000 ) ) ;
#1693 = ORIENTED_EDGE ( 'NONE', *, *, #2414, .T. ) ;
#1694 = CARTESIAN_POINT ( 'NONE',  ( 0.01400000000000000200, 0.01999999999999996600, 0.0000000000000000000 ) ) ;
#1695 = ORIENTED_EDGE ( 'NONE', *, *, #145, .T. ) ;
#1696 = CARTESIAN_POINT ( 'NONE',  ( -0.02499999999999997400, 0.05999999999999994900, -0.05199999999999978900 ) ) ;
#1697 = AXIS2_PLACEMENT_3D ( 'NONE', #2148, #2120, #1860 ) ;
#1698 = EDGE_CURVE ( 'NONE', #412, #1307, #2181, .T. ) ;
#1699 = CARTESIAN_POINT ( 'NONE',  ( -0.01100000000000000100, 0.01999999999999996600, 0.1699999999999999800 ) ) ;
#1700 = CIRCLE ( 'NONE', #2576, 0.009000000000000044400 ) ;
#1701 = DIRECTION ( 'NONE',  ( -1.000000000000000000, -0.0000000000000000000, -0.0000000000000000000 ) ) ;
#1702 = EDGE_CURVE ( 'NONE', #2666, #1425, #2167, .T. ) ;
#1703 = ORIENTED_EDGE ( 'NONE', *, *, #2946, .F. ) ;
#1704 = CARTESIAN_POINT ( 'NONE',  ( -0.02211850292585879800, 0.05719984963518244500, -0.01599169242214159400 ) ) ;
#1705 = DIRECTION ( 'NONE',  ( 0.0000000000000000000, -1.000000000000000000, 0.0000000000000000000 ) ) ;
#1706 = ORIENTED_EDGE ( 'NONE', *, *, #2530, .F. ) ;
#1707 = EDGE_CURVE ( 'NONE', #1353, #2096, #367, .T. ) ;
#1708 = CARTESIAN_POINT ( 'NONE',  ( 0.02500000000000002200, 0.05999999999999994900, 0.01800000000000020700 ) ) ;
#1709 = CARTESIAN_POINT ( 'NONE',  ( 0.05000000000000000300, 0.07999999999999996000, 0.1000000000000000200 ) ) ;
#1710 = CARTESIAN_POINT ( 'NONE',  ( 0.04749999999999999400, 0.07009792610312783100, 0.0000000000000000000 ) ) ;
#1711 = DIRECTION ( 'NONE',  ( 0.0000000000000000000, 0.0000000000000000000, -1.000000000000000000 ) ) ;
#1712 = CARTESIAN_POINT ( 'NONE',  ( 0.02500000000000000100, -0.0002500000000000349200, -0.006999999999999952400 ) ) ;
#1713 = CARTESIAN_POINT ( 'NONE',  ( 0.01690831807255861400, 0.05134562847827012900, -0.01841886097075934300 ) ) ;
#1714 = CARTESIAN_POINT ( 'NONE',  ( -0.03518148191713908100, 0.005359360884518007100, -0.005227998350213930100 ) ) ;
#1715 = ORIENTED_EDGE ( 'NONE', *, *, #736, .F. ) ;
#1716 = ORIENTED_EDGE ( 'NONE', *, *, #2519, .T. ) ;
#1717 = AXIS2_PLACEMENT_3D ( 'NONE', #2290, #753, #1996 ) ;
#1718 = ORIENTED_EDGE ( 'NONE', *, *, #262, .F. ) ;
#1719 = ORIENTED_EDGE ( 'NONE', *, *, #2991, .T. ) ;
#1720 = ORIENTED_EDGE ( 'NONE', *, *, #3366, .T. ) ;
#1721 = CARTESIAN_POINT ( 'NONE',  ( -0.01599999999999994800, 0.05999999999999994900, 0.1600000000000002000 ) ) ;
#1722 = FACE_BOUND ( 'NONE', #273, .T. ) ;
#1723 = ADVANCED_FACE ( 'NONE', ( #2047 ), #2008, .F. ) ;
#1724 = CARTESIAN_POINT ( 'NONE',  ( -0.02500000000000000100, 0.01999999999999996600, 0.1699999999999999800 ) ) ;
#1725 = CARTESIAN_POINT ( 'NONE',  ( 0.02500000000000002200, 0.05999999999999994900, 0.01800000000000020700 ) ) ;
#1726 = EDGE_CURVE ( 'NONE', #2595, #785, #2014, .T. ) ;
#1727 = VECTOR ( 'NONE', #1999, 39.37007874015748100 ) ;
#1728 = CARTESIAN_POINT ( 'NONE',  ( 0.01587765675039595100, 0.05315405958496959700, -0.01858404134436953500 ) ) ;
#1729 = FACE_BOUND ( 'NONE', #129, .T. ) ;
#1730 = DIRECTION ( 'NONE',  ( 0.0000000000000000000, 0.0000000000000000000, 1.000000000000000000 ) ) ;
#1731 = CARTESIAN_POINT ( 'NONE',  ( 0.02900000000000000100, 0.01033304550424315300, -0.008887232856623138900 ) ) ;
#1732 = AXIS2_PLACEMENT_3D ( 'NONE', #2870, #843, #1324 ) ;
#1733 = EDGE_LOOP ( 'NONE', ( #3265, #374, #2163, #1451, #1471, #1877 ) ) ;
#1734 = CIRCLE ( 'NONE', #3125, 0.003999999999999999200 ) ;
#1735 = DIRECTION ( 'NONE',  ( -1.917682592583735000E-017, -1.000000000000000000, -1.067128122525102900E-016 ) ) ;
#1736 = CARTESIAN_POINT ( 'NONE',  ( 0.01436357103526897400, 0.05457424287380911000, -0.01827418332800718700 ) ) ;
#1737 = LINE ( 'NONE', #299, #1871 ) ;
#1738 = B_SPLINE_CURVE_WITH_KNOTS ( 'NONE', 3,
 ( #2452, #3396, #2159, #1599 ),
 .UNSPECIFIED., .F., .F.,
 ( 4, 4 ),
 ( 2.442083024056042000E-016, 3.263633317322630300E-005 ),
 .UNSPECIFIED. ) ;
#1739 = ADVANCED_FACE ( 'NONE', ( #2051 ), #1997, .T. ) ;
#1740 = VECTOR ( 'NONE', #277, 39.37007874015748100 ) ;
#1741 = VERTEX_POINT ( 'NONE', #1123 ) ;
#1742 = CARTESIAN_POINT ( 'NONE',  ( 2.873569913941516800E-017, 0.05199999999999994900, -0.05599999999999978600 ) ) ;
#1743 = DIRECTION ( 'NONE',  ( 0.0000000000000000000, -0.0000000000000000000, 1.000000000000000000 ) ) ;
#1744 = EDGE_CURVE ( 'NONE', #3392, #510, #2002, .T. ) ;
#1745 = B_SPLINE_CURVE_WITH_KNOTS ( 'NONE', 3,
 ( #2570, #2557, #2718, #2736 ),
 .UNSPECIFIED., .F., .F.,
 ( 4, 4 ),
 ( -8.219976928081117200E-006, 0.0007481716036918655400 ),
 .UNSPECIFIED. ) ;
#1746 = VECTOR ( 'NONE', #3349, 39.37007874015748100 ) ;
#1747 = CARTESIAN_POINT ( 'NONE',  ( 0.008535370456022331500, 0.04572371158127513200, -0.01999999999999999000 ) ) ;
#1748 = EDGE_CURVE ( 'NONE', #2207, #3211, #2039, .T. ) ;
#1749 = ORIENTED_EDGE ( 'NONE', *, *, #111, .T. ) ;
#1750 = DIRECTION ( 'NONE',  ( 0.0000000000000000000, 0.0000000000000000000, -1.000000000000000000 ) ) ;
#1751 = ADVANCED_FACE ( 'NONE', ( #1964 ), #3284, .F. ) ;
#1752 = CARTESIAN_POINT ( 'NONE',  ( 0.02208752808956259900, 0.05725819268165809700, -0.01598099318497959700 ) ) ;
#1753 = ORIENTED_EDGE ( 'NONE', *, *, #428, .T. ) ;
#1754 = CARTESIAN_POINT ( 'NONE',  ( -0.02900000000000000100, -5.975917486140575200E-017, -0.02684313483298438400 ) ) ;
#1755 = CARTESIAN_POINT ( 'NONE',  ( -0.02900000000000000100, 0.01324999999999996300, -0.02684313483298438400 ) ) ;
#1756 = EDGE_LOOP ( 'NONE', ( #1462, #1633, #1053, #653 ) ) ;
#1757 = ADVANCED_FACE ( 'NONE', ( #1962 ), #2, .F. ) ;
#1758 = VERTEX_POINT ( 'NONE', #220 ) ;
#1759 = AXIS2_PLACEMENT_3D ( 'NONE', #2614, #2861, #1961 ) ;
#1760 = VECTOR ( 'NONE', #1363, 39.37007874015748100 ) ;
#1761 = DIRECTION ( 'NONE',  ( -1.000000000000000000, 0.0000000000000000000, 0.0000000000000000000 ) ) ;
#1762 = CARTESIAN_POINT ( 'NONE',  ( -0.02900000000000000800, 0.01167367505353650300, -0.01001425109226980300 ) ) ;
#1763 = CARTESIAN_POINT ( 'NONE',  ( -0.02100000000000000500, 0.002499999999999956300, -0.02684313483298438400 ) ) ;
#1764 = LINE ( 'NONE', #2738, #1760 ) ;
#1765 = CIRCLE ( 'NONE', #2954, 0.04515625000000003700 ) ;
#1766 = CARTESIAN_POINT ( 'NONE',  ( -0.02902445956746298500, 0.05995138820331487300, -0.01330425123053010700 ) ) ;
#1767 = DIRECTION ( 'NONE',  ( 1.000000000000000000, -1.917682592583736000E-017, 7.468797715707625400E-017 ) ) ;
#1768 = EDGE_CURVE ( 'NONE', #2126, #2508, #1935, .T. ) ;
#1769 = CARTESIAN_POINT ( 'NONE',  ( -0.05000000000000000300, 0.07999999999999996000, 0.0000000000000000000 ) ) ;
#1770 = FACE_OUTER_BOUND ( 'NONE', #2797, .T. ) ;
#1771 = CARTESIAN_POINT ( 'NONE',  ( -0.02613118612840727900, 0.06144100702591581000, -0.01467599768062867800 ) ) ;
#1772 = DIRECTION ( 'NONE',  ( 0.0000000000000000000, -1.000000000000000000, 0.0000000000000000000 ) ) ;
#1773 = ADVANCED_FACE ( 'NONE', ( #1939 ), #119, .T. ) ;
#1774 = VECTOR ( 'NONE', #1489, 39.37007874015748100 ) ;
#1775 = VERTEX_POINT ( 'NONE', #1167 ) ;
#1776 = CARTESIAN_POINT ( 'NONE',  ( -0.04654683525732556500, 0.07433654410645160200, -0.0000000000000000000 ) ) ;
#1777 = ADVANCED_FACE ( 'NONE', ( #1900 ), #1902, .T. ) ;
#1778 = DIRECTION ( 'NONE',  ( -7.468797715707625400E-017, 6.842277657836020900E-049, 1.000000000000000000 ) ) ;
#1779 = VECTOR ( 'NONE', #408, 39.37007874015748100 ) ;
#1780 = DIRECTION ( 'NONE',  ( 2.026496089155530700E-017, 1.043660709282909700E-033, -1.000000000000000000 ) ) ;
#1781 = CARTESIAN_POINT ( 'NONE',  ( -0.04205275251195125100, 0.06728368508997828500, -0.005742751241043261700 ) ) ;
#1782 = CONICAL_SURFACE ( 'NONE', #635, 0.005999999999999967200, 1.029744258676648300 ) ;
#1783 = CARTESIAN_POINT ( 'NONE',  ( -0.03433112174720540100, 0.07373882096958962700, -0.005606726504959548400 ) ) ;
#1784 = AXIS2_PLACEMENT_3D ( 'NONE', #463, #708, #1064 ) ;
#1785 = EDGE_CURVE ( 'NONE', #2735, #2249, #2006, .T. ) ;
#1786 = CARTESIAN_POINT ( 'NONE',  ( -0.02499999999999997400, 0.05199999999999994900, -0.06399999999999979300 ) ) ;
#1787 = DIRECTION ( 'NONE',  ( -0.0000000000000000000, -0.0000000000000000000, 1.000000000000000000 ) ) ;
#1788 = DIRECTION ( 'NONE',  ( -0.0000000000000000000, 0.0000000000000000000, 1.000000000000000000 ) ) ;
#1789 = EDGE_CURVE ( 'NONE', #2748, #1947, #1927, .T. ) ;
#1790 = ADVANCED_FACE ( 'NONE', ( #1934 ), #1850, .F. ) ;
#1791 = ORIENTED_EDGE ( 'NONE', *, *, #921, .T. ) ;
#1792 = DIRECTION ( 'NONE',  ( 7.468797715707625400E-017, -6.842277657836020900E-049, -1.000000000000000000 ) ) ;
#1793 = CARTESIAN_POINT ( 'NONE',  ( -0.02499999999999997400, 0.003999999999999952400, -0.08699999999999980000 ) ) ;
#1794 = CARTESIAN_POINT ( 'NONE',  ( 0.007894895531017685400, 0.04653956316067255800, -0.01999999999829799000 ) ) ;
#1795 = EDGE_CURVE ( 'NONE', #2973, #3002, #1854, .T. ) ;
#1796 = DIRECTION ( 'NONE',  ( -7.468797715707625400E-017, 6.842277657836020900E-049, 1.000000000000000000 ) ) ;
#1797 = CARTESIAN_POINT ( 'NONE',  ( 0.007248066086900407900, 0.04734978378888069600, -0.01999999999999999000 ) ) ;
#1798 = VERTEX_POINT ( 'NONE', #47 ) ;
#1799 = PLANE ( 'NONE',  #2597 ) ;
#1800 = LINE ( 'NONE', #1132, #1774 ) ;
#1801 = DIRECTION ( 'NONE',  ( -7.468797715707625400E-017, 6.842277657836020900E-049, 1.000000000000000000 ) ) ;
#1802 = DIRECTION ( 'NONE',  ( 1.917682592583700500E-017, 1.000000000000000000, 0.0000000000000000000 ) ) ;
#1803 = CARTESIAN_POINT ( 'NONE',  ( -0.004000000000000000100, -6.402768735150616600E-017, -0.03699999999999997700 ) ) ;
#1804 = ORIENTED_EDGE ( 'NONE', *, *, #1698, .F. ) ;
#1805 = VECTOR ( 'NONE', #3162, 39.37007874015748100 ) ;
#1806 = B_SPLINE_CURVE_WITH_KNOTS ( 'NONE', 3,
 ( #39, #50, #268, #27 ),
 .UNSPECIFIED., .F., .F.,
 ( 4, 4 ),
 ( 1.627206509705268700E-018, 3.263633317322608600E-005 ),
 .UNSPECIFIED. ) ;
#1807 = B_SPLINE_CURVE_WITH_KNOTS ( 'NONE', 3,
 ( #3049, #3073, #3234, #3042, #3032, #3025, #2997, #2989, #2977, #2948, #2943, #2925, #2917, #2904, #2882, #2851, #2834, #2832, #2824, #2820, #2805, #2796, #2791, #2778, #2766, #2756, #2742, #2733, #2708, #2700, #2696 ),
 .UNSPECIFIED., .F., .F.,
 ( 4, 3, 3, 3, 3, 3, 3, 3, 3, 3, 4 ),
 ( 0.0000000000000000000, 3.236392348226270100E-005, 6.468111216855675000E-005, 9.771260718561164700E-005, 0.0001327783326364617600, 0.0001707519971112523600, 0.0002118951514640542700, 0.0002548499030064672600, 0.0002958472798755137300, 0.0003310168494876585000, 0.0003369579765329502900 ),
 .UNSPECIFIED. ) ;
#1808 = LINE ( 'NONE', #2959, #1727 ) ;
#1809 = CARTESIAN_POINT ( 'NONE',  ( -1.743486288217670500E-035, 0.03999999999999998000, -0.01999999999999999000 ) ) ;
#1810 = DIRECTION ( 'NONE',  ( 0.0000000000000000000, 0.0000000000000000000, 1.000000000000000000 ) ) ;
#1811 = VERTEX_POINT ( 'NONE', #2994 ) ;
#1812 = CARTESIAN_POINT ( 'NONE',  ( 0.02500000000000001500, 0.05399999999999997200, 0.1600000000000002000 ) ) ;
#1813 = VECTOR ( 'NONE', #2940, 39.37007874015748100 ) ;
#1814 = CARTESIAN_POINT ( 'NONE',  ( -0.02499999999999997400, 0.007999999999999951600, -0.08699999999999980000 ) ) ;
#1815 = ADVANCED_FACE ( 'NONE', ( #1856 ), #1821, .F. ) ;
#1816 = CIRCLE ( 'NONE', #3294, 0.01325000000000000500 ) ;
#1817 = AXIS2_PLACEMENT_3D ( 'NONE', #878, #1140, #3398 ) ;
#1818 = VECTOR ( 'NONE', #3145, 39.37007874015748100 ) ;
#1819 = EDGE_CURVE ( 'NONE', #244, #61, #1823, .T. ) ;
#1820 = AXIS2_PLACEMENT_3D ( 'NONE', #729, #966, #1185 ) ;
#1821 = CYLINDRICAL_SURFACE ( 'NONE', #213, 0.01100000000000000300 ) ;
#1822 = CARTESIAN_POINT ( 'NONE',  ( 0.02900000000000000100, 0.002499999999999956300, -0.02684313483298438400 ) ) ;
#1823 = CIRCLE ( 'NONE', #1915, 0.01100000000000000100 ) ;
#1824 = DIRECTION ( 'NONE',  ( 0.0000000000000000000, 0.0000000000000000000, -1.000000000000000000 ) ) ;
#1825 =( LENGTH_UNIT ( ) NAMED_UNIT ( * ) SI_UNIT ( $, .METRE. ) );
#1826 = EDGE_CURVE ( 'NONE', #379, #274, #1829, .T. ) ;
#1827 = DIRECTION ( 'NONE',  ( 0.0000000000000000000, 0.0000000000000000000, -1.000000000000000000 ) ) ;
#1828 = VERTEX_POINT ( 'NONE', #343 ) ;
#1829 = LINE ( 'NONE', #1812, #1818 ) ;
#1830 = CARTESIAN_POINT ( 'NONE',  ( -0.004000000000000000100, 0.007203124999999971700, -0.01795506402237678400 ) ) ;
#1831 = EDGE_CURVE ( 'NONE', #65, #1587, #2646, .T. ) ;
#1832 = CARTESIAN_POINT ( 'NONE',  ( 0.02500000000000003300, 0.06399999999999994600, -0.05199999999999978900 ) ) ;
#1833 = CARTESIAN_POINT ( 'NONE',  ( 0.02500000000000003300, 0.06399999999999994600, -0.05199999999999978900 ) ) ;
#1834 = DIRECTION ( 'NONE',  ( 0.0000000000000000000, 1.000000000000000000, -4.202588515167456800E-016 ) ) ;
#1835 = DIRECTION ( 'NONE',  ( -7.468797715707625400E-017, 6.842277657836020900E-049, 1.000000000000000000 ) ) ;
#1836 = CARTESIAN_POINT ( 'NONE',  ( 0.05000000000000000300, 0.07999999999999996000, 0.1000000000000000200 ) ) ;
#1837 =( LENGTH_UNIT ( ) NAMED_UNIT ( * ) SI_UNIT ( $, .METRE. ) );
#1838 = DIRECTION ( 'NONE',  ( -1.000000000000000000, -0.0000000000000000000, 0.0000000000000000000 ) ) ;
#1839 = LINE ( 'NONE', #2370, #1944 ) ;
#1840 = EDGE_CURVE ( 'NONE', #785, #1347, #1847, .T. ) ;
#1841 = DIRECTION ( 'NONE',  ( 0.0000000000000000000, -4.202588515167456800E-016, -1.000000000000000000 ) ) ;
#1842 = CARTESIAN_POINT ( 'NONE',  ( 1.253512752419618200E-017, 0.05399999999999997200, 0.1600000000000002000 ) ) ;
#1843 = VECTOR ( 'NONE', #3090, 39.37007874015748100 ) ;
#1844 = VERTEX_POINT ( 'NONE', #2695 ) ;
#1845 =( NAMED_UNIT ( * ) PLANE_ANGLE_UNIT ( ) SI_UNIT ( $, .RADIAN. ) );
#1846 = EDGE_LOOP ( 'NONE', ( #1430, #2677, #1453, #2515 ) ) ;
#1847 = LINE ( 'NONE', #2344, #1813 ) ;
#1848 = DIRECTION ( 'NONE',  ( 0.0000000000000000000, 0.0000000000000000000, -1.000000000000000000 ) ) ;
#1849 = ORIENTED_EDGE ( 'NONE', *, *, #2165, .F. ) ;
#1850 = CYLINDRICAL_SURFACE ( 'NONE', #1227, 0.01074999999999998900 ) ;
#1851 = DIRECTION ( 'NONE',  ( 0.0000000000000000000, 0.0000000000000000000, 1.000000000000000000 ) ) ;
#1852 = ORIENTED_EDGE ( 'NONE', *, *, #3345, .T. ) ;
#1853 = AXIS2_PLACEMENT_3D ( 'NONE', #1494, #1730, #1987 ) ;
#1854 = LINE ( 'NONE', #1055, #1861 ) ;
#1855 = ORIENTED_EDGE ( 'NONE', *, *, #2285, .T. ) ;
#1856 = FACE_OUTER_BOUND ( 'NONE', #3114, .T. ) ;
#1857 = CIRCLE ( 'NONE', #1732, 0.009000000000000044400 ) ;
#1858 = DIRECTION ( 'NONE',  ( 7.468797715707625400E-017, -6.842277657836020900E-049, -1.000000000000000000 ) ) ;
#1859 = CARTESIAN_POINT ( 'NONE',  ( -0.01400000000000000200, 0.01999999999999996600, 0.1699999999999999800 ) ) ;
#1860 = DIRECTION ( 'NONE',  ( -1.917682592583736000E-017, -1.000000000000000000, -1.432278336694168300E-033 ) ) ;
#1861 = VECTOR ( 'NONE', #3341, 39.37007874015748100 ) ;
#1862 = CARTESIAN_POINT ( 'NONE',  ( -1.480937764815480400E-035, 0.03999999999999998000, -0.01999999999999999000 ) ) ;
#1863 = VERTEX_POINT ( 'NONE', #125 ) ;
#1864 = CARTESIAN_POINT ( 'NONE',  ( 0.0000000000000000000, 0.01324999999999996300, -0.02684313483298438400 ) ) ;
#1865 = DIRECTION ( 'NONE',  ( 7.468797715707625400E-017, -6.842277657836020900E-049, -1.000000000000000000 ) ) ;
#1866 = AXIS2_PLACEMENT_3D ( 'NONE', #1596, #506, #2375 ) ;
#1867 = FACE_OUTER_BOUND ( 'NONE', #1204, .T. ) ;
#1868 = EDGE_CURVE ( 'NONE', #1209, #2612, #1800, .T. ) ;
#1869 = ORIENTED_EDGE ( 'NONE', *, *, #944, .T. ) ;
#1870 = DIRECTION ( 'NONE',  ( -7.359984219135830100E-017, -1.000000000000000000, -6.123233995736766000E-017 ) ) ;
#1871 = VECTOR ( 'NONE', #356, 39.37007874015748100 ) ;
#1872 = DIRECTION ( 'NONE',  ( 1.000000000000000000, 0.0000000000000000000, 0.0000000000000000000 ) ) ;
#1873 = DIRECTION ( 'NONE',  ( 0.0000000000000000000, -1.000000000000000000, 0.0000000000000000000 ) ) ;
#1874 = DIRECTION ( 'NONE',  ( 0.0000000000000000000, 0.0000000000000000000, -1.000000000000000000 ) ) ;
#1875 = CARTESIAN_POINT ( 'NONE',  ( -0.01690831807255742000, 0.05134562847826715200, -0.01841886097075937100 ) ) ;
#1876 = CIRCLE ( 'NONE', #3394, 0.009000000000000035700 ) ;
#1877 = ORIENTED_EDGE ( 'NONE', *, *, #2644, .F. ) ;
#1878 = ORIENTED_EDGE ( 'NONE', *, *, #2355, .T. ) ;
#1879 = ORIENTED_EDGE ( 'NONE', *, *, #3107, .T. ) ;
#1880 = DIRECTION ( 'NONE',  ( 0.0000000000000000000, 0.0000000000000000000, 1.000000000000000000 ) ) ;
#1881 = AXIS2_PLACEMENT_3D ( 'NONE', #1342, #1329, #1309 ) ;
#1882 = EDGE_CURVE ( 'NONE', #510, #424, #1857, .T. ) ;
#1883 = VERTEX_POINT ( 'NONE', #2481 ) ;
#1884 = DIRECTION ( 'NONE',  ( -1.917682592583736000E-017, -1.000000000000000000, -2.580859072157104300E-048 ) ) ;
#1885 = CARTESIAN_POINT ( 'NONE',  ( -0.05000000000000000300, 0.03799999999999999200, 0.09999999999999999200 ) ) ;
#1886 = VERTEX_POINT ( 'NONE', #3230 ) ;
#1887 = EDGE_CURVE ( 'NONE', #761, #2889, #1764, .T. ) ;
#1888 = ORIENTED_EDGE ( 'NONE', *, *, #2863, .F. ) ;
#1889 = VECTOR ( 'NONE', #872, 39.37007874015748100 ) ;
#1890 = EDGE_CURVE ( 'NONE', #1775, #3281, #1816, .T. ) ;
#1891 = B_SPLINE_CURVE_WITH_KNOTS ( 'NONE', 3,
 ( #630, #732, #479, #471, #460, #454, #447, #443, #414, #403, #376, #362, #353, #345, #312, #302, #287, #276, #266, #252, #241, #233, #224, #211, #191, #171, #161, #140, #130, #120, #109 ),
 .UNSPECIFIED., .F., .F.,
 ( 4, 3, 3, 3, 3, 3, 3, 3, 3, 3, 4 ),
 ( 0.0003369579765329502900, 0.0003611059848188186400, 0.0003901273026984855700, 0.0004215203504476857300, 0.0004573280347010131200, 0.0004977923457800231500, 0.0005406283174471413000, 0.0005821233016410335900, 0.0006200439203171018500, 0.0006546205924417052500, 0.0006731574838749577500 ),
 .UNSPECIFIED. ) ;
#1892 = CARTESIAN_POINT ( 'NONE',  ( -0.02637711004381190800, 0.06378213899729355500, -0.01305524630962412100 ) ) ;
#1893 = ORIENTED_EDGE ( 'NONE', *, *, #1635, .F. ) ;
#1894 = DIRECTION ( 'NONE',  ( 7.468797715707634000E-017, 0.0000000000000000000, -1.000000000000000000 ) ) ;
#1895 = CARTESIAN_POINT ( 'NONE',  ( 0.0000000000000000000, 0.01999999999999996600, 0.0000000000000000000 ) ) ;
#1896 = DIRECTION ( 'NONE',  ( 0.0000000000000000000, 0.0000000000000000000, 1.000000000000000000 ) ) ;
#1897 = DIRECTION ( 'NONE',  ( 1.000000000000000000, 0.0000000000000000000, 0.0000000000000000000 ) ) ;
#1898 = DIRECTION ( 'NONE',  ( -1.000000000000000000, 1.917682592583736000E-017, -7.468797715707625400E-017 ) ) ;
#1899 = ORIENTED_EDGE ( 'NONE', *, *, #1928, .T. ) ;
#1900 = FACE_OUTER_BOUND ( 'NONE', #333, .T. ) ;
#1901 = ORIENTED_EDGE ( 'NONE', *, *, #229, .F. ) ;
#1902 = TOROIDAL_SURFACE ( 'NONE', #2268, 0.007999999999999996700, 0.004000000000000000100 ) ;
#1903 = ORIENTED_EDGE ( 'NONE', *, *, #2239, .F. ) ;
#1904 = ORIENTED_EDGE ( 'NONE', *, *, #2740, .T. ) ;
#1905 = ORIENTED_EDGE ( 'NONE', *, *, #781, .T. ) ;
#1906 = VECTOR ( 'NONE', #1787, 39.37007874015748100 ) ;
#1907 = DIRECTION ( 'NONE',  ( -1.000000000000000000, 1.917682592583736000E-017, -7.468797715707625400E-017 ) ) ;
#1908 = DIRECTION ( 'NONE',  ( 0.0000000000000000000, 0.0000000000000000000, 1.000000000000000000 ) ) ;
#1909 = EDGE_LOOP ( 'NONE', ( #2253, #2000 ) ) ;
#1910 = CARTESIAN_POINT ( 'NONE',  ( 0.05000000000000000300, 0.0000000000000000000, 0.0000000000000000000 ) ) ;
#1911 = EDGE_LOOP ( 'NONE', ( #1145, #1682, #2590, #3040 ) ) ;
#1912 = EDGE_CURVE ( 'NONE', #1886, #831, #1734, .T. ) ;
#1913 = ORIENTED_EDGE ( 'NONE', *, *, #1116, .F. ) ;
#1914 = FACE_OUTER_BOUND ( 'NONE', #1003, .T. ) ;
#1915 = AXIS2_PLACEMENT_3D ( 'NONE', #1078, #194, #483 ) ;
#1916 = CARTESIAN_POINT ( 'NONE',  ( 0.02423324509004284900, 0.05607417691283095300, -0.01542044222489844500 ) ) ;
#1917 = CARTESIAN_POINT ( 'NONE',  ( 0.0000000000000000000, 0.03999999999999998000, -0.01999999999999999000 ) ) ;
#1918 = VERTEX_POINT ( 'NONE', #361 ) ;
#1919 = ORIENTED_EDGE ( 'NONE', *, *, #2663, .F. ) ;
#1920 = DIRECTION ( 'NONE',  ( 1.000000000000000000, -0.0000000000000000000, 0.0000000000000000000 ) ) ;
#1921 = AXIS2_PLACEMENT_3D ( 'NONE', #2596, #2154, #2674 ) ;
#1922 = AXIS2_PLACEMENT_3D ( 'NONE', #3033, #1538, #3289 ) ;
#1923 = EDGE_CURVE ( 'NONE', #3304, #1159, #1765, .T. ) ;
#1924 = CARTESIAN_POINT ( 'NONE',  ( 0.04654683525732306700, 0.005663455893543605800, -0.0000000000000000000 ) ) ;
#1925 = CARTESIAN_POINT ( 'NONE',  ( 0.02499999999998953800, 0.06399999999999994600, -0.01306703615889887600 ) ) ;
#1926 = EDGE_LOOP ( 'NONE', ( #1504, #1976, #2995, #1014 ) ) ;
#1927 = CIRCLE ( 'NONE', #2607, 0.009000000000000044400 ) ;
#1928 = EDGE_CURVE ( 'NONE', #642, #3000, #1808, .T. ) ;
#1929 = EDGE_LOOP ( 'NONE', ( #190, #703 ) ) ;
#1930 = CARTESIAN_POINT ( 'NONE',  ( -0.03557468376606216800, 0.06331484721429991900, -0.01015670828268843700 ) ) ;
#1931 = ORIENTED_EDGE ( 'NONE', *, *, #1189, .T. ) ;
#1932 = AXIS2_PLACEMENT_3D ( 'NONE', #1573, #1666, #1810 ) ;
#1933 = B_SPLINE_CURVE_WITH_KNOTS ( 'NONE', 3,
 ( #2072, #1956, #1950, #1916 ),
 .UNSPECIFIED., .F., .F.,
 ( 4, 4 ),
 ( 0.0000000000000000000, 2.099365430288638100E-005 ),
 .UNSPECIFIED. ) ;
#1934 = FACE_OUTER_BOUND ( 'NONE', #499, .T. ) ;
#1935 = LINE ( 'NONE', #231, #1955 ) ;
#1936 = CARTESIAN_POINT ( 'NONE',  ( -0.02499999999999997400, 0.05199999999999994900, -0.05199999999999978900 ) ) ;
#1937 = CARTESIAN_POINT ( 'NONE',  ( 0.02637117231060641700, 0.06375764374237712100, -0.01305814829624959800 ) ) ;
#1938 = VERTEX_POINT ( 'NONE', #2208 ) ;
#1939 = FACE_OUTER_BOUND ( 'NONE', #901, .T. ) ;
#1940 = AXIS2_PLACEMENT_3D ( 'NONE', #919, #1988, #1851 ) ;
#1941 = DIRECTION ( 'NONE',  ( -7.468797715707625400E-017, 6.842277657836020900E-049, 1.000000000000000000 ) ) ;
#1942 = CARTESIAN_POINT ( 'NONE',  ( 0.02895334674452598000, 0.05937088702213699100, -0.01335371349109349400 ) ) ;
#1943 = EDGE_CURVE ( 'NONE', #1811, #2842, #1686, .T. ) ;
#1944 = VECTOR ( 'NONE', #2866, 39.37007874015748100 ) ;
#1945 = AXIS2_PLACEMENT_3D ( 'NONE', #1721, #3136, #2195 ) ;
#1946 = PLANE ( 'NONE',  #2430 ) ;
#1947 = VERTEX_POINT ( 'NONE', #2532 ) ;
#1948 = DIRECTION ( 'NONE',  ( -0.0000000000000000000, 1.000000000000000000, -0.0000000000000000000 ) ) ;
#1949 = CARTESIAN_POINT ( 'NONE',  ( 0.02855975816616541900, 0.05813127726935077300, -0.01354504985469357600 ) ) ;
#1950 = CARTESIAN_POINT ( 'NONE',  ( 0.02448634091671944600, 0.05602474461248370400, -0.01532124019774189200 ) ) ;
#1951 = AXIS2_PLACEMENT_3D ( 'NONE', #2380, #2279, #2250 ) ;
#1952 = EDGE_LOOP ( 'NONE', ( #100, #2658, #1224, #1919 ) ) ;
#1953 = CARTESIAN_POINT ( 'NONE',  ( 0.02500000000000003300, 0.007999999999999951600, -0.06799999999999979700 ) ) ;
#1954 = DIRECTION ( 'NONE',  ( -1.000000000000000000, 0.0000000000000000000, -0.0000000000000000000 ) ) ;
#1955 = VECTOR ( 'NONE', #1418, 39.37007874015748100 ) ;
#1956 = CARTESIAN_POINT ( 'NONE',  ( 0.02474402711203859900, 0.05599999999999994600, -0.01521841635555272600 ) ) ;
#1957 = ORIENTED_EDGE ( 'NONE', *, *, #1240, .F. ) ;
#1958 = EDGE_CURVE ( 'NONE', #1844, #3000, #1360, .T. ) ;
#1959 = ORIENTED_EDGE ( 'NONE', *, *, #80, .F. ) ;
#1960 = VERTEX_POINT ( 'NONE', #670 ) ;
#1961 = DIRECTION ( 'NONE',  ( 0.0000000000000000000, 0.0000000000000000000, -1.000000000000000000 ) ) ;
#1962 = FACE_OUTER_BOUND ( 'NONE', #482, .T. ) ;
#1963 = CARTESIAN_POINT ( 'NONE',  ( -0.004092414421750800900, 0.04274432156824265600, -0.01999999999999999000 ) ) ;
#1964 = FACE_OUTER_BOUND ( 'NONE', #933, .T. ) ;
#1965 = DIRECTION ( 'NONE',  ( -1.000000000000000000, 0.0000000000000000000, 0.0000000000000000000 ) ) ;
#1966 = PLANE ( 'NONE',  #189 ) ;
#1967 = CARTESIAN_POINT ( 'NONE',  ( 0.02100000000000000500, 0.01324999999999996300, -0.02684313483298438400 ) ) ;
#1968 = FACE_OUTER_BOUND ( 'NONE', #1756, .T. ) ;
#1969 = CARTESIAN_POINT ( 'NONE',  ( 2.875855962712440000E-017, 0.01199999999999995000, -0.06799999999999979700 ) ) ;
#1970 = EDGE_LOOP ( 'NONE', ( #818, #2630, #1674, #2127 ) ) ;
#1971 = CARTESIAN_POINT ( 'NONE',  ( -0.04142041855045269800, 0.01302973239783693600, -0.006458521246806436500 ) ) ;
#1972 = EDGE_LOOP ( 'NONE', ( #238, #949, #2426, #2626 ) ) ;
#1973 = CIRCLE ( 'NONE', #2529, 0.005999999999999983600 ) ;
#1974 = ADVANCED_FACE ( 'NONE', ( #1729, #1683, #1722, #1650 ), #1273, .F. ) ;
#1975 = ORIENTED_EDGE ( 'NONE', *, *, #1702, .F. ) ;
#1976 = ORIENTED_EDGE ( 'NONE', *, *, #2821, .T. ) ;
#1977 = FACE_OUTER_BOUND ( 'NONE', #2318, .T. ) ;
#1978 = AXIS2_PLACEMENT_3D ( 'NONE', #8, #2919, #3163 ) ;
#1979 = EDGE_CURVE ( 'NONE', #755, #2985, #1595, .T. ) ;
#1980 = CARTESIAN_POINT ( 'NONE',  ( 2.860514501971769900E-017, 0.003999999999999952400, -0.06799999999999979700 ) ) ;
#1981 = VERTEX_POINT ( 'NONE', #1371 ) ;
#1982 = DIRECTION ( 'NONE',  ( -7.468797715707625400E-017, 6.842277657836020900E-049, 1.000000000000000000 ) ) ;
#1983 = LINE ( 'NONE', #3142, #2371 ) ;
#1984 = EDGE_CURVE ( 'NONE', #2164, #1065, #1521, .T. ) ;
#1985 = ORIENTED_EDGE ( 'NONE', *, *, #3131, .T. ) ;
#1986 = B_SPLINE_CURVE_WITH_KNOTS ( 'NONE', 3,
 ( #1253, #2779, #141, #2030, #430, #2312, #733, #2565 ),
 .UNSPECIFIED., .F., .F.,
 ( 4, 2, 2, 4 ),
 ( -8.219976928081076500E-006, 0.0007708179585502213200, 0.001160336926289372600, 0.001549855894028523200 ),
 .UNSPECIFIED. ) ;
#1987 = DIRECTION ( 'NONE',  ( 1.000000000000000000, 0.0000000000000000000, 0.0000000000000000000 ) ) ;
#1988 = DIRECTION ( 'NONE',  ( -1.000000000000000000, -0.0000000000000000000, 0.0000000000000000000 ) ) ;
#1989 = ADVANCED_FACE ( 'NONE', ( #1770 ), #1503, .F. ) ;
#1990 = DIRECTION ( 'NONE',  ( 1.000000000000000000, 0.0000000000000000000, 0.0000000000000000000 ) ) ;
#1991 = ORIENTED_EDGE ( 'NONE', *, *, #295, .F. ) ;
#1992 = ORIENTED_EDGE ( 'NONE', *, *, #375, .F. ) ;
#1993 = VECTOR ( 'NONE', #2669, 39.37007874015748100 ) ;
#1994 = AXIS2_PLACEMENT_3D ( 'NONE', #1998, #1801, #92 ) ;
#1995 = EDGE_CURVE ( 'NONE', #741, #720, #1513, .T. ) ;
#1996 = DIRECTION ( 'NONE',  ( 0.0000000000000000000, 1.000000000000000000, 0.0000000000000000000 ) ) ;
#1997 = CYLINDRICAL_SURFACE ( 'NONE', #2073, 0.004000000000000003600 ) ;
#1998 = CARTESIAN_POINT ( 'NONE',  ( 2.325588123605603300E-017, 0.05999999999999994900, 0.01800000000000020700 ) ) ;
#1999 = DIRECTION ( 'NONE',  ( -7.468797715707625400E-017, 6.842277657836020900E-049, 1.000000000000000000 ) ) ;
#2000 = ORIENTED_EDGE ( 'NONE', *, *, #3273, .T. ) ;
#2001 =( CONVERSION_BASED_UNIT ( 'INCH', #3240 ) LENGTH_UNIT ( ) NAMED_UNIT ( #1040 ) );
#2002 = LINE ( 'NONE', #1574, #1993 ) ;
#2003 = CARTESIAN_POINT ( 'NONE',  ( -1.612212026516575700E-035, 0.03999999999999998000, -0.01999999999999999000 ) ) ;
#2004 = CARTESIAN_POINT ( 'NONE',  ( 2.833062502964466700E-017, 0.05199999999999994900, -0.05199999999999978900 ) ) ;
#2005 = B_SPLINE_CURVE_WITH_KNOTS ( 'NONE', 3,
 ( #2878, #2847, #3082, #3175, #3358, #3382 ),
 .UNSPECIFIED., .F., .F.,
 ( 4, 2, 4 ),
 ( 0.0004674063085929400100, 0.0009810863023566669800, 0.001494766296120394100 ),
 .UNSPECIFIED. ) ;
#2006 = LINE ( 'NONE', #981, #1889 ) ;
#2007 = ADVANCED_FACE ( 'NONE', ( #1515 ), #2631, .T. ) ;
#2008 = CYLINDRICAL_SURFACE ( 'NONE', #33, 0.01075000000000000300 ) ;
#2009 = ORIENTED_EDGE ( 'NONE', *, *, #2420, .F. ) ;
#2010 = CIRCLE ( 'NONE', #739, 0.009000000000000035700 ) ;
#2011 = CARTESIAN_POINT ( 'NONE',  ( -0.04750000000007114500, 0.07224042100832935000, 0.0000000000000000000 ) ) ;
#2012 = DIRECTION ( 'NONE',  ( 0.0000000000000000000, 0.0000000000000000000, -1.000000000000000000 ) ) ;
#2013 = CLOSED_SHELL ( 'NONE', ( #3009, #1582, #1549, #2054, #419, #2794, #2342, #2357, #193, #158, #477, #766, #452, #2552, #3038, #2774, #1066, #3343, #1268, #1815, #2788, #2244, #1514, #1300, #2579, #2031, #3056, #1773, #719, #1330, #433, #1751, #730, #1564, #411, #3326, #1777, #1790, #3283, #735, #2298, #132, #1531, #2770, #85, #2007, #1016, #2567, #3266, #2598, #2282, #2024, #2321, #117, #2527, #2753, #694, #1989, #396, #3252, #3023, #1757, #1228, #2512, #1050, #372, #1723, #678, #1492, #2499, #1974, #3291, #1278, #969, #1019, #1210, #2734, #355, #1545, #2722, #1477, #439, #1534, #2040, #2070, #174, #2304, #3035, #3238, #2809, #2571, #134, #2829, #748, #3303, #2993, #99, #986, #1031, #1284, #2261, #1241, #153, #1739, #997, #1261, #2545, #3070 ) ) ;
#2014 = CIRCLE ( 'NONE', #223, 0.003999999999999999200 ) ;
#2015 = ORIENTED_EDGE ( 'NONE', *, *, #745, .T. ) ;
#2016 = AXIS2_PLACEMENT_3D ( 'NONE', #2804, #3058, #103 ) ;
#2017 = DIRECTION ( 'NONE',  ( 0.0000000000000000000, 0.0000000000000000000, -1.000000000000000000 ) ) ;
#2018 = CARTESIAN_POINT ( 'NONE',  ( -0.04654190462359416400, 0.005661770681168757700, -0.0000000000000000000 ) ) ;
#2019 = DIRECTION ( 'NONE',  ( 0.0000000000000000000, 4.202588515167456800E-016, 1.000000000000000000 ) ) ;
#2020 = CARTESIAN_POINT ( 'NONE',  ( -0.04749999999999999400, 0.07009792610312781700, 0.0000000000000000000 ) ) ;
#2021 = PRODUCT_DEFINITION ( 'UNKNOWN', '', #2210, #2921 ) ;
#2022 = ORIENTED_EDGE ( 'NONE', *, *, #879, .F. ) ;
#2023 = EDGE_CURVE ( 'NONE', #3304, #1099, #2876, .T. ) ;
#2024 = ADVANCED_FACE ( 'NONE', ( #1550 ), #1434, .F. ) ;
#2025 = CARTESIAN_POINT ( 'NONE',  ( 0.02098304005584667900, 0.05996796580621584200, -0.01531885799079316300 ) ) ;
#2026 = CIRCLE ( 'NONE', #3063, 0.004000000000000000100 ) ;
#2027 = ORIENTED_EDGE ( 'NONE', *, *, #2902, .T. ) ;
#2028 = CARTESIAN_POINT ( 'NONE',  ( -0.004000000000000001000, 0.01248717191803766300, -0.01065060974774785300 ) ) ;
#2029 = EDGE_CURVE ( 'NONE', #1141, #935, #2885, .T. ) ;
#2030 = CARTESIAN_POINT ( 'NONE',  ( -0.02898378856206651500, 0.02085625197288344300, -0.01350013170202128700 ) ) ;
#2031 = ADVANCED_FACE ( 'NONE', ( #1467 ), #1390, .T. ) ;
#2032 = CARTESIAN_POINT ( 'NONE',  ( -0.02098532028430789500, 0.06033412760079405500, -0.01515849167019284500 ) ) ;
#2033 = CIRCLE ( 'NONE', #226, 0.005999999999999967200 ) ;
#2034 = LINE ( 'NONE', #3080, #2494 ) ;
#2035 = CARTESIAN_POINT ( 'NONE',  ( 0.02500000000000002200, 0.05999999999999994900, 0.01800000000000020700 ) ) ;
#2036 = DIRECTION ( 'NONE',  ( 1.000000000000000000, 0.0000000000000000000, 0.0000000000000000000 ) ) ;
#2037 = CARTESIAN_POINT ( 'NONE',  ( 0.02100293478932197000, 0.05958455312558061400, -0.01548044730819000800 ) ) ;
#2038 = CARTESIAN_POINT ( 'NONE',  ( -0.03572128036703851900, 0.07504530207393146600, -0.004443431313398259000 ) ) ;
#2039 = LINE ( 'NONE', #239, #2551 ) ;
#2040 = ADVANCED_FACE ( 'NONE', ( #2687, #1386, #1421, #1506 ), #150, .F. ) ;
#2041 = DIRECTION ( 'NONE',  ( 1.000000000000000000, -1.917682592583736000E-017, 7.468797715707625400E-017 ) ) ;
#2042 = AXIS2_PLACEMENT_3D ( 'NONE', #2059, #1772, #1848 ) ;
#2043 = VERTEX_POINT ( 'NONE', #214 ) ;
#2044 = LINE ( 'NONE', #742, #2142 ) ;
#2045 = EDGE_CURVE ( 'NONE', #2556, #2182, #1357, .T. ) ;
#2046 = CARTESIAN_POINT ( 'NONE',  ( 0.02100000000000000500, 0.002499999999999956300, -0.02684313483298438400 ) ) ;
#2047 = FACE_OUTER_BOUND ( 'NONE', #2193, .T. ) ;
#2048 = CARTESIAN_POINT ( 'NONE',  ( 2.325588123605603300E-017, 0.05999999999999994900, 0.01800000000000020700 ) ) ;
#2049 = ORIENTED_EDGE ( 'NONE', *, *, #2958, .T. ) ;
#2050 = ORIENTED_EDGE ( 'NONE', *, *, #2983, .F. ) ;
#2051 = FACE_OUTER_BOUND ( 'NONE', #2628, .T. ) ;
#2052 = EDGE_CURVE ( 'NONE', #1456, #755, #1362, .T. ) ;
#2053 = EDGE_LOOP ( 'NONE', ( #586, #525, #704, #758, #2574, #3029, #3157, #3144 ) ) ;
#2054 = ADVANCED_FACE ( 'NONE', ( #1295 ), #1400, .T. ) ;
#2055 = CARTESIAN_POINT ( 'NONE',  ( -0.02499999999999999800, 0.01248717191803766000, -0.01065060974774785700 ) ) ;
#2056 = CARTESIAN_POINT ( 'NONE',  ( -0.02499999999999997400, 0.01199999999999995000, -0.05999999999999979700 ) ) ;
#2057 = ORIENTED_EDGE ( 'NONE', *, *, #2023, .F. ) ;
#2058 = AXIS2_PLACEMENT_3D ( 'NONE', #625, #941, #1283 ) ;
#2059 = CARTESIAN_POINT ( 'NONE',  ( 0.0000000000000000000, 0.2402230518298162400, 0.04640625000000003100 ) ) ;
#2060 = LINE ( 'NONE', #1126, #2196 ) ;
#2061 = ORIENTED_EDGE ( 'NONE', *, *, #1795, .T. ) ;
#2062 = LINE ( 'NONE', #197, #1843 ) ;
#2063 = EDGE_CURVE ( 'NONE', #289, #1347, #1311, .T. ) ;
#2064 = EDGE_LOOP ( 'NONE', ( #1030, #79, #641, #1098 ) ) ;
#2065 = CARTESIAN_POINT ( 'NONE',  ( 0.02422694373610896300, 0.06394289401592227800, -0.01313005133012914500 ) ) ;
#2066 = CARTESIAN_POINT ( 'NONE',  ( 1.350003751479463800E-017, 0.06599999999999992000, 0.1600000000000002000 ) ) ;
#2067 = LINE ( 'NONE', #1023, #1639 ) ;
#2068 = ORIENTED_EDGE ( 'NONE', *, *, #1280, .F. ) ;
#2069 = CARTESIAN_POINT ( 'NONE',  ( -0.02881564886381785700, 0.06128044719798427000, -0.01323390916104482400 ) ) ;
#2070 = ADVANCED_FACE ( 'NONE', ( #1259 ), #1243, .T. ) ;
#2071 = DIRECTION ( 'NONE',  ( 1.000000000000000000, 0.0000000000000000000, 0.0000000000000000000 ) ) ;
#2072 = CARTESIAN_POINT ( 'NONE',  ( 0.02500000000000002900, 0.05599999999999994600, -0.01511439725815632600 ) ) ;
#2073 = AXIS2_PLACEMENT_3D ( 'NONE', #860, #2580, #1308 ) ;
#2074 = DIRECTION ( 'NONE',  ( -7.468797715707625400E-017, 6.842277657836020900E-049, 1.000000000000000000 ) ) ;
#2075 = VECTOR ( 'NONE', #3101, 39.37007874015748100 ) ;
#2076 = CARTESIAN_POINT ( 'NONE',  ( 0.02159946760992406700, 0.05786017016604203000, -0.01596140137066376700 ) ) ;
#2077 = ORIENTED_EDGE ( 'NONE', *, *, #3345, .F. ) ;
#2078 =( NAMED_UNIT ( * ) SI_UNIT ( $, .STERADIAN. ) SOLID_ANGLE_UNIT ( ) );
#2079 = LINE ( 'NONE', #1699, #2075 ) ;
#2080 = ORIENTED_EDGE ( 'NONE', *, *, #3395, .F. ) ;
#2081 =( NAMED_UNIT ( * ) PLANE_ANGLE_UNIT ( ) SI_UNIT ( $, .RADIAN. ) );
#2082 = VECTOR ( 'NONE', #1516, 39.37007874015748100 ) ;
#2083 = AXIS2_PLACEMENT_3D ( 'NONE', #1980, #1792, #1802 ) ;
#2084 = CARTESIAN_POINT ( 'NONE',  ( 0.02386308434902530500, 0.06383502578903518800, -0.01319708700864276200 ) ) ;
#2085 = CARTESIAN_POINT ( 'NONE',  ( -0.02900000000000000100, 0.002499999999999956300, -0.02684313483298438400 ) ) ;
#2086 = DIRECTION ( 'NONE',  ( -1.000000000000000000, -0.0000000000000000000, 0.0000000000000000000 ) ) ;
#2087 = AXIS2_PLACEMENT_3D ( 'NONE', #3276, #417, #2297 ) ;
#2088 = EDGE_CURVE ( 'NONE', #1609, #274, #1255, .T. ) ;
#2089 = CIRCLE ( 'NONE', #2449, 0.009000000000000044400 ) ;
#2090 = EDGE_LOOP ( 'NONE', ( #1359, #449, #3387, #3391 ) ) ;
#2091 =( BOUNDED_SURFACE ( )  B_SPLINE_SURFACE ( 3, 2, ( 
 ( #1576, #1365, #1108 ),
 ( #1093, #1083, #1049 ),
 ( #1026, #884, #874 ),
 ( #823, #810, #789 ) ),
 .UNSPECIFIED., .F., .F., .F. ) 
 B_SPLINE_SURFACE_WITH_KNOTS ( ( 4, 4 ),
 ( 3, 3 ),
 ( 0.0007684244250479695600, 0.001381453380941146000 ),
 ( 0.0000000000000000000, 1.000000000000000000 ),
 .UNSPECIFIED. ) 
 GEOMETRIC_REPRESENTATION_ITEM ( )  RATIONAL_B_SPLINE_SURFACE ( (
 ( 1.000000000000000000, 0.9411878006478408000, 1.000000000000000000),
 ( 1.000000000000000000, 0.9103483858160373900, 1.000000000000000000),
 ( 1.000000000000000000, 0.8675111371092142400, 1.000000000000000000),
 ( 1.000000000000000000, 0.8199304741106172600, 1.000000000000000000) ) ) 
 REPRESENTATION_ITEM ( '' )  SURFACE ( )  );
#2092 = EDGE_CURVE ( 'NONE', #2556, #1024, #1256, .T. ) ;
#2093 = CARTESIAN_POINT ( 'NONE',  ( 0.02900000000000000100, 0.007203124999999971700, -0.01795506402237678400 ) ) ;
#2094 = EDGE_LOOP ( 'NONE', ( #2500, #1680, #2933, #765 ) ) ;
#2095 = FACE_OUTER_BOUND ( 'NONE', #494, .T. ) ;
#2096 = VERTEX_POINT ( 'NONE', #1346 ) ;
#2097 = CIRCLE ( 'NONE', #1004, 0.04515625000000003700 ) ;
#2098 = CARTESIAN_POINT ( 'NONE',  ( 0.02386308434902530500, 0.06383502578903518800, -0.01319708700864276200 ) ) ;
#2099 = ORIENTED_EDGE ( 'NONE', *, *, #1923, .F. ) ;
#2100 = CARTESIAN_POINT ( 'NONE',  ( -0.04321776053433664500, 0.003034599147858551600, -0.0000000000000000000 ) ) ;
#2101 = CARTESIAN_POINT ( 'NONE',  ( -0.02100000000000000500, 0.002499999999999951900, -0.03699999999999997700 ) ) ;
#2102 = CARTESIAN_POINT ( 'NONE',  ( -0.02500000000000000100, 0.01324999999999996300, -0.02684313483298438400 ) ) ;
#2103 = CARTESIAN_POINT ( 'NONE',  ( 0.02500000000000001900, 0.05999999999999994900, 0.1000000000000000100 ) ) ;
#2104 = CARTESIAN_POINT ( 'NONE',  ( 0.02500000000000003300, 0.007999999999999951600, -0.08699999999999980000 ) ) ;
#2105 = VECTOR ( 'NONE', #1865, 39.37007874015748100 ) ;
#2106 = CARTESIAN_POINT ( 'NONE',  ( -0.02888875119280873800, 0.05906318936789312100, -0.01338697782374682000 ) ) ;
#2107 = FACE_OUTER_BOUND ( 'NONE', #1911, .T. ) ;
#2108 = CARTESIAN_POINT ( 'NONE',  ( 0.02835032191945331000, 0.05777940356273137500, -0.01364476960790412200 ) ) ;
#2109 = PLANE ( 'NONE',  #55 ) ;
#2110 = AXIS2_PLACEMENT_3D ( 'NONE', #1562, #1529, #1873 ) ;
#2111 = ORIENTED_EDGE ( 'NONE', *, *, #2451, .T. ) ;
#2112 = DIRECTION ( 'NONE',  ( 1.000000000000000000, 0.0000000000000000000, 0.0000000000000000000 ) ) ;
#2113 = CARTESIAN_POINT ( 'NONE',  ( 1.612212026516575700E-035, 0.03999999999999998000, -0.01999999999999999000 ) ) ;
#2114 = CIRCLE ( 'NONE', #1922, 0.01325000000000000500 ) ;
#2115 = EDGE_CURVE ( 'NONE', #1184, #2153, #1291, .T. ) ;
#2116 = ORIENTED_EDGE ( 'NONE', *, *, #2145, .F. ) ;
#2117 = ORIENTED_EDGE ( 'NONE', *, *, #2926, .F. ) ;
#2118 = AXIS2_PLACEMENT_3D ( 'NONE', #2242, #710, #3167 ) ;
#2119 = CARTESIAN_POINT ( 'NONE',  ( 0.02531122596827536200, 0.05599999999999994600, -0.01498792509712339900 ) ) ;
#2120 = DIRECTION ( 'NONE',  ( 1.000000000000000000, -1.917682592583736000E-017, 7.468797715707625400E-017 ) ) ;
#2121 = ORIENTED_EDGE ( 'NONE', *, *, #3360, .T. ) ;
#2122 = DIRECTION ( 'NONE',  ( 0.0000000000000000000, 0.0000000000000000000, -1.000000000000000000 ) ) ;
#2123 = CARTESIAN_POINT ( 'NONE',  ( -0.01436357103526881100, 0.05457424287380653600, -0.01827418332800803000 ) ) ;
#2124 = VERTEX_POINT ( 'NONE', #3364 ) ;
#2125 = ORIENTED_EDGE ( 'NONE', *, *, #271, .F. ) ;
#2126 = VERTEX_POINT ( 'NONE', #780 ) ;
#2127 = ORIENTED_EDGE ( 'NONE', *, *, #2052, .F. ) ;
#2128 = CYLINDRICAL_SURFACE ( 'NONE', #2083, 0.004000000000000000100 ) ;
#2129 = ORIENTED_EDGE ( 'NONE', *, *, #316, .T. ) ;
#2130 = DIRECTION ( 'NONE',  ( 0.0000000000000000000, -1.000000000000000000, 0.0000000000000000000 ) ) ;
#2131 = TOROIDAL_SURFACE ( 'NONE', #1921, 0.008000000000000000200, 0.004000000000000000100 ) ;
#2132 = AXIS2_PLACEMENT_3D ( 'NONE', #203, #2608, #235 ) ;
#2133 = FACE_OUTER_BOUND ( 'NONE', #98, .T. ) ;
#2134 = EDGE_CURVE ( 'NONE', #2177, #61, #1216, .T. ) ;
#2135 = ORIENTED_EDGE ( 'NONE', *, *, #41, .F. ) ;
#2136 = B_SPLINE_CURVE_WITH_KNOTS ( 'NONE', 3,
 ( #2773, #2762, #2521, #2974 ),
 .UNSPECIFIED., .F., .F.,
 ( 4, 4 ),
 ( -7.585058811340812400E-006, 0.001026415807276941000 ),
 .UNSPECIFIED. ) ;
#2137 = DIRECTION ( 'NONE',  ( 1.000000000000000000, -1.917682592583736000E-017, 7.468797715707625400E-017 ) ) ;
#2138 = CARTESIAN_POINT ( 'NONE',  ( 0.05000000000000000300, 0.07999999999999996000, 0.0000000000000000000 ) ) ;
#2139 = FACE_OUTER_BOUND ( 'NONE', #828, .T. ) ;
#2140 = DIRECTION ( 'NONE',  ( -1.917682592583735000E-017, -1.000000000000000000, -1.067128122525102900E-016 ) ) ;
#2141 = DIRECTION ( 'NONE',  ( 7.468797715707625400E-017, -6.842277657836020900E-049, -1.000000000000000000 ) ) ;
#2142 = VECTOR ( 'NONE', #3254, 39.37007874015748100 ) ;
#2143 = EDGE_CURVE ( 'NONE', #614, #1473, #1396, .T. ) ;
#2144 = ORIENTED_EDGE ( 'NONE', *, *, #2926, .T. ) ;
#2145 = EDGE_CURVE ( 'NONE', #2427, #1458, #1151, .T. ) ;
#2146 = LINE ( 'NONE', #2066, #2188 ) ;
#2147 = CARTESIAN_POINT ( 'NONE',  ( -0.02423324509013618700, 0.05607417691328300100, -0.01542044222483028100 ) ) ;
#2148 = CARTESIAN_POINT ( 'NONE',  ( -0.02499999999999997400, 0.01199999999999995000, -0.06799999999999979700 ) ) ;
#2149 = CARTESIAN_POINT ( 'NONE',  ( -0.02499999999999998100, 0.05999999999999994900, 0.01800000000000020700 ) ) ;
#2150 = CARTESIAN_POINT ( 'NONE',  ( -0.02499999999999997400, 0.01199999999999995000, -0.06399999999999979300 ) ) ;
#2151 = ORIENTED_EDGE ( 'NONE', *, *, #201, .T. ) ;
#2152 = TOROIDAL_SURFACE ( 'NONE', #357, 0.008000000000000000200, 0.004000000000000000100 ) ;
#2153 = VERTEX_POINT ( 'NONE', #1234 ) ;
#2154 = DIRECTION ( 'NONE',  ( -1.000000000000000000, 1.917682592583736000E-017, -7.468797715707625400E-017 ) ) ;
#2155 = CARTESIAN_POINT ( 'NONE',  ( 0.02888875119450233900, 0.05906318936694857100, -0.01338697782294017600 ) ) ;
#2156 = AXIS2_PLACEMENT_3D ( 'NONE', #888, #1412, #2438 ) ;
#2157 = EDGE_CURVE ( 'NONE', #831, #1141, #848, .T. ) ;
#2158 = ORIENTED_EDGE ( 'NONE', *, *, #2624, .F. ) ;
#2159 = CARTESIAN_POINT ( 'NONE',  ( -0.02857276955414180000, 0.01249146711588874400, -0.01063571579543008500 ) ) ;
#2160 = CARTESIAN_POINT ( 'NONE',  ( 0.02900000000000000500, 0.01167367505353069000, -0.01001425109226501000 ) ) ;
#2161 = DIRECTION ( 'NONE',  ( 0.0000000000000000000, -1.000000000000000000, 0.0000000000000000000 ) ) ;
#2162 = FACE_OUTER_BOUND ( 'NONE', #2372, .T. ) ;
#2163 = ORIENTED_EDGE ( 'NONE', *, *, #3298, .T. ) ;
#2164 = VERTEX_POINT ( 'NONE', #1557 ) ;
#2165 = EDGE_CURVE ( 'NONE', #591, #1200, #1175, .T. ) ;
#2166 = ORIENTED_EDGE ( 'NONE', *, *, #2511, .F. ) ;
#2167 = LINE ( 'NONE', #2699, #3156 ) ;
#2168 = CARTESIAN_POINT ( 'NONE',  ( -0.02123963864213453100, 0.05863629825171612400, -0.01579130944706274800 ) ) ;
#2169 = EDGE_CURVE ( 'NONE', #1587, #3074, #3043, .T. ) ;
#2170 = ORIENTED_EDGE ( 'NONE', *, *, #1158, .F. ) ;
#2171 = EDGE_LOOP ( 'NONE', ( #1428, #2873 ) ) ;
#2172 = EDGE_LOOP ( 'NONE', ( #839, #75, #3301, #3097 ) ) ;
#2173 = CARTESIAN_POINT ( 'NONE',  ( -0.02499999999999997400, 0.05199999999999994900, -0.05199999999999978900 ) ) ;
#2174 = FACE_OUTER_BOUND ( 'NONE', #46, .T. ) ;
#2175 = CARTESIAN_POINT ( 'NONE',  ( -0.02500000000000000100, -0.0002500000000000349200, -0.006999999999999952400 ) ) ;
#2176 = DIRECTION ( 'NONE',  ( -1.000000000000000000, -0.0000000000000000000, -0.0000000000000000000 ) ) ;
#2177 = VERTEX_POINT ( 'NONE', #797 ) ;
#2178 = CYLINDRICAL_SURFACE ( 'NONE', #3268, 0.009000000000000035700 ) ;
#2179 = VECTOR ( 'NONE', #2071, 39.37007874015748100 ) ;
#2180 = ORIENTED_EDGE ( 'NONE', *, *, #3378, .F. ) ;
#2181 = LINE ( 'NONE', #2387, #2082 ) ;
#2182 = VERTEX_POINT ( 'NONE', #3030 ) ;
#2183 = AXIS2_PLACEMENT_3D ( 'NONE', #2035, #2205, #2251 ) ;
#2184 = EDGE_CURVE ( 'NONE', #3121, #2807, #1143, .T. ) ;
#2185 = CARTESIAN_POINT ( 'NONE',  ( -0.02900000000000000100, 0.03999999999999998000, 0.02515625000000004300 ) ) ;
#2186 = CARTESIAN_POINT ( 'NONE',  ( 0.02500000000000003300, 0.05199999999999994900, -0.06399999999999979300 ) ) ;
#2187 = CARTESIAN_POINT ( 'NONE',  ( 2.816105580986778300E-017, 0.01199999999999995000, -0.05999999999999979700 ) ) ;
#2188 = VECTOR ( 'NONE', #2875, 39.37007874015748100 ) ;
#2189 = CARTESIAN_POINT ( 'NONE',  ( 0.02500000000000003300, 0.05199999999999994900, -0.05599999999999978600 ) ) ;
#2190 = ORIENTED_EDGE ( 'NONE', *, *, #2489, .T. ) ;
#2191 = CIRCLE ( 'NONE', #3305, 0.004000000000000000100 ) ;
#2192 = DIRECTION ( 'NONE',  ( 0.0000000000000000000, 0.0000000000000000000, 1.000000000000000000 ) ) ;
#2193 = EDGE_LOOP ( 'NONE', ( #807, #1791, #2846, #1623 ) ) ;
#2194 = FACE_OUTER_BOUND ( 'NONE', #2623, .T. ) ;
#2195 = DIRECTION ( 'NONE',  ( -1.917682592583736000E-017, -1.000000000000000000, -1.432278336694167800E-033 ) ) ;
#2196 = VECTOR ( 'NONE', #1384, 39.37007874015748100 ) ;
#2197 = CARTESIAN_POINT ( 'NONE',  ( 0.02500000000000003300, 0.01199999999999995000, -0.05999999999999979700 ) ) ;
#2198 = VERTEX_POINT ( 'NONE', #1496 ) ;
#2199 = CARTESIAN_POINT ( 'NONE',  ( 2.892812884690128300E-017, 0.05199999999999994900, -0.05999999999999979000 ) ) ;
#2200 = CARTESIAN_POINT ( 'NONE',  ( 0.04320352259809342300, 0.003025564260845031500, 5.499581230327114900E-034 ) ) ;
#2201 = DIRECTION ( 'NONE',  ( -7.468797715707625400E-017, 6.842277657836020900E-049, 1.000000000000000000 ) ) ;
#2202 = CARTESIAN_POINT ( 'NONE',  ( 0.02716848444698605200, 0.06338917772332580700, -0.01309520427876166200 ) ) ;
#2203 = LINE ( 'NONE', #825, #2105 ) ;
#2204 = ORIENTED_EDGE ( 'NONE', *, *, #2636, .T. ) ;
#2205 = DIRECTION ( 'NONE',  ( -7.468797715707625400E-017, 6.842277657836020900E-049, 1.000000000000000000 ) ) ;
#2206 = DIRECTION ( 'NONE',  ( 2.026496089155530700E-017, 1.043660709282909700E-033, -1.000000000000000000 ) ) ;
#2207 = VERTEX_POINT ( 'NONE', #1688 ) ;
#2208 = CARTESIAN_POINT ( 'NONE',  ( 0.01100000000000000100, 0.01999999999999996600, 0.1699999999999999800 ) ) ;
#2209 = CARTESIAN_POINT ( 'NONE',  ( 0.02500000000000002200, 0.05399999999999998600, 0.01800000000000020700 ) ) ;
#2210 = PRODUCT_DEFINITION_FORMATION_WITH_SPECIFIED_SOURCE ( 'ANY', '', #1375, .NOT_KNOWN. ) ;
#2211 = EDGE_CURVE ( 'NONE', #3036, #2043, #795, .T. ) ;
#2212 = CARTESIAN_POINT ( 'NONE',  ( -0.02499999999999998100, 0.05999999999999994900, 0.01800000000000020700 ) ) ;
#2213 = CARTESIAN_POINT ( 'NONE',  ( 0.02888875119450233900, 0.05906318936694857100, -0.01338697782294017600 ) ) ;
#2214 = EDGE_CURVE ( 'NONE', #1469, #2548, #1251, .T. ) ;
#2215 = VERTEX_POINT ( 'NONE', #1510 ) ;
#2216 = DIRECTION ( 'NONE',  ( -7.468797715707625400E-017, 6.842277657836020900E-049, 1.000000000000000000 ) ) ;
#2217 = CARTESIAN_POINT ( 'NONE',  ( -0.02893647345139139000, 0.06083826076412349900, -0.01325342075396394200 ) ) ;
#2218 = CYLINDRICAL_SURFACE ( 'NONE', #2278, 0.01325000000000000500 ) ;
#2219 = FACE_OUTER_BOUND ( 'NONE', #2472, .T. ) ;
#2220 = CARTESIAN_POINT ( 'NONE',  ( -0.02499999999999999100, 0.05999999999999994900, 0.1600000000000002000 ) ) ;
#2221 = ORIENTED_EDGE ( 'NONE', *, *, #3245, .F. ) ;
#2222 = CIRCLE ( 'NONE', #2678, 0.01200000000000000200 ) ;
#2223 = ORIENTED_EDGE ( 'NONE', *, *, #516, .T. ) ;
#2224 = FACE_OUTER_BOUND ( 'NONE', #1846, .T. ) ;
#2225 = ORIENTED_EDGE ( 'NONE', *, *, #1748, .F. ) ;
#2226 = ORIENTED_EDGE ( 'NONE', *, *, #2740, .F. ) ;
#2227 = CARTESIAN_POINT ( 'NONE',  ( -0.008236816025994627600, 0.04552350367099883300, -0.01961527925636300700 ) ) ;
#2228 = AXIS2_PLACEMENT_3D ( 'NONE', #432, #420, #275 ) ;
#2229 = EDGE_CURVE ( 'NONE', #1099, #1960, #811, .T. ) ;
#2230 = CARTESIAN_POINT ( 'NONE',  ( 0.02119993693827988300, 0.06124880772216873000, -0.01468813585859746500 ) ) ;
#2231 = ORIENTED_EDGE ( 'NONE', *, *, #1840, .F. ) ;
#2232 = DIRECTION ( 'NONE',  ( -7.359984219135830100E-017, -1.000000000000000000, -6.123233995736766000E-017 ) ) ;
#2233 = CARTESIAN_POINT ( 'NONE',  ( 0.02888875119450233900, 0.05906318936694857100, -0.01338697782294017600 ) ) ;
#2234 = VECTOR ( 'NONE', #195, 39.37007874015748100 ) ;
#2235 = DIRECTION ( 'NONE',  ( 0.0000000000000000000, -1.000000000000000000, 0.0000000000000000000 ) ) ;
#2236 = CARTESIAN_POINT ( 'NONE',  ( -0.007278334966483167800, 0.03261952254500404000, -0.01999999999999999000 ) ) ;
#2237 = EDGE_CURVE ( 'NONE', #2746, #1775, #803, .T. ) ;
#2238 = TOROIDAL_SURFACE ( 'NONE', #1697, 0.007999999999999996700, 0.004000000000000000100 ) ;
#2239 = EDGE_CURVE ( 'NONE', #3034, #1141, #751, .T. ) ;
#2240 = TOROIDAL_SURFACE ( 'NONE', #762, 0.008000000000000000200, 0.004000000000000000100 ) ;
#2241 = CARTESIAN_POINT ( 'NONE',  ( 0.004000000000000000100, 0.002499999999999951900, -0.03699999999999997700 ) ) ;
#2242 = CARTESIAN_POINT ( 'NONE',  ( 0.0000000000000000000, 0.01999999999999996600, 0.1699999999999999800 ) ) ;
#2243 = EDGE_LOOP ( 'NONE', ( #475, #3015, #587, #1130 ) ) ;
#2244 = ADVANCED_FACE ( 'NONE', ( #756 ), #660, .F. ) ;
#2245 = CARTESIAN_POINT ( 'NONE',  ( -0.02677868418493214700, 0.06358277581914802100, -0.01307496696577449700 ) ) ;
#2246 = DIRECTION ( 'NONE',  ( 1.917682592583736000E-017, 1.000000000000000000, 1.432278336694168300E-033 ) ) ;
#2247 = CARTESIAN_POINT ( 'NONE',  ( -0.04645282323607412300, 0.003011638152456627700, -0.001124614040296802000 ) ) ;
#2248 = AXIS2_PLACEMENT_3D ( 'NONE', #105, #166, #180 ) ;
#2249 = VERTEX_POINT ( 'NONE', #3037 ) ;
#2250 = DIRECTION ( 'NONE',  ( -1.000000000000000000, 0.0000000000000000000, 0.0000000000000000000 ) ) ;
#2251 = DIRECTION ( 'NONE',  ( 0.0000000000000000000, -1.000000000000000000, 0.0000000000000000000 ) ) ;
#2252 = CARTESIAN_POINT ( 'NONE',  ( 0.05000000000000000300, 0.07999999999999996000, 0.0000000000000000000 ) ) ;
#2253 = ORIENTED_EDGE ( 'NONE', *, *, #2790, .T. ) ;
#2254 = CYLINDRICAL_SURFACE ( 'NONE', #2615, 0.004000000000000000100 ) ;
#2255 = VERTEX_POINT ( 'NONE', #2749 ) ;
#2256 = EDGE_CURVE ( 'NONE', #1473, #1193, #3124, .T. ) ;
#2257 = CARTESIAN_POINT ( 'NONE',  ( 0.03600000000000000400, 0.01999999999999996600, 0.1699999999999999800 ) ) ;
#2258 = PLANE ( 'NONE',  #489 ) ;
#2259 = ORIENTED_EDGE ( 'NONE', *, *, #90, .T. ) ;
#2260 = FACE_OUTER_BOUND ( 'NONE', #453, .T. ) ;
#2261 = ADVANCED_FACE ( 'NONE', ( #721 ), #749, .T. ) ;
#2262 = ORIENTED_EDGE ( 'NONE', *, *, #1009, .F. ) ;
#2263 = FACE_OUTER_BOUND ( 'NONE', #939, .T. ) ;
#2264 = VECTOR ( 'NONE', #1044, 39.37007874015748100 ) ;
#2265 = ORIENTED_EDGE ( 'NONE', *, *, #2468, .T. ) ;
#2266 = DIRECTION ( 'NONE',  ( -1.000000000000000000, 0.0000000000000000000, 0.0000000000000000000 ) ) ;
#2267 = CYLINDRICAL_SURFACE ( 'NONE', #3333, 0.01325000000000000500 ) ;
#2268 = AXIS2_PLACEMENT_3D ( 'NONE', #2292, #2137, #637 ) ;
#2269 = FACE_OUTER_BOUND ( 'NONE', #2929, .T. ) ;
#2270 = CARTESIAN_POINT ( 'NONE',  ( -0.02718020067487244800, 0.06338344126217423900, -0.01309468479076873100 ) ) ;
#2271 = VERTEX_POINT ( 'NONE', #3092 ) ;
#2272 = CARTESIAN_POINT ( 'NONE',  ( -0.02474402711204961400, 0.05599999999999994600, -0.01521841635554824600 ) ) ;
#2273 = DIRECTION ( 'NONE',  ( 0.0000000000000000000, -4.202588515167456800E-016, -1.000000000000000000 ) ) ;
#2274 = VECTOR ( 'NONE', #154, 39.37007874015748100 ) ;
#2275 = TOROIDAL_SURFACE ( 'NONE', #286, 0.008000000000000000200, 0.004000000000000000100 ) ;
#2276 = ORIENTED_EDGE ( 'NONE', *, *, #2157, .F. ) ;
#2277 = ORIENTED_EDGE ( 'NONE', *, *, #1264, .T. ) ;
#2278 = AXIS2_PLACEMENT_3D ( 'NONE', #373, #426, #351 ) ;
#2279 = DIRECTION ( 'NONE',  ( 2.026496089155530700E-017, 1.043660709282909700E-033, -1.000000000000000000 ) ) ;
#2280 = AXIS2_PLACEMENT_3D ( 'NONE', #455, #2340, #759 ) ;
#2281 = EDGE_CURVE ( 'NONE', #222, #2207, #696, .T. ) ;
#2282 = ADVANCED_FACE ( 'NONE', ( #711 ), #620, .F. ) ;
#2283 = DIRECTION ( 'NONE',  ( -1.000000000000000000, 1.917682592583736000E-017, -2.026496089155530700E-017 ) ) ;
#2284 = DIRECTION ( 'NONE',  ( 0.0000000000000000000, -1.000000000000000000, 4.202588515167456800E-016 ) ) ;
#2285 = EDGE_CURVE ( 'NONE', #1377, #1646, #716, .T. ) ;
#2286 = DIRECTION ( 'NONE',  ( -7.468797715707634000E-017, 0.0000000000000000000, 1.000000000000000000 ) ) ;
#2287 = FACE_OUTER_BOUND ( 'NONE', #1970, .T. ) ;
#2288 = ORIENTED_EDGE ( 'NONE', *, *, #2115, .F. ) ;
#2289 = ORIENTED_EDGE ( 'NONE', *, *, #2914, .T. ) ;
#2290 = CARTESIAN_POINT ( 'NONE',  ( 0.02500000000000003300, 0.003999999999999952400, -0.06799999999999979700 ) ) ;
#2291 = ORIENTED_EDGE ( 'NONE', *, *, #2968, .T. ) ;
#2292 = CARTESIAN_POINT ( 'NONE',  ( 0.02500000000000003300, 0.01199999999999995000, -0.06799999999999979700 ) ) ;
#2293 = CARTESIAN_POINT ( 'NONE',  ( 0.02592537797819989200, 0.05610851241843647900, -0.01473019425177151900 ) ) ;
#2294 = VECTOR ( 'NONE', #2709, 39.37007874015748100 ) ;
#2295 = DIRECTION ( 'NONE',  ( 1.000000000000000000, 0.0000000000000000000, 0.0000000000000000000 ) ) ;
#2296 = CIRCLE ( 'NONE', #893, 0.01100000000000000100 ) ;
#2297 = DIRECTION ( 'NONE',  ( -1.917682592583736000E-017, -1.000000000000000000, -1.432278336694167800E-033 ) ) ;
#2298 = ADVANCED_FACE ( 'NONE', ( #611 ), #2520, .T. ) ;
#2299 = AXIS2_PLACEMENT_3D ( 'NONE', #661, #1470, #1705 ) ;
#2300 = AXIS2_PLACEMENT_3D ( 'NONE', #1536, #1499, #1432 ) ;
#2301 = EDGE_CURVE ( 'NONE', #2619, #1609, #605, .T. ) ;
#2302 = ORIENTED_EDGE ( 'NONE', *, *, #1979, .T. ) ;
#2303 = CARTESIAN_POINT ( 'NONE',  ( 0.02500000000000001500, 0.05999999999999994900, 0.1600000000000002000 ) ) ;
#2304 = ADVANCED_FACE ( 'NONE', ( #646, #606 ), #553, .T. ) ;
#2305 = CARTESIAN_POINT ( 'NONE',  ( 0.02461520285973939700, 0.06399999999999894700, -0.01308834697750713700 ) ) ;
#2306 = ORIENTED_EDGE ( 'NONE', *, *, #3242, .F. ) ;
#2307 = ORIENTED_EDGE ( 'NONE', *, *, #774, .F. ) ;
#2308 = EDGE_CURVE ( 'NONE', #1307, #3311, #561, .T. ) ;
#2309 = CIRCLE ( 'NONE', #397, 0.003999999999999999200 ) ;
#2310 = DIRECTION ( 'NONE',  ( 0.0000000000000000000, 0.0000000000000000000, 1.000000000000000000 ) ) ;
#2311 = ORIENTED_EDGE ( 'NONE', *, *, #1768, .T. ) ;
#2312 = CARTESIAN_POINT ( 'NONE',  ( -0.04055205879162278300, 0.01373993069601550100, -0.006376194130137614200 ) ) ;
#2313 = ORIENTED_EDGE ( 'NONE', *, *, #2399, .F. ) ;
#2314 = CARTESIAN_POINT ( 'NONE',  ( -0.02100260753242044400, 0.05985559272823556100, -0.01536099834520130700 ) ) ;
#2315 = AXIS2_PLACEMENT_3D ( 'NONE', #1523, #1648, #1625 ) ;
#2316 = CIRCLE ( 'NONE', #1155, 0.003999999999999999200 ) ;
#2317 = DIRECTION ( 'NONE',  ( 1.000000000000000000, -0.0000000000000000000, -0.0000000000000000000 ) ) ;
#2318 = EDGE_LOOP ( 'NONE', ( #1211, #2111 ) ) ;
#2319 = PLANE ( 'NONE',  #1658 ) ;
#2320 = CIRCLE ( 'NONE', #468, 0.004000000000000000100 ) ;
#2321 = ADVANCED_FACE ( 'NONE', ( #558 ), #505, .F. ) ;
#2322 = ORIENTED_EDGE ( 'NONE', *, *, #2665, .T. ) ;
#2323 = ORIENTED_EDGE ( 'NONE', *, *, #297, .T. ) ;
#2324 = B_SPLINE_CURVE_WITH_KNOTS ( 'NONE', 3,
 ( #1036, #912, #1191, #2227, #1963, #3053 ),
 .UNSPECIFIED., .F., .F.,
 ( 4, 2, 4 ),
 ( 0.0007958352170270483000, 0.001171301684461600700, 0.001546768151896153200 ),
 .UNSPECIFIED. ) ;
#2325 = FACE_OUTER_BOUND ( 'NONE', #1244, .T. ) ;
#2326 = CARTESIAN_POINT ( 'NONE',  ( -0.04628326126234479800, 0.07686919286066097600, -0.001290019502009316600 ) ) ;
#2327 = ORIENTED_EDGE ( 'NONE', *, *, #1089, .F. ) ;
#2328 = AXIS2_PLACEMENT_3D ( 'NONE', #796, #690, #977 ) ;
#2329 = EDGE_CURVE ( 'NONE', #2723, #2548, #514, .T. ) ;
#2330 = FACE_OUTER_BOUND ( 'NONE', #113, .T. ) ;
#2331 = DIRECTION ( 'NONE',  ( 0.0000000000000000000, 0.0000000000000000000, -1.000000000000000000 ) ) ;
#2332 = DIRECTION ( 'NONE',  ( 0.0000000000000000000, 1.777119110065332500E-014, 1.000000000000000000 ) ) ;
#2333 = LINE ( 'NONE', #487, #3338 ) ;
#2334 = CARTESIAN_POINT ( 'NONE',  ( 0.02900000000000000100, -6.402768735150616600E-017, -0.03699999999999997700 ) ) ;
#2335 = CARTESIAN_POINT ( 'NONE',  ( -0.02499999999999997400, 0.05199999999999994900, -0.05599999999999978600 ) ) ;
#2336 = CARTESIAN_POINT ( 'NONE',  ( 0.02272719086769611800, 0.05668240059775162700, -0.01590633547216738600 ) ) ;
#2337 = DIRECTION ( 'NONE',  ( -7.468797715707625400E-017, 6.842277657836020900E-049, 1.000000000000000000 ) ) ;
#2338 = CIRCLE ( 'NONE', #1380, 0.01100000000000000100 ) ;
#2339 = EDGE_CURVE ( 'NONE', #270, #1024, #513, .T. ) ;
#2340 = DIRECTION ( 'NONE',  ( -1.000000000000000000, -0.0000000000000000000, 0.0000000000000000000 ) ) ;
#2341 = DIRECTION ( 'NONE',  ( 0.0000000000000000000, 0.0000000000000000000, 1.000000000000000000 ) ) ;
#2342 = ADVANCED_FACE ( 'NONE', ( #520 ), #2996, .F. ) ;
#2343 = ORIENTED_EDGE ( 'NONE', *, *, #2836, .T. ) ;
#2344 = CARTESIAN_POINT ( 'NONE',  ( 0.02500000000000003300, 0.007999999999999951600, -0.06799999999999979700 ) ) ;
#2345 = ORIENTED_EDGE ( 'NONE', *, *, #1912, .T. ) ;
#2346 = CARTESIAN_POINT ( 'NONE',  ( -0.02500000000000000100, 0.01999999999999996600, 0.1699999999999999800 ) ) ;
#2347 = CARTESIAN_POINT ( 'NONE',  ( -0.02499999999999998100, 0.05399999999999998600, 0.01800000000000020700 ) ) ;
#2348 = VERTEX_POINT ( 'NONE', #1754 ) ;
#2349 = DIRECTION ( 'NONE',  ( 7.468797715707597100E-017, 0.0000000000000000000, -1.000000000000000000 ) ) ;
#2350 = ORIENTED_EDGE ( 'NONE', *, *, #2644, .T. ) ;
#2351 = ORIENTED_EDGE ( 'NONE', *, *, #271, .T. ) ;
#2352 = AXIS2_PLACEMENT_3D ( 'NONE', #1188, #2966, #1449 ) ;
#2353 = FACE_OUTER_BOUND ( 'NONE', #1415, .T. ) ;
#2354 = CARTESIAN_POINT ( 'NONE',  ( 0.004000000000000000100, -5.975917486140575200E-017, -0.02684313483298438400 ) ) ;
#2355 = EDGE_CURVE ( 'NONE', #256, #1099, #1738, .T. ) ;
#2356 = CARTESIAN_POINT ( 'NONE',  ( -0.02499999999999997400, 0.01199999999999995000, -0.05999999999999979700 ) ) ;
#2357 = ADVANCED_FACE ( 'NONE', ( #478 ), #457, .F. ) ;
#2358 = LINE ( 'NONE', #1020, #2264 ) ;
#2359 = CARTESIAN_POINT ( 'NONE',  ( 0.02499999999998953800, 0.06399999999999994600, -0.01306703615889887600 ) ) ;
#2360 = CARTESIAN_POINT ( 'NONE',  ( 1.616560134702866100E-017, 0.06899999999999997800, 0.1000000000000000100 ) ) ;
#2361 = FACE_OUTER_BOUND ( 'NONE', #722, .T. ) ;
#2362 = CARTESIAN_POINT ( 'NONE',  ( -0.004000000000000000100, -5.975917486140575200E-017, -0.02684313483298438400 ) ) ;
#2363 = EDGE_CURVE ( 'NONE', #1886, #3034, #2428, .T. ) ;
#2364 = DIRECTION ( 'NONE',  ( -7.468797715707625400E-017, 6.842277657836020900E-049, 1.000000000000000000 ) ) ;
#2365 = EDGE_LOOP ( 'NONE', ( #1577, #1855, #3365, #2497 ) ) ;
#2366 = CARTESIAN_POINT ( 'NONE',  ( 0.02100000000000000500, 0.01033304550424315300, -0.008887232856623138900 ) ) ;
#2367 = AXIS2_PLACEMENT_3D ( 'NONE', #3093, #3086, #3079 ) ;
#2368 = ORIENTED_EDGE ( 'NONE', *, *, #2281, .T. ) ;
#2369 = CARTESIAN_POINT ( 'NONE',  ( 2.848403963705136800E-017, 0.05999999999999994900, -0.05199999999999978900 ) ) ;
#2370 = CARTESIAN_POINT ( 'NONE',  ( -0.02100000000000000500, 0.002499999999999956300, -0.02684313483298438400 ) ) ;
#2371 = VECTOR ( 'NONE', #2141, 39.37007874015748100 ) ;
#2372 = EDGE_LOOP ( 'NONE', ( #1753, #2887, #2960, #2225 ) ) ;
#2373 = VECTOR ( 'NONE', #1530, 39.37007874015748100 ) ;
#2374 = ORIENTED_EDGE ( 'NONE', *, *, #2214, .F. ) ;
#2375 = DIRECTION ( 'NONE',  ( 1.000000000000000000, 0.0000000000000000000, 0.0000000000000000000 ) ) ;
#2376 = DIRECTION ( 'NONE',  ( -1.000000000000000000, 0.0000000000000000000, 0.0000000000000000000 ) ) ;
#2377 = VERTEX_POINT ( 'NONE', #1832 ) ;
#2378 = DIRECTION ( 'NONE',  ( -1.917682592583698700E-017, -1.000000000000000000, 0.0000000000000000000 ) ) ;
#2379 = DIRECTION ( 'NONE',  ( 0.0000000000000000000, 1.000000000000000000, 0.0000000000000000000 ) ) ;
#2380 = CARTESIAN_POINT ( 'NONE',  ( 0.02500000000000003300, 0.003999999999999952400, -0.08699999999999980000 ) ) ;
#2381 = ORIENTED_EDGE ( 'NONE', *, *, #366, .F. ) ;
#2382 = AXIS2_PLACEMENT_3D ( 'NONE', #2356, #1525, #1334 ) ;
#2383 = CARTESIAN_POINT ( 'NONE',  ( -0.02100000000000000500, 0.03999999999999998000, 0.02515625000000004300 ) ) ;
#2384 = ORIENTED_EDGE ( 'NONE', *, *, #1404, .T. ) ;
#2385 = CARTESIAN_POINT ( 'NONE',  ( -0.02448634091674172600, 0.05602474461248156000, -0.01532124019773299800 ) ) ;
#2386 = FACE_OUTER_BOUND ( 'NONE', #1156, .T. ) ;
#2387 = CARTESIAN_POINT ( 'NONE',  ( 0.004000000000000000100, -5.975917486140575200E-017, -0.02684313483298438400 ) ) ;
#2388 = ORIENTED_EDGE ( 'NONE', *, *, #41, .T. ) ;
#2389 = ORIENTED_EDGE ( 'NONE', *, *, #183, .T. ) ;
#2390 = DIRECTION ( 'NONE',  ( 7.468797715707625400E-017, -6.842277657836020900E-049, -1.000000000000000000 ) ) ;
#2391 = DIRECTION ( 'NONE',  ( -7.468797715707625400E-017, 6.842277657836020900E-049, 1.000000000000000000 ) ) ;
#2392 = CIRCLE ( 'NONE', #707, 0.01100000000000000300 ) ;
#2393 = CARTESIAN_POINT ( 'NONE',  ( -0.02100000000000000500, -5.975917486140575200E-017, -0.02684313483298438400 ) ) ;
#2394 = DIRECTION ( 'NONE',  ( -7.468797715707625400E-017, 6.842277657836020900E-049, 1.000000000000000000 ) ) ;
#2395 = PRODUCT_RELATED_PRODUCT_CATEGORY ( 'part', '', ( #1375 ) ) ;
#2396 = EDGE_CURVE ( 'NONE', #256, #1619, #601, .T. ) ;
#2397 = EDGE_LOOP ( 'NONE', ( #3120, #2343, #1804, #555 ) ) ;
#2398 = CYLINDRICAL_SURFACE ( 'NONE', #1075, 0.009000000000000035700 ) ;
#2399 = EDGE_CURVE ( 'NONE', #504, #1541, #473, .T. ) ;
#2400 = VECTOR ( 'NONE', #915, 39.37007874015748100 ) ;
#2401 = ORIENTED_EDGE ( 'NONE', *, *, #3273, .F. ) ;
#2402 = CARTESIAN_POINT ( 'NONE',  ( 0.02716457161670769700, 0.05663627740202258800, -0.01418975719472578000 ) ) ;
#2403 = DIRECTION ( 'NONE',  ( 2.026496089155530700E-017, 1.043660709282909700E-033, -1.000000000000000000 ) ) ;
#2404 = CARTESIAN_POINT ( 'NONE',  ( -0.02900000000000000100, 0.01128175743142269400, -0.009691267240613504800 ) ) ;
#2405 = CARTESIAN_POINT ( 'NONE',  ( 0.02100000000000000500, 0.005796874999999965300, -0.01588807081060755400 ) ) ;
#2406 = CARTESIAN_POINT ( 'NONE',  ( -0.02340711239647662000, 0.05924483104730265300, -0.01576498180084413800 ) ) ;
#2407 = ORIENTED_EDGE ( 'NONE', *, *, #616, .T. ) ;
#2408 = TOROIDAL_SURFACE ( 'NONE', #1487, 0.008000000000000000200, 0.004000000000000000100 ) ;
#2409 = VECTOR ( 'NONE', #225, 39.37007874015748100 ) ;
#2410 = CIRCLE ( 'NONE', #1554, 0.004000000000000000100 ) ;
#2411 = DIRECTION ( 'NONE',  ( -0.0000000000000000000, -8.130499981143647400E-016, 1.000000000000000000 ) ) ;
#2412 = DIRECTION ( 'NONE',  ( 0.0000000000000000000, -1.000000000000000000, 0.0000000000000000000 ) ) ;
#2413 = VERTEX_POINT ( 'NONE', #1661 ) ;
#2414 = EDGE_CURVE ( 'NONE', #2985, #1465, #380, .T. ) ;
#2415 = CARTESIAN_POINT ( 'NONE',  ( -0.03250907250101686700, 0.008003447481476464900, -0.006989574040827073600 ) ) ;
#2416 = CARTESIAN_POINT ( 'NONE',  ( 2.833062502964466700E-017, 0.05199999999999994900, -0.05199999999999978900 ) ) ;
#2417 = FACE_BOUND ( 'NONE', #1242, .T. ) ;
#2418 = EDGE_CURVE ( 'NONE', #2198, #2413, #461, .T. ) ;
#2419 = ORIENTED_EDGE ( 'NONE', *, *, #1744, .F. ) ;
#2420 = EDGE_CURVE ( 'NONE', #2553, #1587, #62, .T. ) ;
#2421 = DIRECTION ( 'NONE',  ( 0.0000000000000000000, 0.0000000000000000000, -1.000000000000000000 ) ) ;
#2422 = CARTESIAN_POINT ( 'NONE',  ( 0.02500000000000002200, 0.06599999999999992000, 0.01800000000000020700 ) ) ;
#2423 = DIRECTION ( 'NONE',  ( 1.000000000000000000, 0.0000000000000000000, 0.0000000000000000000 ) ) ;
#2424 = DIRECTION ( 'NONE',  ( 1.917682592583736000E-017, 1.000000000000000000, 3.133900301905054100E-048 ) ) ;
#2425 = VECTOR ( 'NONE', #352, 39.37007874015748100 ) ;
#2426 = ORIENTED_EDGE ( 'NONE', *, *, #2088, .T. ) ;
#2427 = VERTEX_POINT ( 'NONE', #2028 ) ;
#2428 = LINE ( 'NONE', #1786, #467 ) ;
#2429 = ORIENTED_EDGE ( 'NONE', *, *, #1009, .T. ) ;
#2430 = AXIS2_PLACEMENT_3D ( 'NONE', #1567, #991, #926 ) ;
#2431 = CIRCLE ( 'NONE', #2745, 0.003999999999999999200 ) ;
#2432 = EDGE_CURVE ( 'NONE', #2271, #1938, #371, .T. ) ;
#2433 = CARTESIAN_POINT ( 'NONE',  ( -0.02499999999999997400, 0.003999999999999952400, -0.08699999999999980000 ) ) ;
#2434 = LINE ( 'NONE', #93, #2274 ) ;
#2435 = VECTOR ( 'NONE', #551, 39.37007874015748100 ) ;
#2436 = PLANE ( 'NONE',  #205 ) ;
#2437 = DIRECTION ( 'NONE',  ( 0.0000000000000000000, -1.665334536937734800E-015, 1.000000000000000000 ) ) ;
#2438 = DIRECTION ( 'NONE',  ( 0.0000000000000000000, -1.000000000000000000, 0.0000000000000000000 ) ) ;
#2439 = EDGE_CURVE ( 'NONE', #2124, #504, #413, .T. ) ;
#2440 = FACE_OUTER_BOUND ( 'NONE', #3355, .T. ) ;
#2441 = ORIENTED_EDGE ( 'NONE', *, *, #3006, .F. ) ;
#2442 = EDGE_LOOP ( 'NONE', ( #2694, #770, #1594, #866 ) ) ;
#2443 = FACE_OUTER_BOUND ( 'NONE', #1288, .T. ) ;
#2444 = CARTESIAN_POINT ( 'NONE',  ( 1.265018847975120200E-017, 0.05999999999999994900, 0.1600000000000002000 ) ) ;
#2445 = AXIS2_PLACEMENT_3D ( 'NONE', #23, #1593, #2283 ) ;
#2446 = ORIENTED_EDGE ( 'NONE', *, *, #2432, .F. ) ;
#2447 = FACE_OUTER_BOUND ( 'NONE', #972, .T. ) ;
#2448 = FACE_OUTER_BOUND ( 'NONE', #1733, .T. ) ;
#2449 = AXIS2_PLACEMENT_3D ( 'NONE', #2444, #2547, #3373 ) ;
#2450 = CONICAL_SURFACE ( 'NONE', #2620, 0.005999999999999967200, 1.029744258676648300 ) ;
#2451 = EDGE_CURVE ( 'NONE', #1570, #261, #425, .T. ) ;
#2452 = CARTESIAN_POINT ( 'NONE',  ( -0.02771591891204464000, 0.01248717191803766000, -0.01065060974774785700 ) ) ;
#2453 = CARTESIAN_POINT ( 'NONE',  ( 0.05000000000000000300, 0.07999999999999996000, 0.1000000000000000200 ) ) ;
#2454 = CARTESIAN_POINT ( 'NONE',  ( 0.02504010393878024200, 0.06400000000000005700, -0.01306481512429229000 ) ) ;
#2455 = EDGE_CURVE ( 'NONE', #1469, #1863, #338, .T. ) ;
#2456 = ORIENTED_EDGE ( 'NONE', *, *, #2577, .F. ) ;
#2457 = DIRECTION ( 'NONE',  ( -0.0000000000000000000, -8.130499981143647400E-016, 1.000000000000000000 ) ) ;
#2458 = VERTEX_POINT ( 'NONE', #3246 ) ;
#2459 = CIRCLE ( 'NONE', #806, 0.003999999999999999200 ) ;
#2460 = CARTESIAN_POINT ( 'NONE',  ( -0.03891197793938067800, 0.002499999999999969300, 0.0000000000000000000 ) ) ;
#2461 = CARTESIAN_POINT ( 'NONE',  ( 0.02924671540170821500, 0.06903019851993900900, -0.009968500249903079100 ) ) ;
#2462 = CARTESIAN_POINT ( 'NONE',  ( 0.02785510472817044300, 0.06283687214337258000, -0.01314323406618529000 ) ) ;
#2463 = ORIENTED_EDGE ( 'NONE', *, *, #2680, .T. ) ;
#2464 = ORIENTED_EDGE ( 'NONE', *, *, #368, .T. ) ;
#2465 = AXIS2_PLACEMENT_3D ( 'NONE', #556, #469, #1287 ) ;
#2466 = AXIS2_PLACEMENT_3D ( 'NONE', #562, #543, #502 ) ;
#2467 = VECTOR ( 'NONE', #82, 39.37007874015748100 ) ;
#2468 = EDGE_CURVE ( 'NONE', #1960, #107, #323, .T. ) ;
#2469 = FACE_OUTER_BOUND ( 'NONE', #1226, .T. ) ;
#2470 = DIRECTION ( 'NONE',  ( 0.0000000000000000000, 0.0000000000000000000, -1.000000000000000000 ) ) ;
#2471 = CARTESIAN_POINT ( 'NONE',  ( 0.03433112174718078200, 0.07373882096956942100, -0.005606726504989678800 ) ) ;
#2472 = EDGE_LOOP ( 'NONE', ( #2473, #3236, #922, #2802 ) ) ;
#2473 = ORIENTED_EDGE ( 'NONE', *, *, #1122, .T. ) ;
#2474 = EDGE_CURVE ( 'NONE', #3281, #2556, #149, .T. ) ;
#2475 = ORIENTED_EDGE ( 'NONE', *, *, #1100, .F. ) ;
#2476 = LINE ( 'NONE', #313, #1068 ) ;
#2477 = AXIS2_PLACEMENT_3D ( 'NONE', #2648, #3229, #1323 ) ;
#2478 = DIRECTION ( 'NONE',  ( -1.000000000000000000, -0.0000000000000000000, -0.0000000000000000000 ) ) ;
#2479 = CARTESIAN_POINT ( 'NONE',  ( 0.009000000000000054800, 0.05999999999999994900, 0.1600000000000002000 ) ) ;
#2480 = CARTESIAN_POINT ( 'NONE',  ( 2.972783221866551000E-017, -4.802076551362962800E-017, -0.06799999999999979700 ) ) ;
#2481 = CARTESIAN_POINT ( 'NONE',  ( -0.02900000000000000100, 0.005796874999999965300, -0.01588807081060755400 ) ) ;
#2482 = LINE ( 'NONE', #1086, #2705 ) ;
#2483 = DIRECTION ( 'NONE',  ( -1.000000000000000000, 0.0000000000000000000, 0.0000000000000000000 ) ) ;
#2484 = DIRECTION ( 'NONE',  ( 0.0000000000000000000, -1.000000000000000000, 0.0000000000000000000 ) ) ;
#2485 = DIRECTION ( 'NONE',  ( 0.0000000000000000000, 0.0000000000000000000, 1.000000000000000000 ) ) ;
#2486 = DIRECTION ( 'NONE',  ( 2.026496089155530700E-017, 1.043660709282909700E-033, -1.000000000000000000 ) ) ;
#2487 = CYLINDRICAL_SURFACE ( 'NONE', #2042, 0.06640625000000002800 ) ;
#2488 = CARTESIAN_POINT ( 'NONE',  ( -0.02240357006751151500, 0.05693429667177076600, -0.01596224562730408700 ) ) ;
#2489 = EDGE_CURVE ( 'NONE', #1626, #741, #324, .T. ) ;
#2490 = CARTESIAN_POINT ( 'NONE',  ( 0.02500000000000001500, 0.06899999999999997800, 0.1600000000000002000 ) ) ;
#2491 = CARTESIAN_POINT ( 'NONE',  ( 0.01777638038562571700, 0.05790453624762256800, -0.01647161877600467400 ) ) ;
#2492 = PLANE ( 'NONE',  #1945 ) ;
#2493 = CARTESIAN_POINT ( 'NONE',  ( 0.02107958281019606300, 0.05920606734675436900, -0.01561316626352309000 ) ) ;
#2494 = VECTOR ( 'NONE', #2822, 39.37007874015748100 ) ;
#2495 = DIRECTION ( 'NONE',  ( 1.000000000000000000, 0.0000000000000000000, 0.0000000000000000000 ) ) ;
#2496 = CARTESIAN_POINT ( 'NONE',  ( -0.008569857723216679400, 0.03425316169310187900, -0.01999999999999999000 ) ) ;
#2497 = ORIENTED_EDGE ( 'NONE', *, *, #1785, .F. ) ;
#2498 = EDGE_CURVE ( 'NONE', #2837, #2508, #1807, .T. ) ;
#2499 = ADVANCED_FACE ( 'NONE', ( #101 ), #63, .T. ) ;
#2500 = ORIENTED_EDGE ( 'NONE', *, *, #3325, .F. ) ;
#2501 = CARTESIAN_POINT ( 'NONE',  ( -0.02499999999999997400, 0.003999999999999952400, -0.06799999999999979700 ) ) ;
#2502 = CARTESIAN_POINT ( 'NONE',  ( -0.02817769894738735700, 0.06247038621898524900, -0.01316960824364039400 ) ) ;
#2503 = EDGE_LOOP ( 'NONE', ( #602, #1131 ) ) ;
#2504 = DIRECTION ( 'NONE',  ( -1.000000000000000000, 0.0000000000000000000, 0.0000000000000000000 ) ) ;
#2505 = FACE_BOUND ( 'NONE', #1133, .T. ) ;
#2506 = ORIENTED_EDGE ( 'NONE', *, *, #1819, .T. ) ;
#2507 = DIRECTION ( 'NONE',  ( 0.0000000000000000000, -1.000000000000000000, 0.0000000000000000000 ) ) ;
#2508 = VERTEX_POINT ( 'NONE', #2605 ) ;
#2509 = AXIS2_PLACEMENT_3D ( 'NONE', #640, #2486, #948 ) ;
#2510 = CYLINDRICAL_SURFACE ( 'NONE', #1409, 0.01325000000000000500 ) ;
#2511 = EDGE_CURVE ( 'NONE', #1863, #1087, #2316, .T. ) ;
#2512 = ADVANCED_FACE ( 'NONE', ( #68 ), #2637, .F. ) ;
#2513 = ORIENTED_EDGE ( 'NONE', *, *, #1890, .T. ) ;
#2514 = DIRECTION ( 'NONE',  ( -7.468797715707625400E-017, 6.842277657836020900E-049, 1.000000000000000000 ) ) ;
#2515 = ORIENTED_EDGE ( 'NONE', *, *, #1460, .F. ) ;
#2516 = CARTESIAN_POINT ( 'NONE',  ( 0.02500000000000003300, 0.05199999999999994900, -0.05999999999999979000 ) ) ;
#2517 = DIRECTION ( 'NONE',  ( 0.0000000000000000000, 0.0000000000000000000, 1.000000000000000000 ) ) ;
#2518 = CIRCLE ( 'NONE', #390, 0.01200000000000000200 ) ;
#2519 = EDGE_CURVE ( 'NONE', #2842, #3304, #638, .T. ) ;
#2520 = PLANE ( 'NONE',  #402 ) ;
#2521 = CARTESIAN_POINT ( 'NONE',  ( 0.01898425547336030100, 0.02072190609071226200, -0.01697791203534112700 ) ) ;
#2522 = ORIENTED_EDGE ( 'NONE', *, *, #1887, .F. ) ;
#2523 = LINE ( 'NONE', #3084, #3368 ) ;
#2524 = EDGE_CURVE ( 'NONE', #395, #2177, #31, .T. ) ;
#2525 = CIRCLE ( 'NONE', #1676, 0.009000000000000035700 ) ;
#2526 = DIRECTION ( 'NONE',  ( -1.000000000000000000, 0.0000000000000000000, 0.0000000000000000000 ) ) ;
#2527 = ADVANCED_FACE ( 'NONE', ( #64 ), #2436, .T. ) ;
#2528 = ORIENTED_EDGE ( 'NONE', *, *, #2308, .T. ) ;
#2529 = AXIS2_PLACEMENT_3D ( 'NONE', #955, #1438, #1298 ) ;
#2530 = EDGE_CURVE ( 'NONE', #222, #1649, #24, .T. ) ;
#2531 = DIRECTION ( 'NONE',  ( 1.000000000000000000, 0.0000000000000000000, -0.0000000000000000000 ) ) ;
#2532 = CARTESIAN_POINT ( 'NONE',  ( 0.02500000000000001500, 0.05099999999999990700, 0.1600000000000002000 ) ) ;
#2533 = LINE ( 'NONE', #2490, #2435 ) ;
#2534 = DIRECTION ( 'NONE',  ( -1.000000000000000000, 0.0000000000000000000, 0.0000000000000000000 ) ) ;
#2535 = DIRECTION ( 'NONE',  ( 0.0000000000000000000, 1.000000000000000000, -4.202588515167456800E-016 ) ) ;
#2536 = ORIENTED_EDGE ( 'NONE', *, *, #1426, .T. ) ;
#2537 = EDGE_LOOP ( 'NONE', ( #3295, #2302, #1693, #744 ) ) ;
#2538 = CARTESIAN_POINT ( 'NONE',  ( -0.02100000000000000500, 0.005796874999999965300, -0.01588807081060755400 ) ) ;
#2539 = CIRCLE ( 'NONE', #1932, 0.01325000000000000500 ) ;
#2540 = ORIENTED_EDGE ( 'NONE', *, *, #1335, .T. ) ;
#2541 = CARTESIAN_POINT ( 'NONE',  ( -0.02499999999999997400, 0.01199999999999995000, -0.06799999999999979700 ) ) ;
#2542 = ORIENTED_EDGE ( 'NONE', *, *, #2229, .T. ) ;
#2543 = DIRECTION ( 'NONE',  ( 0.0000000000000000000, -1.000000000000000000, 0.0000000000000000000 ) ) ;
#2544 = DIRECTION ( 'NONE',  ( -1.000000000000000000, 0.0000000000000000000, 0.0000000000000000000 ) ) ;
#2545 = ADVANCED_FACE ( 'NONE', ( #20 ), #3052, .F. ) ;
#2546 = VECTOR ( 'NONE', #3224, 39.37007874015748100 ) ;
#2547 = DIRECTION ( 'NONE',  ( -7.468797715707625400E-017, 6.842277657836020900E-049, 1.000000000000000000 ) ) ;
#2548 = VERTEX_POINT ( 'NONE', #2189 ) ;
#2549 = AXIS2_PLACEMENT_3D ( 'NONE', #1708, #2074, #634 ) ;
#2550 = DIRECTION ( 'NONE',  ( -7.359984219135830100E-017, -1.000000000000000000, -6.123233995736766000E-017 ) ) ;
#2551 = VECTOR ( 'NONE', #1824, 39.37007874015748100 ) ;
#2552 = ADVANCED_FACE ( 'NONE', ( #2868 ), #17, .T. ) ;
#2553 = VERTEX_POINT ( 'NONE', #2084 ) ;
#2554 = ORIENTED_EDGE ( 'NONE', *, *, #2115, .T. ) ;
#2555 = CIRCLE ( 'NONE', #359, 0.01100000000000000300 ) ;
#2556 = VERTEX_POINT ( 'NONE', #2046 ) ;
#2557 = CARTESIAN_POINT ( 'NONE',  ( 0.008244325609608596500, 0.04552854091848909000, -0.01999999999999999000 ) ) ;
#2558 = CARTESIAN_POINT ( 'NONE',  ( -0.05000000000000000300, 0.0000000000000000000, 0.1699999999999999600 ) ) ;
#2559 = EDGE_CURVE ( 'NONE', #517, #2889, #28, .T. ) ;
#2560 = CYLINDRICAL_SURFACE ( 'NONE', #436, 0.004000000000000003600 ) ;
#2561 = FACE_OUTER_BOUND ( 'NONE', #3363, .T. ) ;
#2562 = DIRECTION ( 'NONE',  ( 0.0000000000000000000, 0.0000000000000000000, 1.000000000000000000 ) ) ;
#2563 = CARTESIAN_POINT ( 'NONE',  ( 0.02500000000000003300, 0.01199999999999995000, -0.05999999999999979700 ) ) ;
#2564 = EDGE_CURVE ( 'NONE', #642, #1886, #258, .T. ) ;
#2565 = CARTESIAN_POINT ( 'NONE',  ( -0.04749999999999999400, 0.009902073896872155500, 0.0000000000000000000 ) ) ;
#2566 = FACE_OUTER_BOUND ( 'NONE', #365, .T. ) ;
#2567 = ADVANCED_FACE ( 'NONE', ( #14 ), #2910, .T. ) ;
#2568 = CARTESIAN_POINT ( 'NONE',  ( -0.02101717736379810800, 0.05945227969911057200, -0.01553167259529101300 ) ) ;
#2569 = FACE_OUTER_BOUND ( 'NONE', #1585, .T. ) ;
#2570 = CARTESIAN_POINT ( 'NONE',  ( 0.0000000000000000000, 0.03999999999999998000, -0.01999999999999999000 ) ) ;
#2571 = ADVANCED_FACE ( 'NONE', ( #2945 ), #2828, .T. ) ;
#2572 = CARTESIAN_POINT ( 'NONE',  ( 0.02900000000000000100, 0.01324999999999996300, -0.02684313483298438400 ) ) ;
#2573 = DIRECTION ( 'NONE',  ( -1.917682592583742400E-017, -1.000000000000000000, 0.0000000000000000000 ) ) ;
#2574 = ORIENTED_EDGE ( 'NONE', *, *, #1943, .F. ) ;
#2575 = CARTESIAN_POINT ( 'NONE',  ( -0.03581470156801462600, 0.005043064102135791000, -0.003790903009395003900 ) ) ;
#2576 = AXIS2_PLACEMENT_3D ( 'NONE', #488, #2364, #793 ) ;
#2577 = EDGE_CURVE ( 'NONE', #1425, #1200, #218, .T. ) ;
#2578 = ORIENTED_EDGE ( 'NONE', *, *, #3039, .T. ) ;
#2579 = ADVANCED_FACE ( 'NONE', ( #2871 ), #2984, .T. ) ;
#2580 = DIRECTION ( 'NONE',  ( -7.468797715707625400E-017, 6.842277657836020900E-049, 1.000000000000000000 ) ) ;
#2581 = EDGE_CURVE ( 'NONE', #1024, #1672, #2907, .T. ) ;
#2582 = LINE ( 'NONE', #595, #2425 ) ;
#2583 = DIRECTION ( 'NONE',  ( 0.0000000000000000000, -1.000000000000000000, 0.0000000000000000000 ) ) ;
#2584 = DIRECTION ( 'NONE',  ( -7.468797715707625400E-017, 6.842277657836020900E-049, 1.000000000000000000 ) ) ;
#2585 = LINE ( 'NONE', #953, #2467 ) ;
#2586 = CARTESIAN_POINT ( 'NONE',  ( 2.325588123605603300E-017, 0.05999999999999994900, 0.01800000000000020700 ) ) ;
#2587 = ORIENTED_EDGE ( 'NONE', *, *, #3064, .T. ) ;
#2588 = LINE ( 'NONE', #1678, #3130 ) ;
#2589 = DIRECTION ( 'NONE',  ( -1.917682592583735000E-017, -1.000000000000000000, -1.067128122525102900E-016 ) ) ;
#2590 = ORIENTED_EDGE ( 'NONE', *, *, #2783, .F. ) ;
#2591 = CARTESIAN_POINT ( 'NONE',  ( 0.02871091601516849800, 0.05850698214064052600, -0.01347257213798498700 ) ) ;
#2592 = ORIENTED_EDGE ( 'NONE', *, *, #1202, .F. ) ;
#2593 = CARTESIAN_POINT ( 'NONE',  ( 0.02500000000000002200, 0.05999999999999994900, 0.01800000000000020700 ) ) ;
#2594 = ORIENTED_EDGE ( 'NONE', *, *, #2511, .T. ) ;
#2595 = VERTEX_POINT ( 'NONE', #1520 ) ;
#2596 = CARTESIAN_POINT ( 'NONE',  ( 0.02500000000000003300, 0.05199999999999994900, -0.05199999999999978900 ) ) ;
#2597 = AXIS2_PLACEMENT_3D ( 'NONE', #450, #1920, #1750 ) ;
#2598 = ADVANCED_FACE ( 'NONE', ( #3059 ), #627, .F. ) ;
#2599 = CARTESIAN_POINT ( 'NONE',  ( -0.02100000000000000500, 0.01049999999999996800, -0.006999999999999969800 ) ) ;
#2600 = EDGE_CURVE ( 'NONE', #1209, #1684, #2981, .T. ) ;
#2601 = CARTESIAN_POINT ( 'NONE',  ( 0.02119993693827988300, 0.06124880772216873000, -0.01468813585859746500 ) ) ;
#2602 = LINE ( 'NONE', #1833, #1746 ) ;
#2603 = CARTESIAN_POINT ( 'NONE',  ( -0.02499999999999998100, 0.05999999999999994900, 0.01800000000000020700 ) ) ;
#2604 = ORIENTED_EDGE ( 'NONE', *, *, #442, .T. ) ;
#2605 = CARTESIAN_POINT ( 'NONE',  ( -1.645012667047145400E-016, 0.06400000000000022300, -0.01309406913674039700 ) ) ;
#2606 = DIRECTION ( 'NONE',  ( -7.468797715707625400E-017, 6.842277657836020900E-049, 1.000000000000000000 ) ) ;
#2607 = AXIS2_PLACEMENT_3D ( 'NONE', #1238, #1835, #542 ) ;
#2608 = DIRECTION ( 'NONE',  ( 0.0000000000000000000, 8.130499981143646400E-016, -1.000000000000000000 ) ) ;
#2609 = DIRECTION ( 'NONE',  ( -1.000000000000000000, 0.0000000000000000000, 0.0000000000000000000 ) ) ;
#2610 = CARTESIAN_POINT ( 'NONE',  ( 0.02384450879612733800, 0.05615010123679514700, -0.01557280913221540200 ) ) ;
#2611 = ORIENTED_EDGE ( 'NONE', *, *, #3182, .F. ) ;
#2612 = VERTEX_POINT ( 'NONE', #1481 ) ;
#2613 = CARTESIAN_POINT ( 'NONE',  ( 0.02104059358449121200, 0.06064911733283468600, -0.01500031885242584400 ) ) ;
#2614 = CARTESIAN_POINT ( 'NONE',  ( -0.02500000000000000100, 0.01324999999999996300, -0.02684313483298438400 ) ) ;
#2615 = AXIS2_PLACEMENT_3D ( 'NONE', #209, #1858, #283 ) ;
#2616 = VERTEX_POINT ( 'NONE', #1312 ) ;
#2617 = DIRECTION ( 'NONE',  ( -1.000000000000000000, -0.0000000000000000000, 0.0000000000000000000 ) ) ;
#2618 = DIRECTION ( 'NONE',  ( 0.0000000000000000000, -1.000000000000000000, -1.665334536937734800E-015 ) ) ;
#2619 = VERTEX_POINT ( 'NONE', #1393 ) ;
#2620 = AXIS2_PLACEMENT_3D ( 'NONE', #2048, #2584, #1046 ) ;
#2621 = EDGE_CURVE ( 'NONE', #58, #2839, #393, .T. ) ;
#2622 = CARTESIAN_POINT ( 'NONE',  ( 0.02500000000000001500, 0.05999999999999994900, 0.1600000000000002000 ) ) ;
#2623 = EDGE_LOOP ( 'NONE', ( #1913, #1250, #2668, #1336, #1378, #2475, #2777, #474, #936 ) ) ;
#2624 = EDGE_CURVE ( 'NONE', #43, #2348, #301, .T. ) ;
#2625 = ORIENTED_EDGE ( 'NONE', *, *, #2621, .F. ) ;
#2626 = ORIENTED_EDGE ( 'NONE', *, *, #1826, .F. ) ;
#2627 = APPLICATION_CONTEXT ( 'automotive_design' ) ;
#2628 = EDGE_LOOP ( 'NONE', ( #2754, #1395, #2587, #2350, #2689 ) ) ;
#2629 = CARTESIAN_POINT ( 'NONE',  ( -0.02900000000000000100, -0.0002500000000000349200, -0.006999999999999952400 ) ) ;
#2630 = ORIENTED_EDGE ( 'NONE', *, *, #3275, .T. ) ;
#2631 = PLANE ( 'NONE',  #54 ) ;
#2632 = FACE_OUTER_BOUND ( 'NONE', #3223, .T. ) ;
#2633 = DIRECTION ( 'NONE',  ( 1.000000000000000000, -0.0000000000000000000, -0.0000000000000000000 ) ) ;
#2634 = AXIS2_PLACEMENT_3D ( 'NONE', #1511, #500, #808 ) ;
#2635 = DIRECTION ( 'NONE',  ( -7.468797715707625400E-017, 6.842277657836020900E-049, 1.000000000000000000 ) ) ;
#2636 = EDGE_CURVE ( 'NONE', #107, #517, #221, .T. ) ;
#2637 = PLANE ( 'NONE',  #676 ) ;
#2638 = CARTESIAN_POINT ( 'NONE',  ( 1.713146710917579600E-017, 0.05999999999999994900, 0.1000000000000000100 ) ) ;
#2639 = CIRCLE ( 'NONE', #3227, 0.01075000000000000300 ) ;
#2640 = CIRCLE ( 'NONE', #3270, 0.005999999999999967200 ) ;
#2641 = ORIENTED_EDGE ( 'NONE', *, *, #1568, .T. ) ;
#2642 = B_SPLINE_CURVE_WITH_KNOTS ( 'NONE', 3,
 ( #1559, #1246, #1235, #1776, #2011, #2020 ),
 .UNSPECIFIED., .F., .F.,
 ( 4, 2, 4 ),
 ( 2.168404344971008900E-019, 0.0001607471480793748900, 0.0003214942961587495600 ),
 .UNSPECIFIED. ) ;
#2643 = CIRCLE ( 'NONE', #176, 0.009000000000000035700 ) ;
#2644 = EDGE_CURVE ( 'NONE', #389, #1844, #1076, .T. ) ;
#2645 = CARTESIAN_POINT ( 'NONE',  ( 0.02500000000000001500, 0.05999999999999994900, 0.1600000000000002000 ) ) ;
#2646 = B_SPLINE_CURVE_WITH_KNOTS ( 'NONE', 3,
 ( #3310, #2610, #198, #2858, #2336, #1067, #1752, #695, #2076, #1071, #2830, #1034, #2493, #2037, #2025, #2818, #2613, #3158, #2601 ),
 .UNSPECIFIED., .F., .F.,
 ( 4, 3, 3, 3, 3, 3, 4 ),
 ( 9.536222735529138400E-016, 3.233754944256891500E-005, 6.495554878079283900E-005, 9.418287608142886500E-005, 0.0001221657068746028900, 0.0001531976163168443100, 0.0001793799164044659500 ),
 .UNSPECIFIED. ) ;
#2647 = AXIS2_PLACEMENT_3D ( 'NONE', #401, #1743, #2531 ) ;
#2648 = CARTESIAN_POINT ( 'NONE',  ( -0.004000000000000000100, -0.0002500000000000349200, -0.006999999999999952400 ) ) ;
#2649 = AXIS2_PLACEMENT_3D ( 'NONE', #318, #1502, #2816 ) ;
#2650 = CARTESIAN_POINT ( 'NONE',  ( 0.02900000000000000100, 0.002499999999999951900, -0.03699999999999997700 ) ) ;
#2651 = CARTESIAN_POINT ( 'NONE',  ( -0.02423324509013618700, 0.05607417691328300100, -0.01542044222483028100 ) ) ;
#2652 = DIRECTION ( 'NONE',  ( 0.0000000000000000000, -0.0000000000000000000, -1.000000000000000000 ) ) ;
#2653 = DIRECTION ( 'NONE',  ( -1.917682592583735000E-017, -1.000000000000000000, -1.067128122525102900E-016 ) ) ;
#2654 = CARTESIAN_POINT ( 'NONE',  ( 0.02900000000000000100, 0.002499999999999951900, -0.03699999999999997700 ) ) ;
#2655 = EDGE_LOOP ( 'NONE', ( #3231, #1111, #148, #22, #3088, #1675 ) ) ;
#2656 = FACE_OUTER_BOUND ( 'NONE', #548, .T. ) ;
#2657 = EDGE_CURVE ( 'NONE', #2659, #779, #956, .T. ) ;
#2658 = ORIENTED_EDGE ( 'NONE', *, *, #1491, .T. ) ;
#2659 = VERTEX_POINT ( 'NONE', #958 ) ;
#2660 = FILL_AREA_STYLE_COLOUR ( '', #2854 ) ;
#2661 = CARTESIAN_POINT ( 'NONE',  ( -0.02499999999999999100, 0.05999999999999994900, 0.1600000000000002000 ) ) ;
#2662 = ORIENTED_EDGE ( 'NONE', *, *, #3107, .F. ) ;
#2663 = EDGE_CURVE ( 'NONE', #935, #3121, #441, .T. ) ;
#2664 = CIRCLE ( 'NONE', #2248, 0.004000000000000003600 ) ;
#2665 = EDGE_CURVE ( 'NONE', #1456, #2837, #998, .T. ) ;
#2666 = VERTEX_POINT ( 'NONE', #771 ) ;
#2667 = FACE_OUTER_BOUND ( 'NONE', #2172, .T. ) ;
#2668 = ORIENTED_EDGE ( 'NONE', *, *, #1995, .T. ) ;
#2669 = DIRECTION ( 'NONE',  ( -7.468797715707625400E-017, 6.842277657836020900E-049, 1.000000000000000000 ) ) ;
#2670 = ORIENTED_EDGE ( 'NONE', *, *, #2836, .F. ) ;
#2671 = CARTESIAN_POINT ( 'NONE',  ( 0.03891197793938065000, 0.002499999999999984900, -1.814117808292674900E-017 ) ) ;
#2672 = ORIENTED_EDGE ( 'NONE', *, *, #616, .F. ) ;
#2673 = CYLINDRICAL_SURFACE ( 'NONE', #1316, 0.01325000000000000500 ) ;
#2674 = DIRECTION ( 'NONE',  ( 1.917682592583736000E-017, 1.000000000000000000, 1.432278336694168300E-033 ) ) ;
#2675 = VECTOR ( 'NONE', #1061, 39.37007874015748100 ) ;
#2676 = AXIS2_PLACEMENT_3D ( 'NONE', #2979, #1464, #3221 ) ;
#2677 = ORIENTED_EDGE ( 'NONE', *, *, #1397, .T. ) ;
#2678 = AXIS2_PLACEMENT_3D ( 'NONE', #2879, #3232, #1894 ) ;
#2679 = CARTESIAN_POINT ( 'NONE',  ( 0.02899999999956479400, 0.01128175743142169000, -0.009691267240612675600 ) ) ;
#2680 = EDGE_CURVE ( 'NONE', #61, #244, #910, .T. ) ;
#2681 = CARTESIAN_POINT ( 'NONE',  ( 0.04750000000006709300, 0.007759578991669181300, 0.0000000000000000000 ) ) ;
#2682 = CARTESIAN_POINT ( 'NONE',  ( -0.02499999999999999100, 0.05399999999999997200, 0.1600000000000002000 ) ) ;
#2683 = EDGE_CURVE ( 'NONE', #139, #1798, #3173, .T. ) ;
#2684 = CIRCLE ( 'NONE', #1105, 0.01200000000000000200 ) ;
#2685 = EDGE_LOOP ( 'NONE', ( #1254, #2811, #1385, #1248, #1628, #2522, #369, #844 ) ) ;
#2686 = ORIENTED_EDGE ( 'NONE', *, *, #1381, .T. ) ;
#2687 = FACE_BOUND ( 'NONE', #2908, .T. ) ;
#2688 = ORIENTED_EDGE ( 'NONE', *, *, #3189, .T. ) ;
#2689 = ORIENTED_EDGE ( 'NONE', *, *, #1958, .T. ) ;
#2690 =( BOUNDED_SURFACE ( )  B_SPLINE_SURFACE ( 3, 2, ( 
 ( #1096, #931, #1119 ),
 ( #897, #887, #877 ),
 ( #864, #851, #813 ),
 ( #792, #639, #632 ),
 ( #621, #597, #584 ),
 ( #577, #565, #544 ) ),
 .UNSPECIFIED., .F., .F., .F. ) 
 B_SPLINE_SURFACE_WITH_KNOTS ( ( 4, 2, 4 ),
 ( 3, 3 ),
 ( -7.570264315365175000E-006, 0.0006892990023811541800, 0.001386168269077673500 ),
 ( 0.0000000000000000000, 1.000000000000000000 ),
 .UNSPECIFIED. ) 
 GEOMETRIC_REPRESENTATION_ITEM ( )  RATIONAL_B_SPLINE_SURFACE ( (
 ( 1.000000000000000000, 1.000000000000000000, 1.000000000000000000),
 ( 1.000000000000000000, 0.9998817494082800100, 1.000000000000000000),
 ( 1.000000000000000000, 0.9840535173629431100, 1.000000000000000000),
 ( 1.000000000000000000, 0.9210240504929866300, 1.000000000000000000),
 ( 1.000000000000000000, 0.8730608444349828900, 1.000000000000000000),
 ( 1.000000000000000000, 0.8188333103550966600, 1.000000000000000000) ) ) 
 REPRESENTATION_ITEM ( '' )  SURFACE ( )  );
#2691 = CARTESIAN_POINT ( 'NONE',  ( 0.02899999999956479400, 0.01128175743142169000, -0.009691267240612675600 ) ) ;
#2692 = CYLINDRICAL_SURFACE ( 'NONE', #208, 0.004000000000000000100 ) ;
#2693 = EDGE_CURVE ( 'NONE', #2508, #2837, #1891, .T. ) ;
#2694 = ORIENTED_EDGE ( 'NONE', *, *, #2092, .T. ) ;
#2695 = CARTESIAN_POINT ( 'NONE',  ( -0.02888875119280873800, 0.05906318936789312100, -0.01338697782374682000 ) ) ;
#2696 = CARTESIAN_POINT ( 'NONE',  ( -1.645012667047145400E-016, 0.06400000000000022300, -0.01309406913674039700 ) ) ;
#2697 = CARTESIAN_POINT ( 'NONE',  ( 0.04750000000001088800, 0.009902073896870361800, 1.114081759916207300E-014 ) ) ;
#2698 = LINE ( 'NONE', #2976, #2234 ) ;
#2699 = CARTESIAN_POINT ( 'NONE',  ( 0.02900000000000000100, -5.975917486140575200E-017, -0.02684313483298438400 ) ) ;
#2700 = CARTESIAN_POINT ( 'NONE',  ( 7.886817311945783300E-005, 0.06400000000000000100, -0.01309406913674095700 ) ) ;
#2701 = DIRECTION ( 'NONE',  ( -1.000000000000000000, -0.0000000000000000000, 0.0000000000000000000 ) ) ;
#2702 = CARTESIAN_POINT ( 'NONE',  ( 0.02423324509004284900, 0.05607417691283095300, -0.01542044222489844500 ) ) ;
#2703 = CARTESIAN_POINT ( 'NONE',  ( 0.02839577379372578900, 0.06211393480075549200, -0.01318997723039854400 ) ) ;
#2704 = VECTOR ( 'NONE', #2112, 39.37007874015748100 ) ;
#2705 = VECTOR ( 'NONE', #2618, 39.37007874015748100 ) ;
#2706 = EDGE_LOOP ( 'NONE', ( #2594, #1114, #1399, #3312 ) ) ;
#2707 = DIRECTION ( 'NONE',  ( 2.026496089155530700E-017, 1.043660709282909700E-033, -1.000000000000000000 ) ) ;
#2708 = CARTESIAN_POINT ( 'NONE',  ( 0.0001577841831005304800, 0.06399766379293814200, -0.01309553527584988300 ) ) ;
#2709 = DIRECTION ( 'NONE',  ( 8.294331525483866100E-017, 0.8571673007021091100, 0.5150380749100594800 ) ) ;
#2710 = EDGE_CURVE ( 'NONE', #2249, #1646, #2333, .T. ) ;
#2711 = ORIENTED_EDGE ( 'NONE', *, *, #1142, .T. ) ;
#2712 = CARTESIAN_POINT ( 'NONE',  ( 0.05000000000000000300, 0.07999999999999996000, 0.0000000000000000000 ) ) ;
#2713 = CARTESIAN_POINT ( 'NONE',  ( 0.02500000000000001500, 0.05999999999999994900, 0.1600000000000002000 ) ) ;
#2714 = DIRECTION ( 'NONE',  ( -1.000000000000000000, 1.917682592583736000E-017, -7.468797715707625400E-017 ) ) ;
#2715 = LINE ( 'NONE', #234, #2546 ) ;
#2716 = CARTESIAN_POINT ( 'NONE',  ( -0.02271035755657807900, 0.05672013148414736800, -0.01589900902608697500 ) ) ;
#2717 = ORIENTED_EDGE ( 'NONE', *, *, #344, .T. ) ;
#2718 = CARTESIAN_POINT ( 'NONE',  ( 0.01636720025587407700, 0.05098018474411065300, -0.01850357323987732500 ) ) ;
#2719 = CIRCLE ( 'NONE', #1195, 0.01100000000000000300 ) ;
#2720 = CIRCLE ( 'NONE', #649, 0.04515625000000003700 ) ;
#2721 = EDGE_CURVE ( 'NONE', #3074, #614, #776, .T. ) ;
#2722 = ADVANCED_FACE ( 'NONE', ( #727 ), #3146, .F. ) ;
#2723 = VERTEX_POINT ( 'NONE', #11 ) ;
#2724 = CYLINDRICAL_SURFACE ( 'NONE', #250, 0.004000000000000000100 ) ;
#2725 = CARTESIAN_POINT ( 'NONE',  ( -0.01590311583815633500, 0.02682447501291588800, -0.01858297970649959100 ) ) ;
#2726 = EDGE_CURVE ( 'NONE', #1231, #2842, #961, .T. ) ;
#2727 = CIRCLE ( 'NONE', #1237, 0.003999999999999999200 ) ;
#2728 = ORIENTED_EDGE ( 'NONE', *, *, #2355, .F. ) ;
#2729 = EDGE_CURVE ( 'NONE', #1416, #842, #769, .T. ) ;
#2730 = FACE_OUTER_BOUND ( 'NONE', #943, .T. ) ;
#2731 = CARTESIAN_POINT ( 'NONE',  ( -0.02499999999999997400, 0.05199999999999994900, -0.05999999999999979000 ) ) ;
#2732 = CARTESIAN_POINT ( 'NONE',  ( 0.02500000000000001900, 0.06599999999999993400, 0.1600000000000002000 ) ) ;
#2733 = CARTESIAN_POINT ( 'NONE',  ( 0.0002364603714316699000, 0.06399300469480589900, -0.01309845741983947300 ) ) ;
#2734 = ADVANCED_FACE ( 'NONE', ( #493 ), #2109, .F. ) ;
#2735 = VERTEX_POINT ( 'NONE', #1606 ) ;
#2736 = CARTESIAN_POINT ( 'NONE',  ( 0.02423324509004284900, 0.05607417691283095300, -0.01542044222489844500 ) ) ;
#2737 = CARTESIAN_POINT ( 'NONE',  ( -0.02499999999999998100, 0.05999999999999994900, 0.01800000000000020700 ) ) ;
#2738 = CARTESIAN_POINT ( 'NONE',  ( -0.02100000000000000500, 0.002499999999999956300, -0.02684313483298438400 ) ) ;
#2739 = DIRECTION ( 'NONE',  ( 1.000000000000000000, 0.0000000000000000000, 0.0000000000000000000 ) ) ;
#2740 = EDGE_CURVE ( 'NONE', #1981, #2619, #3290, .T. ) ;
#2741 = VECTOR ( 'NONE', #1701, 39.37007874015748100 ) ;
#2742 = CARTESIAN_POINT ( 'NONE',  ( 0.0006954408766337302000, 0.06396582448615723000, -0.01311550459959061700 ) ) ;
#2743 = DIRECTION ( 'NONE',  ( 0.0000000000000000000, 0.0000000000000000000, -1.000000000000000000 ) ) ;
#2744 = ORIENTED_EDGE ( 'NONE', *, *, #3255, .T. ) ;
#2745 = AXIS2_PLACEMENT_3D ( 'NONE', #2197, #2232, #2504 ) ;
#2746 = VERTEX_POINT ( 'NONE', #3385 ) ;
#2747 = B_SPLINE_CURVE_WITH_KNOTS ( 'NONE', 3,
 ( #2233, #983, #1690, #2591, #1949, #2108, #1459, #1376, #784, #2402, #3132, #3337, #2293, #3186, #2119, #3159 ),
 .UNSPECIFIED., .F., .F.,
 ( 4, 3, 3, 3, 3, 4 ),
 ( 0.0005185175569740850400, 0.0005334090301206016400, 0.0005646364610536262500, 0.0005982283034021824100, 0.0006350006185143101200, 0.0006603703724756731000 ),
 .UNSPECIFIED. ) ;
#2748 = VERTEX_POINT ( 'NONE', #3346 ) ;
#2749 = CARTESIAN_POINT ( 'NONE',  ( -0.02100000000000000500, 0.007203124999999971700, -0.01795506402237678400 ) ) ;
#2750 = ORIENTED_EDGE ( 'NONE', *, *, #145, .F. ) ;
#2751 = CIRCLE ( 'NONE', #448, 0.003999999999999994900 ) ;
#2752 = AXIS2_PLACEMENT_3D ( 'NONE', #3057, #1569, #3328 ) ;
#2753 = ADVANCED_FACE ( 'NONE', ( #3133 ), #536, .F. ) ;
#2754 = ORIENTED_EDGE ( 'NONE', *, *, #1928, .F. ) ;
#2755 = PLANE ( 'NONE',  #636 ) ;
#2756 = CARTESIAN_POINT ( 'NONE',  ( 0.001155247298003195800, 0.06385557438014322100, -0.01318486135603132500 ) ) ;
#2757 = CARTESIAN_POINT ( 'NONE',  ( 0.004000000000000000100, 0.002499999999999956300, -0.02684313483298438400 ) ) ;
#2758 = ORIENTED_EDGE ( 'NONE', *, *, #2045, .T. ) ;
#2759 = FACE_OUTER_BOUND ( 'NONE', #294, .T. ) ;
#2760 = AXIS2_PLACEMENT_3D ( 'NONE', #1689, #1652, #782 ) ;
#2761 = DIRECTION ( 'NONE',  ( -1.000000000000000000, -0.0000000000000000000, 0.0000000000000000000 ) ) ;
#2762 = CARTESIAN_POINT ( 'NONE',  ( 0.009528053606047002400, 0.03033822941380931100, -0.01999999999999999000 ) ) ;
#2763 = CONICAL_SURFACE ( 'NONE', #559, 0.005999999999999967200, 1.029744258676648300 ) ;
#2764 = EDGE_CURVE ( 'NONE', #1310, #504, #2523, .T. ) ;
#2765 = CARTESIAN_POINT ( 'NONE',  ( -0.02386308434877138600, 0.06383502578936955900, -0.01319708700843989100 ) ) ;
#2766 = CARTESIAN_POINT ( 'NONE',  ( 0.001566777995028518000, 0.06368038132729396400, -0.01329276109594947400 ) ) ;
#2767 = EDGE_CURVE ( 'NONE', #3281, #270, #728, .T. ) ;
#2768 = FACE_OUTER_BOUND ( 'NONE', #1909, .T. ) ;
#2769 = PLANE ( 'NONE',  #2087 ) ;
#2770 = ADVANCED_FACE ( 'NONE', ( #2566 ), #2895, .T. ) ;
#2771 = CARTESIAN_POINT ( 'NONE',  ( -0.02252147484195691000, 0.06317827808476068900, -0.01359963423031815300 ) ) ;
#2772 = CIRCLE ( 'NONE', #1315, 0.01100000000000000100 ) ;
#2773 = CARTESIAN_POINT ( 'NONE',  ( 0.0000000000000000000, 0.03999999999999998000, -0.01999999999999999000 ) ) ;
#2774 = ADVANCED_FACE ( 'NONE', ( #529 ), #996, .F. ) ;
#2775 = DIRECTION ( 'NONE',  ( -1.000000000000000000, 0.0000000000000000000, 0.0000000000000000000 ) ) ;
#2776 = CYLINDRICAL_SURFACE ( 'NONE', #2156, 0.005999999999999975000 ) ;
#2777 = ORIENTED_EDGE ( 'NONE', *, *, #2581, .F. ) ;
#2778 = CARTESIAN_POINT ( 'NONE',  ( 0.002045540122564401500, 0.06347656712991357800, -0.01341828832737396900 ) ) ;
#2779 = CARTESIAN_POINT ( 'NONE',  ( -0.008491160619564596900, 0.03430593463269084700, -0.01999999999999999000 ) ) ;
#2780 = CIRCLE ( 'NONE', #1420, 0.01325000000000000500 ) ;
#2781 = AXIS2_PLACEMENT_3D ( 'NONE', #1391, #1379, #846 ) ;
#2782 = CIRCLE ( 'NONE', #2676, 0.01325000000000000500 ) ;
#2783 = EDGE_CURVE ( 'NONE', #2807, #1153, #960, .T. ) ;
#2784 = ORIENTED_EDGE ( 'NONE', *, *, #3020, .F. ) ;
#2785 = CARTESIAN_POINT ( 'NONE',  ( -0.02343322200497148200, 0.06368038132729396400, -0.01329276109594947400 ) ) ;
#2786 = CARTESIAN_POINT ( 'NONE',  ( 0.02100000000000000500, -0.0002500000000000349200, -0.006999999999999952400 ) ) ;
#2787 = VECTOR ( 'NONE', #906, 39.37007874015748100 ) ;
#2788 = ADVANCED_FACE ( 'NONE', ( #908 ), #1782, .F. ) ;
#2789 = VERTEX_POINT ( 'NONE', #2155 ) ;
#2790 = EDGE_CURVE ( 'NONE', #1305, #230, #2338, .T. ) ;
#2791 = CARTESIAN_POINT ( 'NONE',  ( 0.002478525158043080400, 0.06317827808476070300, -0.01359963423031815100 ) ) ;
#2792 = CARTESIAN_POINT ( 'NONE',  ( -0.02796544591017840700, 0.05847483838535854500, -0.01382433918944247900 ) ) ;
#2793 = ORIENTED_EDGE ( 'NONE', *, *, #2767, .F. ) ;
#2794 = ADVANCED_FACE ( 'NONE', ( #3210 ), #2238, .T. ) ;
#2795 = CARTESIAN_POINT ( 'NONE',  ( 1.265018847975120500E-017, 0.05999999999999994900, 0.1600000000000002000 ) ) ;
#2796 = CARTESIAN_POINT ( 'NONE',  ( 0.002828220885531915400, 0.06282863334892327400, -0.01380450478584734900 ) ) ;
#2797 = EDGE_LOOP ( 'NONE', ( #593, #328, #1121, #3183 ) ) ;
#2798 = DIRECTION ( 'NONE',  ( 1.000000000000000000, -1.917682592583736000E-017, 7.468797715707625400E-017 ) ) ;
#2799 = VECTOR ( 'NONE', #115, 39.37007874015748100 ) ;
#2800 = FACE_OUTER_BOUND ( 'NONE', #568, .T. ) ;
#2801 = CARTESIAN_POINT ( 'NONE',  ( 0.02500000000000000100, -0.0002500000000000349200, -0.006999999999999952400 ) ) ;
#2802 = ORIENTED_EDGE ( 'NONE', *, *, #516, .F. ) ;
#2803 = DIRECTION ( 'NONE',  ( 0.0000000000000000000, 0.0000000000000000000, 1.000000000000000000 ) ) ;
#2804 = CARTESIAN_POINT ( 'NONE',  ( 0.04749999999999999400, 0.03999999999999998000, 0.02515625000000004300 ) ) ;
#2805 = CARTESIAN_POINT ( 'NONE',  ( 0.003195337890694659400, 0.06246156987573386900, -0.01401958166234223800 ) ) ;
#2806 = LINE ( 'NONE', #45, #2844 ) ;
#2807 = VERTEX_POINT ( 'NONE', #1814 ) ;
#2808 = DIRECTION ( 'NONE',  ( 0.0000000000000000000, -4.202588515167456800E-016, -1.000000000000000000 ) ) ;
#2809 = ADVANCED_FACE ( 'NONE', ( #2448 ), #2487, .T. ) ;
#2810 = EDGE_CURVE ( 'NONE', #3099, #2458, #1039, .T. ) ;
#2811 = ORIENTED_EDGE ( 'NONE', *, *, #3319, .T. ) ;
#2812 = DIRECTION ( 'NONE',  ( -7.468797715707625400E-017, 6.842277657836020900E-049, 1.000000000000000000 ) ) ;
#2813 = FACE_OUTER_BOUND ( 'NONE', #537, .T. ) ;
#2814 = ORIENTED_EDGE ( 'NONE', *, *, #1958, .F. ) ;
#2815 = EDGE_CURVE ( 'NONE', #2723, #2377, #89, .T. ) ;
#2816 = DIRECTION ( 'NONE',  ( 0.0000000000000000000, 0.0000000000000000000, -1.000000000000000000 ) ) ;
#2817 = CYLINDRICAL_SURFACE ( 'NONE', #1221, 0.004000000000000003600 ) ;
#2818 = CARTESIAN_POINT ( 'NONE',  ( 0.02101420262400662300, 0.06033677778656566800, -0.01514638381162874100 ) ) ;
#2819 = DIRECTION ( 'NONE',  ( 1.000000000000000000, 0.0000000000000000000, 0.0000000000000000000 ) ) ;
#2820 = CARTESIAN_POINT ( 'NONE',  ( 0.003485710474570402400, 0.06202543329608038000, -0.01426765667293702400 ) ) ;
#2821 = EDGE_CURVE ( 'NONE', #2126, #1456, #2410, .T. ) ;
#2822 = DIRECTION ( 'NONE',  ( -5.490490008879129400E-017, -0.8571673007021091100, 0.5150380749100594800 ) ) ;
#2823 = DIRECTION ( 'NONE',  ( 0.0000000000000000000, -1.000000000000000000, 4.202588515167456800E-016 ) ) ;
#2824 = CARTESIAN_POINT ( 'NONE',  ( 0.003682060614870972700, 0.06156282744678228500, -0.01451907465604775600 ) ) ;
#2825 = FACE_OUTER_BOUND ( 'NONE', #1926, .T. ) ;
#2826 = DIRECTION ( 'NONE',  ( 0.0000000000000000000, 0.0000000000000000000, -1.000000000000000000 ) ) ;
#2827 = DIRECTION ( 'NONE',  ( 0.0000000000000000000, 0.0000000000000000000, 1.000000000000000000 ) ) ;
#2828 =( BOUNDED_SURFACE ( )  B_SPLINE_SURFACE ( 3, 2, ( 
 ( #1862, #2003, #1809 ),
 ( #1797, #1794, #1747 ),
 ( #1736, #1728, #1713 ),
 ( #1691, #1631, #1620 ) ),
 .UNSPECIFIED., .F., .F., .F. ) 
 B_SPLINE_SURFACE_WITH_KNOTS ( ( 4, 4 ),
 ( 3, 3 ),
 ( -7.570264315365136900E-006, 0.0006875915406488278800 ),
 ( 0.0000000000000000000, 1.000000000000000000 ),
 .UNSPECIFIED. ) 
 GEOMETRIC_REPRESENTATION_ITEM ( )  RATIONAL_B_SPLINE_SURFACE ( (
 ( 1.000000000000000000, 1.000000000000000000, 1.000000000000000000),
 ( 1.000000000000000000, 0.9999329507337729700, 1.000000000000000000),
 ( 1.000000000000000000, 0.9840633958352611500, 1.000000000000000000),
 ( 1.000000000000000000, 0.9527701492391724700, 1.000000000000000000) ) ) 
 REPRESENTATION_ITEM ( '' )  SURFACE ( )  );
#2829 = ADVANCED_FACE ( 'NONE', ( #2569 ), #2091, .T. ) ;
#2830 = CARTESIAN_POINT ( 'NONE',  ( 0.02126592922985178300, 0.05852076074450946600, -0.01583099800228193000 ) ) ;
#2831 = CARTESIAN_POINT ( 'NONE',  ( 0.02500000000000003300, -4.802076551362962800E-017, -0.08699999999999980000 ) ) ;
#2832 = CARTESIAN_POINT ( 'NONE',  ( 0.003870539175121431300, 0.06111876723727250500, -0.01476041341651538500 ) ) ;
#2833 = DIRECTION ( 'NONE',  ( 0.0000000000000000000, -1.000000000000000000, 0.0000000000000000000 ) ) ;
#2834 = CARTESIAN_POINT ( 'NONE',  ( 0.003978271744805778900, 0.06063750836564540900, -0.01501178169337534300 ) ) ;
#2835 = AXIS2_PLACEMENT_3D ( 'NONE', #96, #1982, #378 ) ;
#2836 = EDGE_CURVE ( 'NONE', #1918, #1307, #3, .T. ) ;
#2837 = VERTEX_POINT ( 'NONE', #522 ) ;
#2838 = CYLINDRICAL_SURFACE ( 'NONE', #2118, 0.01100000000000000100 ) ;
#2839 = VERTEX_POINT ( 'NONE', #508 ) ;
#2840 = CARTESIAN_POINT ( 'NONE',  ( 0.04749999999999998700, 0.07223487750633500500, 0.0000000000000000000 ) ) ;
#2841 = ORIENTED_EDGE ( 'NONE', *, *, #781, .F. ) ;
#2842 = VERTEX_POINT ( 'NONE', #251 ) ;
#2843 = EDGE_CURVE ( 'NONE', #1828, #2124, #42, .T. ) ;
#2844 = VECTOR ( 'NONE', #913, 39.37007874015748100 ) ;
#2845 = DIRECTION ( 'NONE',  ( 0.0000000000000000000, -1.000000000000000000, 0.0000000000000000000 ) ) ;
#2846 = ORIENTED_EDGE ( 'NONE', *, *, #2968, .F. ) ;
#2847 = CARTESIAN_POINT ( 'NONE',  ( -0.02334987863499369400, 0.01660473569282312800, -0.01381441202055925700 ) ) ;
#2848 = LINE ( 'NONE', #1269, #2799 ) ;
#2849 = DIRECTION ( 'NONE',  ( -1.917682592583740000E-017, -1.000000000000000000, 0.0000000000000000000 ) ) ;
#2850 = FACE_OUTER_BOUND ( 'NONE', #976, .T. ) ;
#2851 = CARTESIAN_POINT ( 'NONE',  ( 0.003996991655500698900, 0.06015510546688614800, -0.01525239558088027600 ) ) ;
#2852 = CARTESIAN_POINT ( 'NONE',  ( -0.02100000000000000500, -5.975917486140575200E-017, -0.02684313483298438400 ) ) ;
#2853 = CYLINDRICAL_SURFACE ( 'NONE', #2649, 0.004000000000000003600 ) ;
#2854 = COLOUR_RGB ( '',0.7960784313725489700, 0.8235294117647058400, 0.9372549019607843100 ) ;
#2855 = FACE_OUTER_BOUND ( 'NONE', #3350, .T. ) ;
#2856 = CARTESIAN_POINT ( 'NONE',  ( 2.939138810641327000E-017, 0.007999999999999951600, -0.08699999999999980000 ) ) ;
#2857 = FILL_AREA_STYLE ('',( #786 ) ) ;
#2858 = CARTESIAN_POINT ( 'NONE',  ( 0.02309182208435370300, 0.05648448338899671900, -0.01580731025232964500 ) ) ;
#2859 = ORIENTED_EDGE ( 'NONE', *, *, #540, .F. ) ;
#2860 = DIRECTION ( 'NONE',  ( 1.000000000000000000, -1.917682592583736000E-017, 7.468797715707625400E-017 ) ) ;
#2861 = DIRECTION ( 'NONE',  ( 1.000000000000000000, 0.0000000000000000000, 0.0000000000000000000 ) ) ;
#2862 = CARTESIAN_POINT ( 'NONE',  ( 0.02900000000000000100, -5.975917486140575200E-017, -0.02684313483298438400 ) ) ;
#2863 = EDGE_CURVE ( 'NONE', #2659, #3074, #330, .T. ) ;
#2864 = SURFACE_STYLE_FILL_AREA ( #1547 ) ;
#2865 = DIRECTION ( 'NONE',  ( 0.0000000000000000000, 1.000000000000000000, 0.0000000000000000000 ) ) ;
#2866 = DIRECTION ( 'NONE',  ( 1.000000000000000000, 0.0000000000000000000, 0.0000000000000000000 ) ) ;
#2867 = CARTESIAN_POINT ( 'NONE',  ( -0.02499999999999998400, 0.05999999999999994900, 0.1000000000000000100 ) ) ;
#2868 = FACE_OUTER_BOUND ( 'NONE', #1313, .T. ) ;
#2869 = DIRECTION ( 'NONE',  ( -1.000000000000000000, 0.0000000000000000000, 0.0000000000000000000 ) ) ;
#2870 = CARTESIAN_POINT ( 'NONE',  ( 1.265018847975120200E-017, 0.05999999999999994900, 0.1600000000000002000 ) ) ;
#2871 = FACE_OUTER_BOUND ( 'NONE', #1507, .T. ) ;
#2872 = SURFACE_STYLE_USAGE ( .BOTH. , #856 ) ;
#2873 = ORIENTED_EDGE ( 'NONE', *, *, #2524, .F. ) ;
#2874 = CARTESIAN_POINT ( 'NONE',  ( -0.04749999999999999400, 0.07009792610312781700, 0.0000000000000000000 ) ) ;
#2875 = DIRECTION ( 'NONE',  ( -7.468797715707625400E-017, 6.842277657836020900E-049, 1.000000000000000000 ) ) ;
#2876 = B_SPLINE_CURVE_WITH_KNOTS ( 'NONE', 3,
 ( #1270, #1762, #1532, #83 ),
 .UNSPECIFIED., .F., .F.,
 ( 4, 4 ),
 ( 1.338973966758451400E-014, 3.869257400362434400E-005 ),
 .UNSPECIFIED. ) ;
#2877 = LINE ( 'NONE', #2998, #2741 ) ;
#2878 = CARTESIAN_POINT ( 'NONE',  ( -0.02771591891204464000, 0.01248717191803766000, -0.01065060974774785700 ) ) ;
#2879 = CARTESIAN_POINT ( 'NONE',  ( 2.875855962712440000E-017, 0.01199999999999995000, -0.06799999999999979700 ) ) ;
#2880 = DIRECTION ( 'NONE',  ( 1.000000000000000000, 0.0000000000000000000, 0.0000000000000000000 ) ) ;
#2881 = ORIENTED_EDGE ( 'NONE', *, *, #2420, .T. ) ;
#2882 = CARTESIAN_POINT ( 'NONE',  ( 0.004014292238809398500, 0.05970927793734522700, -0.01547476633220756800 ) ) ;
#2883 = DIRECTION ( 'NONE',  ( 0.0000000000000000000, 1.000000000000000000, 0.0000000000000000000 ) ) ;
#2884 = LINE ( 'NONE', #3094, #1805 ) ;
#2885 = CIRCLE ( 'NONE', #1437, 0.01200000000000000200 ) ;
#2886 = EDGE_CURVE ( 'NONE', #2413, #2198, #1700, .T. ) ;
#2887 = ORIENTED_EDGE ( 'NONE', *, *, #2530, .T. ) ;
#2888 = ORIENTED_EDGE ( 'NONE', *, *, #2239, .T. ) ;
#2889 = VERTEX_POINT ( 'NONE', #232 ) ;
#2890 = EDGE_CURVE ( 'NONE', #2985, #755, #2026, .T. ) ;
#2891 = ORIENTED_EDGE ( 'NONE', *, *, #80, .T. ) ;
#2892 = CARTESIAN_POINT ( 'NONE',  ( -0.02548948619075017500, 0.06396993743893583700, -0.01304963400262051400 ) ) ;
#2893 = CARTESIAN_POINT ( 'NONE',  ( 0.02900000000000000100, 0.01049999999999996800, -0.006999999999999969800 ) ) ;
#2894 = LINE ( 'NONE', #1803, #3277 ) ;
#2895 = PLANE ( 'NONE',  #847 ) ;
#2896 = FACE_OUTER_BOUND ( 'NONE', #3196, .T. ) ;
#2897 = ORIENTED_EDGE ( 'NONE', *, *, #1868, .T. ) ;
#2898 = PRESENTATION_STYLE_ASSIGNMENT (( #2872 ) ) ;
#2899 = ORIENTED_EDGE ( 'NONE', *, *, #1397, .F. ) ;
#2900 = CARTESIAN_POINT ( 'NONE',  ( -0.02100000000000000500, 0.01248717191803766300, -0.01065060974774785300 ) ) ;
#2901 = CARTESIAN_POINT ( 'NONE',  ( 0.02900000000000000100, 0.007203124999999971700, -0.01795506402237678400 ) ) ;
#2902 = EDGE_CURVE ( 'NONE', #3036, #3001, #2639, .T. ) ;
#2903 = AXIS2_PLACEMENT_3D ( 'NONE', #167, #1512, #2012 ) ;
#2904 = CARTESIAN_POINT ( 'NONE',  ( 0.003955813969064725900, 0.05925161798227916000, -0.01569338085105971900 ) ) ;
#2905 = DIRECTION ( 'NONE',  ( 7.468797715707625400E-017, -6.842277657836020900E-049, -1.000000000000000000 ) ) ;
#2906 = CARTESIAN_POINT ( 'NONE',  ( 0.0000000000000000000, -0.0002500000000000349200, -0.006999999999999952400 ) ) ;
#2907 = LINE ( 'NONE', #1461, #3138 ) ;
#2908 = EDGE_LOOP ( 'NONE', ( #1901, #381 ) ) ;
#2909 = B_SPLINE_CURVE_WITH_KNOTS ( 'NONE', 3,
 ( #2098, #2065, #2305, #2359 ),
 .UNSPECIFIED., .F., .F.,
 ( 4, 4 ),
 ( 0.0000000000000000000, 2.936270034715918400E-005 ),
 .UNSPECIFIED. ) ;
#2910 = TOROIDAL_SURFACE ( 'NONE', #1258, 0.007999999999999996700, 0.004000000000000000100 ) ;
#2911 = EDGE_LOOP ( 'NONE', ( #1272, #458, #934, #2221, #405, #2881, #2967 ) ) ;
#2912 = VECTOR ( 'NONE', #898, 39.37007874015748100 ) ;
#2913 = ORIENTED_EDGE ( 'NONE', *, *, #921, .F. ) ;
#2914 = EDGE_CURVE ( 'NONE', #1798, #1353, #1079, .T. ) ;
#2915 = DIRECTION ( 'NONE',  ( 1.000000000000000000, 0.0000000000000000000, -0.0000000000000000000 ) ) ;
#2916 = CARTESIAN_POINT ( 'NONE',  ( -0.02138522839638668700, 0.05823483943810097600, -0.01590045085001017700 ) ) ;
#2917 = CARTESIAN_POINT ( 'NONE',  ( 0.003820578225417232000, 0.05881544015623184400, -0.01589330694998128700 ) ) ;
#2918 = CARTESIAN_POINT ( 'NONE',  ( 0.05000000000000000300, 0.07999999999999996000, 0.1000000000000000200 ) ) ;
#2919 = DIRECTION ( 'NONE',  ( 7.468797715707625400E-017, -6.842277657836020900E-049, -1.000000000000000000 ) ) ;
#2920 = FACE_OUTER_BOUND ( 'NONE', #143, .T. ) ;
#2921 = PRODUCT_DEFINITION_CONTEXT ( 'detailed design', #2627, 'design' ) ;
#2922 = ORIENTED_EDGE ( 'NONE', *, *, #2184, .T. ) ;
#2923 = ORIENTED_EDGE ( 'NONE', *, *, #2721, .F. ) ;
#2924 = FACE_OUTER_BOUND ( 'NONE', #317, .T. ) ;
#2925 = CARTESIAN_POINT ( 'NONE',  ( 0.003695618882346153900, 0.05841240695557806800, -0.01607804090647967100 ) ) ;
#2926 = EDGE_CURVE ( 'NONE', #2377, #1401, #2602, .T. ) ;
#2927 = VECTOR ( 'NONE', #2869, 39.37007874015748100 ) ;
#2928 = CARTESIAN_POINT ( 'NONE',  ( -0.04749999999999999400, 0.009902073896872155500, 0.0000000000000000000 ) ) ;
#2929 = EDGE_LOOP ( 'NONE', ( #3007, #1546, #1957, #2050 ) ) ;
#2930 = CARTESIAN_POINT ( 'NONE',  ( 0.04653478378021171800, 0.07434548859697681600, -0.0000000000000000000 ) ) ;
#2931 = DIRECTION ( 'NONE',  ( -7.468797715707625400E-017, 6.842277657836020900E-049, 1.000000000000000000 ) ) ;
#2932 = PLANE ( 'NONE',  #968 ) ;
#2933 = ORIENTED_EDGE ( 'NONE', *, *, #3395, .T. ) ;
#2934 = LINE ( 'NONE', #278, #2927 ) ;
#2935 = DIRECTION ( 'NONE',  ( 1.000000000000000000, 0.0000000000000000000, 0.0000000000000000000 ) ) ;
#2936 = CARTESIAN_POINT ( 'NONE',  ( 0.02100000000000000500, -6.402768735150616600E-017, -0.03699999999999997700 ) ) ;
#2937 = CARTESIAN_POINT ( 'NONE',  ( 0.02500000000000003300, 0.05999999999999994900, -0.05199999999999978900 ) ) ;
#2938 = AXIS2_PLACEMENT_3D ( 'NONE', #1249, #1410, #1598 ) ;
#2939 = DIRECTION ( 'NONE',  ( 0.0000000000000000000, 0.0000000000000000000, 1.000000000000000000 ) ) ;
#2940 = DIRECTION ( 'NONE',  ( 7.468797715707625400E-017, -6.842277657836020900E-049, -1.000000000000000000 ) ) ;
#2941 = EDGE_LOOP ( 'NONE', ( #3347, #902, #689, #1600 ) ) ;
#2942 = EDGE_CURVE ( 'NONE', #107, #761, #1839, .T. ) ;
#2943 = CARTESIAN_POINT ( 'NONE',  ( 0.003501943344882746900, 0.05801858990813751200, -0.01625105497549801700 ) ) ;
#2944 = CARTESIAN_POINT ( 'NONE',  ( 0.02500000000000003300, 0.05999999999999994900, -0.05199999999999978900 ) ) ;
#2945 = FACE_OUTER_BOUND ( 'NONE', #760, .T. ) ;
#2946 = EDGE_CURVE ( 'NONE', #151, #1478, #1876, .T. ) ;
#2947 = CARTESIAN_POINT ( 'NONE',  ( -0.02499999999997308200, 0.06399999999999994600, -0.01306703615890032600 ) ) ;
#2948 = CARTESIAN_POINT ( 'NONE',  ( 0.003247770797399431300, 0.05766505142507166000, -0.01640133501419533200 ) ) ;
#2949 = CARTESIAN_POINT ( 'NONE',  ( 0.02386308434902530500, 0.06383502578903518800, -0.01319708700864276200 ) ) ;
#2950 = CARTESIAN_POINT ( 'NONE',  ( 0.02880714885284774200, 0.06130637563150104200, -0.01323155695108710700 ) ) ;
#2951 = TOROIDAL_SURFACE ( 'NONE', #2315, 0.008000000000000000200, 0.004000000000000000100 ) ;
#2952 = CARTESIAN_POINT ( 'NONE',  ( -0.02119993693827898500, 0.06124880772216787000, -0.01468813585859796500 ) ) ;
#2953 = EDGE_LOOP ( 'NONE', ( #1321, #431 ) ) ;
#2954 = AXIS2_PLACEMENT_3D ( 'NONE', #2185, #1954, #3209 ) ;
#2955 = CARTESIAN_POINT ( 'NONE',  ( -0.05000000000000000300, 0.0000000000000000000, 0.0000000000000000000 ) ) ;
#2956 = AXIS2_PLACEMENT_3D ( 'NONE', #3046, #2412, #2652 ) ;
#2957 = FACE_OUTER_BOUND ( 'NONE', #1517, .T. ) ;
#2958 = EDGE_CURVE ( 'NONE', #1646, #1372, #2482, .T. ) ;
#2959 = CARTESIAN_POINT ( 'NONE',  ( -0.02499999999999997400, 0.06399999999999994600, -0.05199999999999978900 ) ) ;
#2960 = ORIENTED_EDGE ( 'NONE', *, *, #1466, .F. ) ;
#2961 = CARTESIAN_POINT ( 'NONE',  ( -0.05000000000000000300, 0.0000000000000000000, 0.1699999999999999600 ) ) ;
#2962 = VECTOR ( 'NONE', #102, 39.37007874015748100 ) ;
#2963 = VECTOR ( 'NONE', #44, 39.37007874015748100 ) ;
#2964 = DIRECTION ( 'NONE',  ( 2.026496089155530700E-017, 1.043660709282909700E-033, -1.000000000000000000 ) ) ;
#2965 = CARTESIAN_POINT ( 'NONE',  ( -0.03600000000000000400, 0.01999999999999996600, 0.0000000000000000000 ) ) ;
#2966 = DIRECTION ( 'NONE',  ( 2.026496089155530700E-017, 1.043660709282909700E-033, -1.000000000000000000 ) ) ;
#2967 = ORIENTED_EDGE ( 'NONE', *, *, #2169, .T. ) ;
#2968 = EDGE_CURVE ( 'NONE', #720, #97, #3018, .T. ) ;
#2969 = ORIENTED_EDGE ( 'NONE', *, *, #677, .T. ) ;
#2970 = VERTEX_POINT ( 'NONE', #2874 ) ;
#2971 = LINE ( 'NONE', #309, #2963 ) ;
#2972 = CARTESIAN_POINT ( 'NONE',  ( -0.02900000000000000100, -0.0002500000000000349200, -0.006999999999999952400 ) ) ;
#2973 = VERTEX_POINT ( 'NONE', #3113 ) ;
#2974 = CARTESIAN_POINT ( 'NONE',  ( 0.02771591891205420600, 0.01248717191803766000, -0.01065060974774785300 ) ) ;
#2975 = LINE ( 'NONE', #126, #3244 ) ;
#2976 = CARTESIAN_POINT ( 'NONE',  ( 0.0000000000000000000, 0.01248717191803766000, -0.01065060974774785700 ) ) ;
#2977 = CARTESIAN_POINT ( 'NONE',  ( 0.003008306011467011900, 0.05733197053964757300, -0.01654291905878586500 ) ) ;
#2978 = CIRCLE ( 'NONE', #1054, 0.009000000000000035700 ) ;
#2979 = CARTESIAN_POINT ( 'NONE',  ( -0.02100000000000000500, 0.01324999999999996300, -0.02684313483298438400 ) ) ;
#2980 = CARTESIAN_POINT ( 'NONE',  ( -0.02300982225301428900, 0.05651107826266828200, -0.01583728183621766600 ) ) ;
#2981 = LINE ( 'NONE', #1344, #3017 ) ;
#2982 = CIRCLE ( 'NONE', #691, 0.01200000000000000200 ) ;
#2983 = EDGE_CURVE ( 'NONE', #1416, #261, #2203, .T. ) ;
#2984 = CYLINDRICAL_SURFACE ( 'NONE', #2110, 0.004000000000000003600 ) ;
#2985 = VERTEX_POINT ( 'NONE', #1613 ) ;
#2986 = CARTESIAN_POINT ( 'NONE',  ( 0.02500000000000001500, 0.05999999999999994900, 0.1600000000000002000 ) ) ;
#2987 = DIRECTION ( 'NONE',  ( 0.0000000000000000000, -0.0000000000000000000, 1.000000000000000000 ) ) ;
#2988 = CIRCLE ( 'NONE', #2509, 0.003999999999999999200 ) ;
#2989 = CARTESIAN_POINT ( 'NONE',  ( 0.002709293101582315700, 0.05702711477599233700, -0.01666762884474402500 ) ) ;
#2990 = CARTESIAN_POINT ( 'NONE',  ( -0.02837391937031932100, 0.01174850631879152500, -0.01091436767907111000 ) ) ;
#2991 = EDGE_CURVE ( 'NONE', #3392, #1681, #2643, .T. ) ;
#2992 = CARTESIAN_POINT ( 'NONE',  ( -0.02119993693827898500, 0.06124880772216787000, -0.01468813585859796500 ) ) ;
#2993 = ADVANCED_FACE ( 'NONE', ( #2447 ), #686, .T. ) ;
#2994 = CARTESIAN_POINT ( 'NONE',  ( 0.03891197793938065000, 0.002499999999999984900, -1.814117808292674900E-017 ) ) ;
#2995 = ORIENTED_EDGE ( 'NONE', *, *, #2052, .T. ) ;
#2996 = CYLINDRICAL_SURFACE ( 'NONE', #1398, 0.005999999999999975000 ) ;
#2997 = CARTESIAN_POINT ( 'NONE',  ( 0.002369047382323456700, 0.05677701776295511500, -0.01676771199125252900 ) ) ;
#2998 = CARTESIAN_POINT ( 'NONE',  ( 0.04749999999999999400, 0.07749999999999999900, 0.0000000000000000000 ) ) ;
#2999 = ORIENTED_EDGE ( 'NONE', *, *, #3071, .T. ) ;
#3000 = VERTEX_POINT ( 'NONE', #1632 ) ;
#3001 = VERTEX_POINT ( 'NONE', #3386 ) ;
#3002 = VERTEX_POINT ( 'NONE', #1885 ) ;
#3003 = VECTOR ( 'NONE', #298, 39.37007874015748100 ) ;
#3004 = ORIENTED_EDGE ( 'NONE', *, *, #2165, .T. ) ;
#3005 = DIRECTION ( 'NONE',  ( -7.468797715707625400E-017, 6.842277657836020900E-049, 1.000000000000000000 ) ) ;
#3006 = EDGE_CURVE ( 'NONE', #842, #1570, #1983, .T. ) ;
#3007 = ORIENTED_EDGE ( 'NONE', *, *, #2729, .T. ) ;
#3008 = DIRECTION ( 'NONE',  ( 0.0000000000000000000, 0.0000000000000000000, -1.000000000000000000 ) ) ;
#3009 = ADVANCED_FACE ( 'NONE', ( #2287 ), #2240, .T. ) ;
#3010 = ORIENTED_EDGE ( 'NONE', *, *, #2564, .T. ) ;
#3011 = CIRCLE ( 'NONE', #1634, 0.01075000000000000300 ) ;
#3012 = B_SPLINE_CURVE_WITH_KNOTS ( 'NONE', 3,
 ( #2691, #680, #610, #1651 ),
 .UNSPECIFIED., .F., .F.,
 ( 4, 4 ),
 ( 0.001077338378850760000, 0.001496865913521979400 ),
 .UNSPECIFIED. ) ;
#3013 = CARTESIAN_POINT ( 'NONE',  ( -0.004000000000000000100, -0.0002500000000000349200, -0.006999999999999952400 ) ) ;
#3014 = CARTESIAN_POINT ( 'NONE',  ( 0.02900000000000000100, 0.01249969458699198700, -0.01060663110641890000 ) ) ;
#3015 = ORIENTED_EDGE ( 'NONE', *, *, #348, .T. ) ;
#3016 = CARTESIAN_POINT ( 'NONE',  ( 0.0000000000000000000, 0.01999999999999996600, 0.0000000000000000000 ) ) ;
#3017 = VECTOR ( 'NONE', #1332, 39.37007874015748100 ) ;
#3018 = LINE ( 'NONE', #3362, #2409 ) ;
#3019 = ORIENTED_EDGE ( 'NONE', *, *, #1795, .F. ) ;
#3020 = EDGE_CURVE ( 'NONE', #2666, #591, #2060, .T. ) ;
#3021 = CARTESIAN_POINT ( 'NONE',  ( -0.02217177911446807600, 0.06282863334892327400, -0.01380450478584735300 ) ) ;
#3022 = DIRECTION ( 'NONE',  ( -1.000000000000000000, -0.0000000000000000000, 0.0000000000000000000 ) ) ;
#3023 = ADVANCED_FACE ( 'NONE', ( #1914 ), #127, .T. ) ;
#3024 = B_SPLINE_CURVE_WITH_KNOTS ( 'NONE', 3,
 ( #1653, #2840, #2930, #1480, #1439, #264 ),
 .UNSPECIFIED., .F., .F.,
 ( 4, 2, 4 ),
 ( 4.336808689942156400E-019, 0.0001628303378035928600, 0.0003256606756071852900 ),
 .UNSPECIFIED. ) ;
#3025 = CARTESIAN_POINT ( 'NONE',  ( 0.002036320565316677000, 0.05653244750569503400, -0.01686558345557641700 ) ) ;
#3026 = CARTESIAN_POINT ( 'NONE',  ( -0.02900000000000000100, 0.01128175743142269400, -0.009691267240613504800 ) ) ;
#3027 = CARTESIAN_POINT ( 'NONE',  ( 0.0000000000000000000, -0.0002500000000000349200, -0.006999999999999952400 ) ) ;
#3028 = ORIENTED_EDGE ( 'NONE', *, *, #648, .T. ) ;
#3029 = ORIENTED_EDGE ( 'NONE', *, *, #1038, .T. ) ;
#3030 = CARTESIAN_POINT ( 'NONE',  ( 0.02100000000000000500, 0.002499999999999951900, -0.03699999999999997700 ) ) ;
#3031 = DIRECTION ( 'NONE',  ( 0.0000000000000000000, 0.0000000000000000000, 1.000000000000000000 ) ) ;
#3032 = CARTESIAN_POINT ( 'NONE',  ( 0.001655684923954402900, 0.05633445457964745400, -0.01694235550168080700 ) ) ;
#3033 = CARTESIAN_POINT ( 'NONE',  ( 0.02900000000000000100, -0.0002500000000000349200, -0.006999999999999952400 ) ) ;
#3034 = VERTEX_POINT ( 'NONE', #2150 ) ;
#3035 = ADVANCED_FACE ( 'NONE', ( #2825 ), #2152, .T. ) ;
#3036 = VERTEX_POINT ( 'NONE', #269 ) ;
#3037 = CARTESIAN_POINT ( 'NONE',  ( -0.004000000000000000100, 0.002499999999999951900, -0.03699999999999997700 ) ) ;
#3038 = ADVANCED_FACE ( 'NONE', ( #3172 ), #3251, .T. ) ;
#3039 = EDGE_CURVE ( 'NONE', #1828, #1310, #123, .T. ) ;
#3040 = ORIENTED_EDGE ( 'NONE', *, *, #2184, .F. ) ;
#3041 = CIRCLE ( 'NONE', #2477, 0.01075000000000000300 ) ;
#3042 = CARTESIAN_POINT ( 'NONE',  ( 0.001255656136484822100, 0.05620219436162032100, -0.01699319616398627800 ) ) ;
#3043 = B_SPLINE_CURVE_WITH_KNOTS ( 'NONE', 3,
 ( #1017, #2491, #925, #406, #3225, #3051 ),
 .UNSPECIFIED., .F., .F.,
 ( 4, 2, 4 ),
 ( 0.0007176306701014558000, 0.001106198483110925500, 0.001494766296120394900 ),
 .UNSPECIFIED. ) ;
#3044 = CARTESIAN_POINT ( 'NONE',  ( -0.03518486808618518500, 0.06308450433495257900, -0.01047231552367948600 ) ) ;
#3045 = CARTESIAN_POINT ( 'NONE',  ( -0.01100000000000000100, 0.01999999999999996600, 0.0000000000000000000 ) ) ;
#3046 = CARTESIAN_POINT ( 'NONE',  ( 0.05000000000000000300, 0.03799999999999999200, 0.1699999999999999800 ) ) ;
#3047 = CARTESIAN_POINT ( 'NONE',  ( -0.02109490346198204100, 0.05903540060621120100, -0.01568280867584547600 ) ) ;
#3048 = VECTOR ( 'NONE', #2905, 39.37007874015748100 ) ;
#3049 = CARTESIAN_POINT ( 'NONE',  ( 2.579850846366440700E-017, 0.05599999999999994600, -0.01707036381241100800 ) ) ;
#3050 = FACE_OUTER_BOUND ( 'NONE', #946, .T. ) ;
#3051 = CARTESIAN_POINT ( 'NONE',  ( 0.0000000000000000000, 0.03999999999999998000, -0.01999999999999999000 ) ) ;
#3052 = CONICAL_SURFACE ( 'NONE', #3174, 0.005999999999999967200, 1.029744258676648300 ) ;
#3053 = CARTESIAN_POINT ( 'NONE',  ( 0.0000000000000000000, 0.03999999999999998000, -0.01999999999999999000 ) ) ;
#3054 = ORIENTED_EDGE ( 'NONE', *, *, #623, .F. ) ;
#3055 = CARTESIAN_POINT ( 'NONE',  ( -0.02499999999999997400, 0.01199999999999995000, -0.06799999999999979700 ) ) ;
#3056 = ADVANCED_FACE ( 'NONE', ( #2107 ), #3096, .T. ) ;
#3057 = CARTESIAN_POINT ( 'NONE',  ( 0.004000000000000000100, 0.01049999999999996800, -0.006999999999999969800 ) ) ;
#3058 = DIRECTION ( 'NONE',  ( -1.000000000000000000, -0.0000000000000000000, -0.0000000000000000000 ) ) ;
#3059 = FACE_OUTER_BOUND ( 'NONE', #3222, .T. ) ;
#3060 = CARTESIAN_POINT ( 'NONE',  ( 0.02500000000000000100, 0.01999999999999996600, 0.0000000000000000000 ) ) ;
#3061 = ORIENTED_EDGE ( 'NONE', *, *, #509, .F. ) ;
#3062 = DIRECTION ( 'NONE',  ( 7.468797715707597100E-017, 0.0000000000000000000, -1.000000000000000000 ) ) ;
#3063 = AXIS2_PLACEMENT_3D ( 'NONE', #1345, #3095, #1602 ) ;
#3064 = EDGE_CURVE ( 'NONE', #1741, #389, #3293, .T. ) ;
#3065 = AXIS2_PLACEMENT_3D ( 'NONE', #2944, #631, #596 ) ;
#3066 = ORIENTED_EDGE ( 'NONE', *, *, #2821, .F. ) ;
#3067 = DIRECTION ( 'NONE',  ( 0.0000000000000000000, 0.0000000000000000000, 1.000000000000000000 ) ) ;
#3068 = DIRECTION ( 'NONE',  ( 0.0000000000000000000, 0.0000000000000000000, 1.000000000000000000 ) ) ;
#3069 = DIRECTION ( 'NONE',  ( 0.0000000000000000000, 0.0000000000000000000, 1.000000000000000000 ) ) ;
#3070 = ADVANCED_FACE ( 'NONE', ( #3213 ), #2776, .F. ) ;
#3071 = EDGE_CURVE ( 'NONE', #3036, #1458, #3098, .T. ) ;
#3072 = ORIENTED_EDGE ( 'NONE', *, *, #1374, .T. ) ;
#3073 = CARTESIAN_POINT ( 'NONE',  ( 0.0004247234052790639000, 0.05599999999999994600, -0.01707036381241100800 ) ) ;
#3074 = VERTEX_POINT ( 'NONE', #1917 ) ;
#3075 = CARTESIAN_POINT ( 'NONE',  ( -0.004000000000000000100, 0.01324999999999996300, -0.02684313483298438400 ) ) ;
#3076 = CIRCLE ( 'NONE', #178, 0.01074999999999998900 ) ;
#3077 = CARTESIAN_POINT ( 'NONE',  ( 0.02500000000000001500, 0.05399999999999996500, 0.1600000000000002000 ) ) ;
#3078 = AXIS2_PLACEMENT_3D ( 'NONE', #3128, #2653, #3062 ) ;
#3079 = DIRECTION ( 'NONE',  ( 0.0000000000000000000, 0.0000000000000000000, -1.000000000000000000 ) ) ;
#3080 = CARTESIAN_POINT ( 'NONE',  ( 2.314082028050100900E-017, 0.05399999999999998600, 0.01800000000000020700 ) ) ;
#3081 = DIRECTION ( 'NONE',  ( 1.000000000000000000, 0.0000000000000000000, 0.0000000000000000000 ) ) ;
#3082 = CARTESIAN_POINT ( 'NONE',  ( -0.01878754184336460500, 0.02109059404789281500, -0.01613863608740134100 ) ) ;
#3083 = AXIS2_PLACEMENT_3D ( 'NONE', #340, #608, #400 ) ;
#3084 = CARTESIAN_POINT ( 'NONE',  ( 0.05000000000000000300, 0.0000000000000000000, 0.0000000000000000000 ) ) ;
#3085 = CIRCLE ( 'NONE', #764, 0.01325000000000000500 ) ;
#3086 = DIRECTION ( 'NONE',  ( 1.000000000000000000, 0.0000000000000000000, 0.0000000000000000000 ) ) ;
#3087 = DIRECTION ( 'NONE',  ( 0.0000000000000000000, -4.202588515167456800E-016, -1.000000000000000000 ) ) ;
#3088 = ORIENTED_EDGE ( 'NONE', *, *, #459, .T. ) ;
#3089 = EDGE_CURVE ( 'NONE', #720, #2666, #349, .T. ) ;
#3090 = DIRECTION ( 'NONE',  ( -7.468797715707625400E-017, 6.842277657836020900E-049, 1.000000000000000000 ) ) ;
#3091 = DIRECTION ( 'NONE',  ( -1.000000000000000000, 0.0000000000000000000, 0.0000000000000000000 ) ) ;
#3092 = CARTESIAN_POINT ( 'NONE',  ( -0.01100000000000000100, 0.01999999999999996600, 0.1699999999999999800 ) ) ;
#3093 = CARTESIAN_POINT ( 'NONE',  ( 0.02100000000000000500, 0.01324999999999996300, -0.02684313483298438400 ) ) ;
#3094 = CARTESIAN_POINT ( 'NONE',  ( 0.02500000000000001500, 0.05099999999999991300, 0.1600000000000002000 ) ) ;
#3095 = DIRECTION ( 'NONE',  ( -7.359984219135830100E-017, -1.000000000000000000, -6.123233995736766000E-017 ) ) ;
#3096 = CYLINDRICAL_SURFACE ( 'NONE', #1978, 0.004000000000000000100 ) ;
#3097 = ORIENTED_EDGE ( 'NONE', *, *, #1912, .F. ) ;
#3098 = LINE ( 'NONE', #292, #254 ) ;
#3099 = VERTEX_POINT ( 'NONE', #3170 ) ;
#3100 = SURFACE_STYLE_USAGE ( .BOTH. , #1351 ) ;
#3101 = DIRECTION ( 'NONE',  ( 0.0000000000000000000, 0.0000000000000000000, -1.000000000000000000 ) ) ;
#3102 = CARTESIAN_POINT ( 'NONE',  ( -0.04750000000000000700, 0.007763561391892967300, 0.0000000000000000000 ) ) ;
#3103 = VERTEX_POINT ( 'NONE', #585 ) ;
#3104 = CARTESIAN_POINT ( 'NONE',  ( 0.02500000000000000100, 0.01033304550424315300, -0.008887232856623138900 ) ) ;
#3105 = PLANE ( 'NONE',  #1555 ) ;
#3106 = AXIS2_PLACEMENT_3D ( 'NONE', #1583, #3340, #1827 ) ;
#3107 = EDGE_CURVE ( 'NONE', #1938, #2271, #2772, .T. ) ;
#3108 = ORIENTED_EDGE ( 'NONE', *, *, #1343, .T. ) ;
#3109 = ORIENTED_EDGE ( 'NONE', *, *, #2600, .F. ) ;
#3110 = DIRECTION ( 'NONE',  ( 0.0000000000000000000, 1.000000000000000000, 1.665334536937734800E-015 ) ) ;
#3111 = LINE ( 'NONE', #1655, #2962 ) ;
#3112 = DIRECTION ( 'NONE',  ( -1.000000000000000000, -0.0000000000000000000, -0.0000000000000000000 ) ) ;
#3113 = CARTESIAN_POINT ( 'NONE',  ( -0.05000000000000000300, 0.07999999999999996000, 0.1000000000000000200 ) ) ;
#3114 = EDGE_LOOP ( 'NONE', ( #1419, #580, #1382, #137 ) ) ;
#3115 = LINE ( 'NONE', #687, #3003 ) ;
#3116 = CARTESIAN_POINT ( 'NONE',  ( -0.03600000000000000400, 0.01999999999999996600, 0.1699999999999999800 ) ) ;
#3117 = VECTOR ( 'NONE', #3397, 39.37007874015748100 ) ;
#3118 = DIRECTION ( 'NONE',  ( 0.0000000000000000000, 1.777119110065332500E-014, 1.000000000000000000 ) ) ;
#3119 =( BOUNDED_SURFACE ( )  B_SPLINE_SURFACE ( 3, 2, ( 
 ( #2792, #1771, #1276 ),
 ( #3044, #1548, #3300 ),
 ( #1781, #157, #2038 ),
 ( #444, #2326, #746 ) ),
 .UNSPECIFIED., .F., .F., .F. ) 
 B_SPLINE_SURFACE_WITH_KNOTS ( ( 4, 4 ),
 ( 3, 3 ),
 ( 0.0007684266438449769000, 0.001381081362555521800 ),
 ( 0.0000000000000000000, 1.000000000000000000 ),
 .UNSPECIFIED. ) 
 GEOMETRIC_REPRESENTATION_ITEM ( )  RATIONAL_B_SPLINE_SURFACE ( (
 ( 1.000000000000000000, 0.9411874651316174400, 1.000000000000000000),
 ( 1.000000000000000000, 0.9103667032692025500, 1.000000000000000000),
 ( 1.000000000000000000, 0.8675631141492961000, 1.000000000000000000),
 ( 1.000000000000000000, 0.8200169812832677200, 1.000000000000000000) ) ) 
 REPRESENTATION_ITEM ( '' )  SURFACE ( )  );
#3120 = ORIENTED_EDGE ( 'NONE', *, *, #1280, .T. ) ;
#3121 = VERTEX_POINT ( 'NONE', #3178 ) ;
#3122 = LINE ( 'NONE', #3187, #3117 ) ;
#3123 = CARTESIAN_POINT ( 'NONE',  ( -0.02532716664401382300, 0.06398995114893464600, -0.01305241626821378300 ) ) ;
#3124 = B_SPLINE_CURVE_WITH_KNOTS ( 'NONE', 3,
 ( #2765, #385, #1783, #1101 ),
 .UNSPECIFIED., .F., .F.,
 ( 4, 4 ),
 ( 0.0008763867975080626800, 0.001496865913521980300 ),
 .UNSPECIFIED. ) ;
#3125 = AXIS2_PLACEMENT_3D ( 'NONE', #1446, #1106, #1965 ) ;
#3126 = CARTESIAN_POINT ( 'NONE',  ( 0.02500000000000003300, 0.05599999999999994600, -0.05199999999999978900 ) ) ;
#3127 = DIRECTION ( 'NONE',  ( 1.000000000000000000, 0.0000000000000000000, 0.0000000000000000000 ) ) ;
#3128 = CARTESIAN_POINT ( 'NONE',  ( 2.892812884690128300E-017, 0.05199999999999994900, -0.05999999999999979000 ) ) ;
#3129 = CARTESIAN_POINT ( 'NONE',  ( -0.008535370456020045100, 0.04572371158127673500, -0.01999999999999999000 ) ) ;
#3130 = VECTOR ( 'NONE', #1669, 39.37007874015748100 ) ;
#3131 = EDGE_CURVE ( 'NONE', #1684, #1065, #307, .T. ) ;
#3132 = CARTESIAN_POINT ( 'NONE',  ( 0.02678391371197065900, 0.05639132221553822700, -0.01436040224863941800 ) ) ;
#3133 = FACE_OUTER_BOUND ( 'NONE', #1687, .T. ) ;
#3134 = LENGTH_MEASURE_WITH_UNIT ( LENGTH_MEASURE( 0.02539999999999999900 ), #1605 );
#3135 = EDGE_LOOP ( 'NONE', ( #1196, #3267, #603, #783, #1622, #2190, #1294, #2277, #3205, #1716, #3171, #465, #2540 ) ) ;
#3136 = DIRECTION ( 'NONE',  ( -7.468797715707625400E-017, 6.842277657836020900E-049, 1.000000000000000000 ) ) ;
#3137 = AXIS2_PLACEMENT_3D ( 'NONE', #3027, #3143, #2939 ) ;
#3138 = VECTOR ( 'NONE', #1448, 39.37007874015748100 ) ;
#3139 = CARTESIAN_POINT ( 'NONE',  ( 0.02500000000000000100, 0.01999999999999996600, 0.0000000000000000000 ) ) ;
#3140 = DIRECTION ( 'NONE',  ( 0.0000000000000000000, -1.665334536937734800E-015, 1.000000000000000000 ) ) ;
#3141 = DIRECTION ( 'NONE',  ( 0.0000000000000000000, 0.0000000000000000000, -1.000000000000000000 ) ) ;
#3142 = CARTESIAN_POINT ( 'NONE',  ( 2.901829643567329100E-017, -4.802076551362962800E-017, -0.06799999999999979700 ) ) ;
#3143 = DIRECTION ( 'NONE',  ( -1.000000000000000000, -0.0000000000000000000, 0.0000000000000000000 ) ) ;
#3144 = ORIENTED_EDGE ( 'NONE', *, *, #375, .T. ) ;
#3145 = DIRECTION ( 'NONE',  ( -7.468797715707625400E-017, 6.842277657836020900E-049, 1.000000000000000000 ) ) ;
#3146 = PLANE ( 'NONE',  #2956 ) ;
#3147 = DIRECTION ( 'NONE',  ( 1.000000000000000000, 0.0000000000000000000, 0.0000000000000000000 ) ) ;
#3148 = DIRECTION ( 'NONE',  ( 0.0000000000000000000, 0.0000000000000000000, 1.000000000000000000 ) ) ;
#3149 = ORIENTED_EDGE ( 'NONE', *, *, #2229, .F. ) ;
#3150 = LINE ( 'NONE', #2453, #3262 ) ;
#3151 = ORIENTED_EDGE ( 'NONE', *, *, #472, .F. ) ;
#3152 = EDGE_LOOP ( 'NONE', ( #2381, #320, #2223, #1644 ) ) ;
#3153 = CYLINDRICAL_SURFACE ( 'NONE', #360, 0.005999999999999975000 ) ;
#3154 = ORIENTED_EDGE ( 'NONE', *, *, #1831, .T. ) ;
#3155 = LINE ( 'NONE', #896, #3237 ) ;
#3156 = VECTOR ( 'NONE', #800, 39.37007874015748100 ) ;
#3157 = ORIENTED_EDGE ( 'NONE', *, *, #2657, .T. ) ;
#3158 = CARTESIAN_POINT ( 'NONE',  ( 0.02110362822611829400, 0.06095574484858987800, -0.01484442479408968100 ) ) ;
#3159 = CARTESIAN_POINT ( 'NONE',  ( 0.02500000000000002900, 0.05599999999999994600, -0.01511439725815632600 ) ) ;
#3160 = CIRCLE ( 'NONE', #1488, 0.004000000000000000100 ) ;
#3161 = CARTESIAN_POINT ( 'NONE',  ( -0.02900000000000000100, 0.01324999999999996300, -0.02684313483298438400 ) ) ;
#3162 = DIRECTION ( 'NONE',  ( -7.468797715707625400E-017, 6.842277657836020900E-049, 1.000000000000000000 ) ) ;
#3163 = DIRECTION ( 'NONE',  ( 0.0000000000000000000, 1.000000000000000000, 0.0000000000000000000 ) ) ;
#3164 = FACE_OUTER_BOUND ( 'NONE', #1972, .T. ) ;
#3165 = CIRCLE ( 'NONE', #763, 0.009000000000000044400 ) ;
#3166 = ORIENTED_EDGE ( 'NONE', *, *, #2363, .T. ) ;
#3167 = DIRECTION ( 'NONE',  ( -1.000000000000000000, 0.0000000000000000000, 0.0000000000000000000 ) ) ;
#3168 = FACE_OUTER_BOUND ( 'NONE', #2397, .T. ) ;
#3169 = EDGE_CURVE ( 'NONE', #1401, #2789, #1104, .T. ) ;
#3170 = CARTESIAN_POINT ( 'NONE',  ( -0.02100000000000000500, -6.402768735150616600E-017, -0.03699999999999997700 ) ) ;
#3171 = ORIENTED_EDGE ( 'NONE', *, *, #1923, .T. ) ;
#3172 = FACE_OUTER_BOUND ( 'NONE', #594, .T. ) ;
#3173 = CIRCLE ( 'NONE', #2466, 0.005999999999999967200 ) ;
#3174 = AXIS2_PLACEMENT_3D ( 'NONE', #2212, #2931, #3176 ) ;
#3175 = CARTESIAN_POINT ( 'NONE',  ( -0.009529963907728400100, 0.03033599482750927800, -0.01922212597816205800 ) ) ;
#3176 = DIRECTION ( 'NONE',  ( 0.0000000000000000000, -1.000000000000000000, 0.0000000000000000000 ) ) ;
#3177 = DIRECTION ( 'NONE',  ( -1.917682592583735000E-017, -1.000000000000000000, -1.067128122525103000E-016 ) ) ;
#3178 = CARTESIAN_POINT ( 'NONE',  ( -0.02499999999999997400, 0.007999999999999951600, -0.06799999999999979700 ) ) ;
#3179 = ORIENTED_EDGE ( 'NONE', *, *, #871, .F. ) ;
#3180 = ORIENTED_EDGE ( 'NONE', *, *, #442, .F. ) ;
#3181 = CYLINDRICAL_SURFACE ( 'NONE', #560, 0.01075000000000000300 ) ;
#3182 = EDGE_CURVE ( 'NONE', #3121, #935, #909, .T. ) ;
#3183 = ORIENTED_EDGE ( 'NONE', *, *, #2468, .F. ) ;
#3184 = ORIENTED_EDGE ( 'NONE', *, *, #2559, .T. ) ;
#3185 = CARTESIAN_POINT ( 'NONE',  ( -0.02386308434877138600, 0.06383502578936955900, -0.01319708700843989100 ) ) ;
#3186 = CARTESIAN_POINT ( 'NONE',  ( 0.02562325108761088000, 0.05603666802337849800, -0.01485831347642975500 ) ) ;
#3187 = CARTESIAN_POINT ( 'NONE',  ( 0.02900000000000000100, -6.402768735150616600E-017, -0.03699999999999997700 ) ) ;
#3188 = CARTESIAN_POINT ( 'NONE',  ( 0.02512033084759065400, 0.06399818965121936700, -0.01306099133763118400 ) ) ;
#3189 = EDGE_CURVE ( 'NONE', #651, #139, #1035, .T. ) ;
#3190 = FACE_OUTER_BOUND ( 'NONE', #196, .T. ) ;
#3191 = ORIENTED_EDGE ( 'NONE', *, *, #2683, .T. ) ;
#3192 = LINE ( 'NONE', #576, #3380 ) ;
#3193 = DIRECTION ( 'NONE',  ( 0.0000000000000000000, 0.0000000000000000000, -1.000000000000000000 ) ) ;
#3194 = DIRECTION ( 'NONE',  ( 0.0000000000000000000, 0.0000000000000000000, 1.000000000000000000 ) ) ;
#3195 = CYLINDRICAL_SURFACE ( 'NONE', #1136, 0.01325000000000000500 ) ;
#3196 = EDGE_LOOP ( 'NONE', ( #490, #2999, #1629, #2068 ) ) ;
#3197 = DIRECTION ( 'NONE',  ( 0.0000000000000000000, 1.000000000000000000, 0.0000000000000000000 ) ) ;
#3198 = VECTOR ( 'NONE', #2337, 39.37007874015748100 ) ;
#3199 = DIRECTION ( 'NONE',  ( 1.000000000000000000, 0.0000000000000000000, -0.0000000000000000000 ) ) ;
#3200 = ORIENTED_EDGE ( 'NONE', *, *, #52, .F. ) ;
#3201 = FACE_OUTER_BOUND ( 'NONE', #1402, .T. ) ;
#3202 = CARTESIAN_POINT ( 'NONE',  ( 0.02500000000000001900, 0.05999999999999994900, 0.1000000000000000100 ) ) ;
#3203 = CARTESIAN_POINT ( 'NONE',  ( 0.02900185927100137200, 0.06043126418841321400, -0.01327557888932000800 ) ) ;
#3204 = B_SPLINE_CURVE_WITH_KNOTS ( 'NONE', 3,
 ( #918, #2471, #2461, #2949 ),
 .UNSPECIFIED., .F., .F.,
 ( 4, 4 ),
 ( 0.0000000000000000000, 0.0006164646353071051500 ),
 .UNSPECIFIED. ) ;
#3205 = ORIENTED_EDGE ( 'NONE', *, *, #1943, .T. ) ;
#3206 = AXIS2_PLACEMENT_3D ( 'NONE', #2986, #122, #1615 ) ;
#3207 = CIRCLE ( 'NONE', #87, 0.003999999999999999200 ) ;
#3208 = CARTESIAN_POINT ( 'NONE',  ( -0.01400000000000000200, 0.01999999999999996600, 0.1699999999999999800 ) ) ;
#3209 = DIRECTION ( 'NONE',  ( 0.0000000000000000000, 0.0000000000000000000, -1.000000000000000000 ) ) ;
#3210 = FACE_OUTER_BOUND ( 'NONE', #1173, .T. ) ;
#3211 = VERTEX_POINT ( 'NONE', #1694 ) ;
#3212 = EDGE_CURVE ( 'NONE', #785, #2595, #2988, .T. ) ;
#3213 = FACE_OUTER_BOUND ( 'NONE', #1364, .T. ) ;
#3214 = EDGE_LOOP ( 'NONE', ( #524, #1878, #2057, #552, #1062, #974 ) ) ;
#3215 = EDGE_CURVE ( 'NONE', #1225, #43, #2782, .T. ) ;
#3216 = EDGE_LOOP ( 'NONE', ( #836, #994, #1888, #3226, #364, #427 ) ) ;
#3217 = SHAPE_DEFINITION_REPRESENTATION ( #1002, #1413 ) ;
#3218 = CARTESIAN_POINT ( 'NONE',  ( 1.616560134702866100E-017, 0.06899999999999999200, 0.1600000000000002000 ) ) ;
#3219 = DIRECTION ( 'NONE',  ( -1.000000000000000000, 0.0000000000000000000, 0.0000000000000000000 ) ) ;
#3220 = CARTESIAN_POINT ( 'NONE',  ( -0.02499999999999997400, -4.802076551362962800E-017, -0.06799999999999979700 ) ) ;
#3221 = DIRECTION ( 'NONE',  ( 0.0000000000000000000, 0.0000000000000000000, -1.000000000000000000 ) ) ;
#3222 = EDGE_LOOP ( 'NONE', ( #3241, #1879, #861, #2401 ) ) ;
#3223 = EDGE_LOOP ( 'NONE', ( #999, #259, #2388, #470 ) ) ;
#3224 = DIRECTION ( 'NONE',  ( -1.000000000000000000, -0.0000000000000000000, -0.0000000000000000000 ) ) ;
#3225 = CARTESIAN_POINT ( 'NONE',  ( 0.003580553047238790300, 0.04363080263239670100, -0.01999999999999999000 ) ) ;
#3226 = ORIENTED_EDGE ( 'NONE', *, *, #1038, .F. ) ;
#3227 = AXIS2_PLACEMENT_3D ( 'NONE', #212, #2086, #503 ) ;
#3228 = EDGE_CURVE ( 'NONE', #1541, #2973, #684, .T. ) ;
#3229 = DIRECTION ( 'NONE',  ( -1.000000000000000000, -0.0000000000000000000, 0.0000000000000000000 ) ) ;
#3230 = CARTESIAN_POINT ( 'NONE',  ( -0.02499999999999997400, 0.05199999999999994900, -0.06399999999999979300 ) ) ;
#3231 = ORIENTED_EDGE ( 'NONE', *, *, #306, .F. ) ;
#3232 = DIRECTION ( 'NONE',  ( 1.000000000000000000, -1.917682592583736000E-017, 7.468797715707625400E-017 ) ) ;
#3233 = CYLINDRICAL_SURFACE ( 'NONE', #1317, 0.01074999999999998900 ) ;
#3234 = CARTESIAN_POINT ( 'NONE',  ( 0.0008553060767102744300, 0.05606982792237503300, -0.01704407765759508700 ) ) ;
#3235 = CARTESIAN_POINT ( 'NONE',  ( -0.03340419888717573200, 0.01800489269930270100, -0.01167236724099277200 ) ) ;
#3236 = ORIENTED_EDGE ( 'NONE', *, *, #366, .T. ) ;
#3237 = VECTOR ( 'NONE', #346, 39.37007874015748100 ) ;
#3238 = ADVANCED_FACE ( 'NONE', ( #394 ), #927, .T. ) ;
#3239 = TOROIDAL_SURFACE ( 'NONE', #2760, 0.007999999999999996700, 0.004000000000000000100 ) ;
#3240 = LENGTH_MEASURE_WITH_UNIT ( LENGTH_MEASURE( 0.02539999999999999900 ), #1825 );
#3241 = ORIENTED_EDGE ( 'NONE', *, *, #1493, .F. ) ;
#3242 = EDGE_CURVE ( 'NONE', #274, #1609, #347, .T. ) ;
#3243 = CARTESIAN_POINT ( 'NONE',  ( -1.215745256636232100E-017, 0.05999999999999994900, 0.01439483628583483800 ) ) ;
#3244 = VECTOR ( 'NONE', #138, 39.37007874015748100 ) ;
#3245 = EDGE_CURVE ( 'NONE', #841, #1193, #2877, .T. ) ;
#3246 = CARTESIAN_POINT ( 'NONE',  ( -0.02900000000000000100, -6.402768735150616600E-017, -0.03699999999999997700 ) ) ;
#3247 = CIRCLE ( 'NONE', #672, 0.01325000000000000500 ) ;
#3248 = AXIS2_PLACEMENT_3D ( 'NONE', #2346, #2310, #2295 ) ;
#3249 = AXIS2_PLACEMENT_3D ( 'NONE', #66, #124, #84 ) ;
#3250 = CARTESIAN_POINT ( 'NONE',  ( -0.02131793938512902300, 0.06156282744678227800, -0.01451907465604777000 ) ) ;
#3251 = CYLINDRICAL_SURFACE ( 'NONE', #1817, 0.004000000000000003600 ) ;
#3252 = ADVANCED_FACE ( 'NONE', ( #95 ), #2258, .F. ) ;
#3253 = CARTESIAN_POINT ( 'NONE',  ( 0.03600000000000000400, 0.01999999999999996600, 0.0000000000000000000 ) ) ;
#3254 = DIRECTION ( 'NONE',  ( 1.000000000000000000, 0.0000000000000000000, 0.0000000000000000000 ) ) ;
#3255 = EDGE_CURVE ( 'NONE', #1508, #1377, #497, .T. ) ;
#3256 = DIRECTION ( 'NONE',  ( 0.0000000000000000000, -4.202588515167456800E-016, -1.000000000000000000 ) ) ;
#3257 = CARTESIAN_POINT ( 'NONE',  ( -0.02500000000000000100, 0.01999999999999996600, 0.1699999999999999800 ) ) ;
#3258 = CARTESIAN_POINT ( 'NONE',  ( -0.02100000000000000500, -5.975917486140575200E-017, -0.02684313483298438400 ) ) ;
#3259 = PLANE ( 'NONE',  #2647 ) ;
#3260 = AXIS2_PLACEMENT_3D ( 'NONE', #69, #1711, #757 ) ;
#3261 = ORIENTED_EDGE ( 'NONE', *, *, #1199, .T. ) ;
#3262 = VECTOR ( 'NONE', #1692, 39.37007874015748100 ) ;
#3263 = DIRECTION ( 'NONE',  ( -1.000000000000000000, 0.0000000000000000000, 0.0000000000000000000 ) ) ;
#3264 = DIRECTION ( 'NONE',  ( 1.000000000000000000, 0.0000000000000000000, 0.0000000000000000000 ) ) ;
#3265 = ORIENTED_EDGE ( 'NONE', *, *, #344, .F. ) ;
#3266 = ADVANCED_FACE ( 'NONE', ( #3050 ), #484, .F. ) ;
#3267 = ORIENTED_EDGE ( 'NONE', *, *, #1617, .T. ) ;
#3268 = AXIS2_PLACEMENT_3D ( 'NONE', #440, #613, #321 ) ;
#3269 = CARTESIAN_POINT ( 'NONE',  ( 0.05000000000000000300, 0.03799999999999999200, 0.1699999999999999800 ) ) ;
#3270 = AXIS2_PLACEMENT_3D ( 'NONE', #2593, #1060, #2833 ) ;
#3271 = CARTESIAN_POINT ( 'NONE',  ( 0.02500000000000000100, 0.01324999999999996300, -0.02684313483298438400 ) ) ;
#3272 = CYLINDRICAL_SURFACE ( 'NONE', #1643, 0.009000000000000035700 ) ;
#3273 = EDGE_CURVE ( 'NONE', #230, #1305, #2296, .T. ) ;
#3274 = DIRECTION ( 'NONE',  ( -7.468797715707625400E-017, 6.842277657836020900E-049, 1.000000000000000000 ) ) ;
#3275 = EDGE_CURVE ( 'NONE', #2126, #2985, #2982, .T. ) ;
#3276 = CARTESIAN_POINT ( 'NONE',  ( 0.03400000000000005800, 0.05999999999999994900, 0.1600000000000002000 ) ) ;
#3277 = VECTOR ( 'NONE', #3110, 39.37007874015748100 ) ;
#3278 = CIRCLE ( 'NONE', #3065, 0.003999999999999999200 ) ;
#3279 = LINE ( 'NONE', #3220, #3048 ) ;
#3280 = CARTESIAN_POINT ( 'NONE',  ( -0.02900000000000000100, 0.002499999999999951900, -0.03699999999999997700 ) ) ;
#3281 = VERTEX_POINT ( 'NONE', #700 ) ;
#3282 = DIRECTION ( 'NONE',  ( 0.0000000000000000000, -1.000000000000000000, 0.0000000000000000000 ) ) ;
#3283 = ADVANCED_FACE ( 'NONE', ( #777 ), #717, .T. ) ;
#3284 = PLANE ( 'NONE',  #3260 ) ;
#3285 = CIRCLE ( 'NONE', #3106, 0.04515625000000003700 ) ;
#3286 = DIRECTION ( 'NONE',  ( 0.0000000000000000000, -0.0000000000000000000, -1.000000000000000000 ) ) ;
#3287 = EDGE_CURVE ( 'NONE', #1883, #2348, #2780, .T. ) ;
#3288 = DIRECTION ( 'NONE',  ( 2.026496089155530700E-017, 1.043660709282909700E-033, -1.000000000000000000 ) ) ;
#3289 = DIRECTION ( 'NONE',  ( 0.0000000000000000000, 0.0000000000000000000, 1.000000000000000000 ) ) ;
#3290 = LINE ( 'NONE', #2422, #830 ) ;
#3291 = ADVANCED_FACE ( 'NONE', ( #2417, #2561 ), #2769, .T. ) ;
#3292 = DIRECTION ( 'NONE',  ( 0.0000000000000000000, 0.0000000000000000000, -1.000000000000000000 ) ) ;
#3293 = LINE ( 'NONE', #578, #305 ) ;
#3294 = AXIS2_PLACEMENT_3D ( 'NONE', #1457, #1838, #169 ) ;
#3295 = ORIENTED_EDGE ( 'NONE', *, *, #1059, .F. ) ;
#3296 = EDGE_CURVE ( 'NONE', #319, #270, #2114, .T. ) ;
#3297 = ORIENTED_EDGE ( 'NONE', *, *, #858, .F. ) ;
#3298 = EDGE_CURVE ( 'NONE', #3074, #1231, #1986, .T. ) ;
#3299 = CARTESIAN_POINT ( 'NONE',  ( 3.002421658570214700E-017, 0.003999999999999952400, -0.08699999999999980000 ) ) ;
#3300 = CARTESIAN_POINT ( 'NONE',  ( -0.02988361789797227100, 0.06964803709147875100, -0.009606768015370531100 ) ) ;
#3301 = ORIENTED_EDGE ( 'NONE', *, *, #509, .T. ) ;
#3302 = DIRECTION ( 'NONE',  ( -7.468797715707625400E-017, 6.842277657836020900E-049, 1.000000000000000000 ) ) ;
#3303 = ADVANCED_FACE ( 'NONE', ( #2920 ), #3119, .T. ) ;
#3304 = VERTEX_POINT ( 'NONE', #3026 ) ;
#3305 = AXIS2_PLACEMENT_3D ( 'NONE', #1659, #1032, #1761 ) ;
#3306 = ORIENTED_EDGE ( 'NONE', *, *, #495, .F. ) ;
#3307 = CARTESIAN_POINT ( 'NONE',  ( -0.02151428952542959500, 0.06202543329608037300, -0.01426765667293704000 ) ) ;
#3308 = ORIENTED_EDGE ( 'NONE', *, *, #2958, .F. ) ;
#3309 = AXIS2_PLACEMENT_3D ( 'NONE', #2149, #3274, #2484 ) ;
#3310 = CARTESIAN_POINT ( 'NONE',  ( 0.02423324509004284900, 0.05607417691283095300, -0.01542044222489844500 ) ) ;
#3311 = VERTEX_POINT ( 'NONE', #3315 ) ;
#3312 = ORIENTED_EDGE ( 'NONE', *, *, #1290, .F. ) ;
#3313 = CYLINDRICAL_SURFACE ( 'NONE', #1820, 0.04515625000000003700 ) ;
#3314 = CARTESIAN_POINT ( 'NONE',  ( 1.265018847975120500E-017, 0.05999999999999994900, 0.1600000000000002000 ) ) ;
#3315 = CARTESIAN_POINT ( 'NONE',  ( -0.004000000000000000100, -6.402768735150616600E-017, -0.03699999999999997700 ) ) ;
#3316 = DIRECTION ( 'NONE',  ( 0.0000000000000000000, 0.0000000000000000000, 1.000000000000000000 ) ) ;
#3317 = FACE_OUTER_BOUND ( 'NONE', #155, .T. ) ;
#3318 = FACE_OUTER_BOUND ( 'NONE', #192, .T. ) ;
#3319 = EDGE_CURVE ( 'NONE', #3103, #1225, #260, .T. ) ;
#3320 = FACE_OUTER_BOUND ( 'NONE', #2094, .T. ) ;
#3321 = FACE_OUTER_BOUND ( 'NONE', #2911, .T. ) ;
#3322 = CARTESIAN_POINT ( 'NONE',  ( -0.02180466210930533100, 0.06246156987573386200, -0.01401958166234224500 ) ) ;
#3323 = CARTESIAN_POINT ( 'NONE',  ( -0.02499999999999998400, 0.05999999999999994900, 0.1000000000000000100 ) ) ;
#3324 = DIRECTION ( 'NONE',  ( 0.0000000000000000000, 0.0000000000000000000, -1.000000000000000000 ) ) ;
#3325 = EDGE_CURVE ( 'NONE', #882, #2198, #2067, .T. ) ;
#3326 = ADVANCED_FACE ( 'NONE', ( #911 ), #2450, .F. ) ;
#3327 = ORIENTED_EDGE ( 'NONE', *, *, #1122, .F. ) ;
#3328 = DIRECTION ( 'NONE',  ( 0.0000000000000000000, 0.0000000000000000000, 1.000000000000000000 ) ) ;
#3329 = ORIENTED_EDGE ( 'NONE', *, *, #2665, .F. ) ;
#3330 = DIRECTION ( 'NONE',  ( -1.917682592583735000E-017, -1.000000000000000000, -1.067128122525103000E-016 ) ) ;
#3331 = CARTESIAN_POINT ( 'NONE',  ( 0.02500000000000000100, 0.01999999999999996600, 0.1699999999999999800 ) ) ;
#3332 = DIRECTION ( 'NONE',  ( -1.000000000000000000, -0.0000000000000000000, 0.0000000000000000000 ) ) ;
#3333 = AXIS2_PLACEMENT_3D ( 'NONE', #1712, #3332, #892 ) ;
#3334 = DIMENSIONAL_EXPONENTS ( 1.000000000000000000, 0.0000000000000000000, 0.0000000000000000000, 0.0000000000000000000, 0.0000000000000000000, 0.0000000000000000000, 0.0000000000000000000 ) ;
#3335 = CIRCLE ( 'NONE', #1581, 0.005999999999999983600 ) ;
#3336 = CARTESIAN_POINT ( 'NONE',  ( 0.02500000000000003300, 0.05199999999999994900, -0.06399999999999979300 ) ) ;
#3337 = CARTESIAN_POINT ( 'NONE',  ( 0.02636044380092137500, 0.05621196908455080400, -0.01454570125356899300 ) ) ;
#3338 = VECTOR ( 'NONE', #94, 39.37007874015748100 ) ;
#3339 = ORIENTED_EDGE ( 'NONE', *, *, #2886, .T. ) ;
#3340 = DIRECTION ( 'NONE',  ( 1.000000000000000000, -0.0000000000000000000, 0.0000000000000000000 ) ) ;
#3341 = DIRECTION ( 'NONE',  ( -0.0000000000000000000, -1.000000000000000000, -8.130499981143646400E-016 ) ) ;
#3342 = CARTESIAN_POINT ( 'NONE',  ( -0.02119993693827898500, 0.06124880772216787000, -0.01468813585859796500 ) ) ;
#3343 = ADVANCED_FACE ( 'NONE', ( #2162 ), #53, .F. ) ;
#3344 = CARTESIAN_POINT ( 'NONE',  ( 0.004000000000000000100, 0.002499999999999956300, -0.02684313483298438400 ) ) ;
#3345 = EDGE_CURVE ( 'NONE', #379, #2619, #2640, .T. ) ;
#3346 = CARTESIAN_POINT ( 'NONE',  ( 0.02500000000000001500, 0.06899999999999999200, 0.1600000000000002000 ) ) ;
#3347 = ORIENTED_EDGE ( 'NONE', *, *, #2439, .T. ) ;
#3348 = DIRECTION ( 'NONE',  ( 1.000000000000000000, 0.0000000000000000000, 0.0000000000000000000 ) ) ;
#3349 = DIRECTION ( 'NONE',  ( -7.468797715707625400E-017, 6.842277657836020900E-049, 1.000000000000000000 ) ) ;
#3350 = EDGE_LOOP ( 'NONE', ( #3339, #1263 ) ) ;
#3351 = ORIENTED_EDGE ( 'NONE', *, *, #1882, .F. ) ;
#3352 = VECTOR ( 'NONE', #3282, 39.37007874015748100 ) ;
#3353 = DIRECTION ( 'NONE',  ( -1.000000000000000000, -0.0000000000000000000, -0.0000000000000000000 ) ) ;
#3354 = EDGE_LOOP ( 'NONE', ( #3109, #2897, #1233 ) ) ;
#3355 = EDGE_LOOP ( 'NONE', ( #2262, #2144, #1645, #1350, #247 ) ) ;
#3356 = B_SPLINE_CURVE_WITH_KNOTS ( 'NONE', 3,
 ( #2679, #2160, #1668, #930 ),
 .UNSPECIFIED., .F., .F.,
 ( 4, 4 ),
 ( 1.335689416694075300E-014, 3.869257400305051000E-005 ),
 .UNSPECIFIED. ) ;
#3357 =( CONVERSION_BASED_UNIT ( 'INCH', #3134 ) LENGTH_UNIT ( ) NAMED_UNIT ( #773 ) );
#3358 = CARTESIAN_POINT ( 'NONE',  ( -0.004733429803996468300, 0.03520014110503556100, -0.01999999999999999000 ) ) ;
#3359 = LINE ( 'NONE', #3126, #3198 ) ;
#3360 = EDGE_CURVE ( 'NONE', #1626, #1775, #3285, .T. ) ;
#3361 = DIRECTION ( 'NONE',  ( 0.0000000000000000000, 0.0000000000000000000, 1.000000000000000000 ) ) ;
#3362 = CARTESIAN_POINT ( 'NONE',  ( 0.02900000000000000100, 0.005796874999999965300, -0.01588807081060755400 ) ) ;
#3363 = EDGE_LOOP ( 'NONE', ( #1338, #1436 ) ) ;
#3364 = CARTESIAN_POINT ( 'NONE',  ( -0.05000000000000000300, 0.0000000000000000000, 0.1699999999999999600 ) ) ;
#3365 = ORIENTED_EDGE ( 'NONE', *, *, #2710, .F. ) ;
#3366 = EDGE_CURVE ( 'NONE', #651, #1798, #2034, .T. ) ;
#3367 = CARTESIAN_POINT ( 'NONE',  ( 0.0000000000000000000, 0.01999999999999996600, 0.1699999999999999800 ) ) ;
#3368 = VECTOR ( 'NONE', #3112, 39.37007874015748100 ) ;
#3369 = CARTESIAN_POINT ( 'NONE',  ( 0.02500000000000003300, 0.05199999999999994900, -0.05199999999999978900 ) ) ;
#3370 = CARTESIAN_POINT ( 'NONE',  ( 1.713146710917579600E-017, 0.05999999999999994900, 0.1000000000000000100 ) ) ;
#3371 = AXIS2_PLACEMENT_3D ( 'NONE', #2731, #2589, #1495 ) ;
#3372 = ORIENTED_EDGE ( 'NONE', *, *, #1404, .F. ) ;
#3373 = DIRECTION ( 'NONE',  ( -1.917682592583743700E-017, -1.000000000000000000, 0.0000000000000000000 ) ) ;
#3374 = CARTESIAN_POINT ( 'NONE',  ( 0.004000000000000000100, -5.975917486140575200E-017, -0.02684313483298438400 ) ) ;
#3375 = DIRECTION ( 'NONE',  ( 8.294331525483866100E-017, 0.8571673007021091100, 0.5150380749100594800 ) ) ;
#3376 = DIRECTION ( 'NONE',  ( -1.917682592583740000E-017, -1.000000000000000000, 0.0000000000000000000 ) ) ;
#3377 = CARTESIAN_POINT ( 'NONE',  ( -0.007248066086898424300, 0.04734978378888039100, -0.01999999999999999000 ) ) ;
#3378 = EDGE_CURVE ( 'NONE', #1684, #2612, #2033, .T. ) ;
#3379 = ORIENTED_EDGE ( 'NONE', *, *, #3287, .T. ) ;
#3380 = VECTOR ( 'NONE', #3177, 39.37007874015748100 ) ;
#3381 = ORIENTED_EDGE ( 'NONE', *, *, #2211, .T. ) ;
#3382 = CARTESIAN_POINT ( 'NONE',  ( 0.0000000000000000000, 0.03999999999999998000, -0.01999999999999999000 ) ) ;
#3383 = ORIENTED_EDGE ( 'NONE', *, *, #2790, .F. ) ;
#3384 = CARTESIAN_POINT ( 'NONE',  ( 1.247759704641866400E-017, 0.05099999999999990700, 0.1600000000000002000 ) ) ;
#3385 = CARTESIAN_POINT ( 'NONE',  ( 0.02771591891205420600, 0.01248717191803766000, -0.01065060974774785300 ) ) ;
#3386 = CARTESIAN_POINT ( 'NONE',  ( 0.004000000000000000100, 0.005796874999999965300, -0.01588807081060755400 ) ) ;
#3387 = ORIENTED_EDGE ( 'NONE', *, *, #2810, .F. ) ;
#3388 = LINE ( 'NONE', #341, #3352 ) ;
#3389 = FACE_BOUND ( 'NONE', #2953, .T. ) ;
#3390 = LINE ( 'NONE', #724, #2400 ) ;
#3391 = ORIENTED_EDGE ( 'NONE', *, *, #916, .F. ) ;
#3392 = VERTEX_POINT ( 'NONE', #2360 ) ;
#3393 = DIRECTION ( 'NONE',  ( 0.0000000000000000000, 0.0000000000000000000, -1.000000000000000000 ) ) ;
#3394 = AXIS2_PLACEMENT_3D ( 'NONE', #2103, #512, #2379 ) ;
#3395 = EDGE_CURVE ( 'NONE', #1414, #2413, #2062, .T. ) ;
#3396 = CARTESIAN_POINT ( 'NONE',  ( -0.02814421724766081100, 0.01248717191803767500, -0.01065060974774785900 ) ) ;
#3397 = DIRECTION ( 'NONE',  ( 0.0000000000000000000, -1.000000000000000000, -1.665334536937734800E-015 ) ) ;
#3398 = DIRECTION ( 'NONE',  ( 0.0000000000000000000, 0.0000000000000000000, -1.000000000000000000 ) ) ;
#3399 = ORIENTED_EDGE ( 'NONE', *, *, #1726, .F. ) ;
#3400 = FACE_OUTER_BOUND ( 'NONE', #1588, .T. ) ;
ENDSEC;
END-ISO-10303-21;
