ISO-10303-21;
HEADER;
FILE_DESCRIPTION (( 'STEP AP214' ),
    '1' );
FILE_NAME ('A79607-001 REV D.STEP',
    '2015-11-06T14:30:33',
    ( '' ),
    ( '' ),
    'SwSTEP 2.0',
    'SolidWorks 2015',
    '' );
FILE_SCHEMA (( 'AUTOMOTIVE_DESIGN' ));
ENDSEC;

DATA;
#1 = EDGE_CURVE ( 'NONE', #1524, #1213, #370, .T. ) ;
#2 = CARTESIAN_POINT ( 'NONE',  ( 0.02900000000000000100, -0.02500000000000004000, -0.02649999999999996100 ) ) ;
#3 = CARTESIAN_POINT ( 'NONE',  ( 0.02098304005584647800, 0.05996796580621790300, -0.01531885799079227800 ) ) ;
#4 = DIRECTION ( 'NONE',  ( -1.000000000000000000, -0.0000000000000000000, -0.0000000000000000000 ) ) ;
#5 = DIRECTION ( 'NONE',  ( 1.000000000000000000, 0.0000000000000000000, 0.0000000000000000000 ) ) ;
#6 = EDGE_CURVE ( 'NONE', #422, #2369, #2218, .T. ) ;
#7 = AXIS2_PLACEMENT_3D ( 'NONE', #2106, #596, #2329 ) ;
#8 = CARTESIAN_POINT ( 'NONE',  ( -0.05000000000000000300, 0.03799999999999999200, 0.09999999999999999200 ) ) ;
#9 = DIRECTION ( 'NONE',  ( 0.0000000000000000000, 1.000000000000000000, 8.986342084421920000E-016 ) ) ;
#10 = ADVANCED_FACE ( 'NONE', ( #327 ), #2917, .T. ) ;
#11 = DIRECTION ( 'NONE',  ( -7.468797715707625400E-017, -6.842277657836020900E-049, 1.000000000000000000 ) ) ;
#12 = DIRECTION ( 'NONE',  ( -7.468797715707625400E-017, -6.842277657836020900E-049, 1.000000000000000000 ) ) ;
#13 = DIRECTION ( 'NONE',  ( 7.468797715709441000E-017, 1.000000000000000000, -6.123233995736766000E-017 ) ) ;
#14 = FACE_OUTER_BOUND ( 'NONE', #536, .T. ) ;
#15 = AXIS2_PLACEMENT_3D ( 'NONE', #2966, #546, #2158 ) ;
#16 = VECTOR ( 'NONE', #555, 39.37007874015748100 ) ;
#17 = VECTOR ( 'NONE', #2832, 39.37007874015748100 ) ;
#18 = CARTESIAN_POINT ( 'NONE',  ( -1.664449514564419100E-016, 0.06900000000000004700, 0.1599999999999999800 ) ) ;
#19 = FACE_OUTER_BOUND ( 'NONE', #3043, .T. ) ;
#20 = CIRCLE ( 'NONE', #2170, 0.009000000000000035700 ) ;
#21 = EDGE_LOOP ( 'NONE', ( #747, #2296, #524, #2376, #746, #1796, #1301, #1983 ) ) ;
#22 = DIRECTION ( 'NONE',  ( 1.291109934225971900E-016, -1.102880296222247400E-033, -1.000000000000000000 ) ) ;
#23 = FACE_OUTER_BOUND ( 'NONE', #1165, .T. ) ;
#24 = CYLINDRICAL_SURFACE ( 'NONE', #2133, 0.04515625000000003700 ) ;
#25 = CARTESIAN_POINT ( 'NONE',  ( 0.05000000000000000300, 0.0000000000000000000, 0.0000000000000000000 ) ) ;
#26 = DIRECTION ( 'NONE',  ( 0.0000000000000000000, 1.000000000000000000, 0.0000000000000000000 ) ) ;
#27 = CARTESIAN_POINT ( 'NONE',  ( -0.02500000000000015800, 0.06900000000000000600, -0.02500000000000005000 ) ) ;
#28 = ORIENTED_EDGE ( 'NONE', *, *, #2469, .T. ) ;
#29 = ADVANCED_FACE ( 'NONE', ( #1941 ), #2064, .F. ) ;
#30 = DIRECTION ( 'NONE',  ( 0.0000000000000000000, 0.0000000000000000000, 1.000000000000000000 ) ) ;
#31 = FACE_OUTER_BOUND ( 'NONE', #88, .T. ) ;
#32 = DIRECTION ( 'NONE',  ( 1.000000000000000000, 0.0000000000000000000, 0.0000000000000000000 ) ) ;
#33 = FILL_AREA_STYLE_COLOUR ( '', #2969 ) ;
#34 = AXIS2_PLACEMENT_3D ( 'NONE', #2583, #2848, #2898 ) ;
#35 = CARTESIAN_POINT ( 'NONE',  ( 0.004000000000000000100, 0.01049999999999996800, 3.414809992080329000E-017 ) ) ;
#36 = CARTESIAN_POINT ( 'NONE',  ( 0.0000000000000000000, 0.01999999999999996600, 0.1699999999999999800 ) ) ;
#37 = EDGE_CURVE ( 'NONE', #242, #2608, #1346, .T. ) ;
#38 = CARTESIAN_POINT ( 'NONE',  ( -0.02888875119589863800, 0.05906318936609893800, -0.01338697782227643200 ) ) ;
#39 =( GEOMETRIC_REPRESENTATION_CONTEXT ( 3 ) GLOBAL_UNCERTAINTY_ASSIGNED_CONTEXT ( ( #249 ) ) GLOBAL_UNIT_ASSIGNED_CONTEXT ( ( #1877, #408, #2144 ) ) REPRESENTATION_CONTEXT ( 'NONE', 'WORKASPACE' ) );
#40 = DIRECTION ( 'NONE',  ( -7.468797715707625400E-017, -6.842277657836020900E-049, 1.000000000000000000 ) ) ;
#41 = CARTESIAN_POINT ( 'NONE',  ( 0.02499999999999983800, 0.05999999999999999800, 0.1000000000000000100 ) ) ;
#42 = CARTESIAN_POINT ( 'NONE',  ( 0.02499999999999984900, 0.06900000000000000600, -0.02100000000000005000 ) ) ;
#43 = AXIS2_PLACEMENT_3D ( 'NONE', #1313, #1304, #1160 ) ;
#44 = DIRECTION ( 'NONE',  ( 4.268512490100410900E-016, 1.000000000000000000, 0.0000000000000000000 ) ) ;
#45 = EDGE_CURVE ( 'NONE', #1279, #602, #1271, .T. ) ;
#46 = CIRCLE ( 'NONE', #1874, 0.009000000000000035700 ) ;
#47 = ORIENTED_EDGE ( 'NONE', *, *, #430, .T. ) ;
#48 = CARTESIAN_POINT ( 'NONE',  ( -1.559000535828118200E-016, 0.06599999999999996100, 0.01799999999999995000 ) ) ;
#49 = DIRECTION ( 'NONE',  ( -7.468797715707625400E-017, -6.842277657836020900E-049, 1.000000000000000000 ) ) ;
#50 = CARTESIAN_POINT ( 'NONE',  ( -0.001733715637310156700, 0.05642783481123795500, -0.01690576561358153900 ) ) ;
#51 = CIRCLE ( 'NONE', #1757, 0.003999999999999999200 ) ;
#52 = CIRCLE ( 'NONE', #1769, 0.003999999999999999200 ) ;
#53 = CARTESIAN_POINT ( 'NONE',  ( -0.02888875119589863800, 0.05906318936609893800, -0.01338697782227643200 ) ) ;
#54 = CIRCLE ( 'NONE', #186, 0.004000000000000000100 ) ;
#55 = AXIS2_PLACEMENT_3D ( 'NONE', #2491, #12, #26 ) ;
#56 = CARTESIAN_POINT ( 'NONE',  ( 0.02500000000000000100, 0.01999999999999996600, 0.1699999999999999800 ) ) ;
#57 = DIRECTION ( 'NONE',  ( 0.0000000000000000000, 0.0000000000000000000, -1.000000000000000000 ) ) ;
#58 = FACE_BOUND ( 'NONE', #1099, .T. ) ;
#59 = ORIENTED_EDGE ( 'NONE', *, *, #512, .F. ) ;
#60 = CARTESIAN_POINT ( 'NONE',  ( 0.02717315382588108100, 0.01299999999999996600, -0.01103887279385856400 ) ) ;
#61 = ORIENTED_EDGE ( 'NONE', *, *, #308, .T. ) ;
#62 = EDGE_CURVE ( 'NONE', #2395, #1616, #377, .T. ) ;
#63 = EDGE_CURVE ( 'NONE', #1805, #2988, #372, .T. ) ;
#64 = DIRECTION ( 'NONE',  ( -7.468797715707625400E-017, -6.842277657836020900E-049, 1.000000000000000000 ) ) ;
#65 = CARTESIAN_POINT ( 'NONE',  ( -0.03891197793938069200, 0.07749999999999999900, 0.0000000000000000000 ) ) ;
#66 = CARTESIAN_POINT ( 'NONE',  ( -0.004000000000000152700, 0.06900000000000000600, -0.02500000000000005000 ) ) ;
#67 = EDGE_CURVE ( 'NONE', #786, #1954, #978, .T. ) ;
#68 = CARTESIAN_POINT ( 'NONE',  ( -0.02100000000000000500, 0.006749999999999960000, -0.02649999999999996100 ) ) ;
#69 = EDGE_CURVE ( 'NONE', #1229, #2470, #891, .T. ) ;
#70 = CARTESIAN_POINT ( 'NONE',  ( -0.02500000000000016100, 0.05999999999999999800, 0.01799999999999995000 ) ) ;
#71 = MECHANICAL_DESIGN_GEOMETRIC_PRESENTATION_REPRESENTATION (  '', ( #2691 ), #39 ) ;
#72 = DIRECTION ( 'NONE',  ( -7.468797715707625400E-017, -6.842277657836020900E-049, 1.000000000000000000 ) ) ;
#73 = CARTESIAN_POINT ( 'NONE',  ( 0.0000000000000000000, 0.03999999999999998000, -0.01999999999999999000 ) ) ;
#74 = CARTESIAN_POINT ( 'NONE',  ( 0.02500000000000000100, 0.006749999999999967000, -0.02274999999999996500 ) ) ;
#75 = ORIENTED_EDGE ( 'NONE', *, *, #2293, .T. ) ;
#76 = ORIENTED_EDGE ( 'NONE', *, *, #1764, .T. ) ;
#77 = ORIENTED_EDGE ( 'NONE', *, *, #1145, .F. ) ;
#78 = CYLINDRICAL_SURFACE ( 'NONE', #844, 0.004000000000000000100 ) ;
#79 = CARTESIAN_POINT ( 'NONE',  ( -0.02883986365386515700, 0.05886025457116530300, -0.01341059755461650900 ) ) ;
#80 = ORIENTED_EDGE ( 'NONE', *, *, #2777, .T. ) ;
#81 = DIRECTION ( 'NONE',  ( -1.000000000000000000, 0.0000000000000000000, 0.0000000000000000000 ) ) ;
#82 = B_SPLINE_CURVE_WITH_KNOTS ( 'NONE', 3,
 ( #712, #415, #406, #394, #387, #380 ),
 .UNSPECIFIED., .F., .F.,
 ( 4, 2, 4 ),
 ( 1.748223473168675600E-018, 0.0001610204094127901000, 0.0003220408188255784700 ),
 .UNSPECIFIED. ) ;
#83 = DIRECTION ( 'NONE',  ( 7.468797715707931100E-017, 0.0000000000000000000, -1.000000000000000000 ) ) ;
#84 = CIRCLE ( 'NONE', #1959, 0.04515625000000003700 ) ;
#85 = DIRECTION ( 'NONE',  ( 0.0000000000000000000, 0.0000000000000000000, 1.000000000000000000 ) ) ;
#86 = EDGE_CURVE ( 'NONE', #1213, #1004, #1193, .T. ) ;
#87 = VECTOR ( 'NONE', #1629, 39.37007874015748100 ) ;
#88 = EDGE_LOOP ( 'NONE', ( #3107, #987, #1284, #516, #486, #2613, #1579, #1322 ) ) ;
#89 = CARTESIAN_POINT ( 'NONE',  ( 0.02900000000000000100, -0.02500000000000004000, -0.02649999999999996100 ) ) ;
#90 = DIRECTION ( 'NONE',  ( -7.468797715707625400E-017, -6.842277657836020900E-049, 1.000000000000000000 ) ) ;
#91 = AXIS2_PLACEMENT_3D ( 'NONE', #3091, #407, #1640 ) ;
#92 = DIRECTION ( 'NONE',  ( 0.0000000000000000000, 0.0000000000000000000, -1.000000000000000000 ) ) ;
#93 = CARTESIAN_POINT ( 'NONE',  ( -0.02500000000000015800, 0.06900000000000000600, -0.01600000000000003800 ) ) ;
#94 = B_SPLINE_CURVE_WITH_KNOTS ( 'NONE', 3,
 ( #1603, #108, #1856, #375 ),
 .UNSPECIFIED., .F., .F.,
 ( 4, 4 ),
 ( 2.640204821671259200E-017, 2.936270034715000800E-005 ),
 .UNSPECIFIED. ) ;
#95 = CARTESIAN_POINT ( 'NONE',  ( -0.02877499993763649500, 0.05866131695972907900, -0.01344186688668560500 ) ) ;
#96 = CARTESIAN_POINT ( 'NONE',  ( -0.02900000000000000100, 0.006749999999999960000, -0.02649999999999996100 ) ) ;
#97 = EDGE_CURVE ( 'NONE', #520, #887, #642, .T. ) ;
#98 = ORIENTED_EDGE ( 'NONE', *, *, #1366, .F. ) ;
#99 = CARTESIAN_POINT ( 'NONE',  ( -0.02500000000000016400, 0.05400000000000001300, 0.1599999999999999200 ) ) ;
#100 = CARTESIAN_POINT ( 'NONE',  ( -0.02500000000000016800, 0.05999999999999999800, 0.1599999999999999800 ) ) ;
#101 =( BOUNDED_SURFACE ( )  B_SPLINE_SURFACE ( 3, 2, ( 
 ( #751, #2138, #190 ),
 ( #213, #376, #760 ),
 ( #3120, #1151, #1182 ),
 ( #2723, #739, #958 ),
 ( #2624, #2477, #2160 ),
 ( #1729, #1651, #1617 ) ),
 .UNSPECIFIED., .F., .F., .T. ) 
 B_SPLINE_SURFACE_WITH_KNOTS ( ( 4, 2, 4 ),
 ( 3, 3 ),
 ( -7.570264315365175000E-006, 0.0006892990023811541800, 0.001386168269077673500 ),
 ( 0.0000000000000000000, 1.000000000000000000 ),
 .UNSPECIFIED. ) 
 GEOMETRIC_REPRESENTATION_ITEM ( )  RATIONAL_B_SPLINE_SURFACE ( (
 ( 1.000000000000000000, 1.000000000000000000, 1.000000000000000000),
 ( 1.000000000000000000, 0.9998817494082800100, 1.000000000000000000),
 ( 1.000000000000000000, 0.9840535173629431100, 1.000000000000000000),
 ( 1.000000000000000000, 0.9210240504929866300, 1.000000000000000000),
 ( 1.000000000000000000, 0.8730608444349828900, 1.000000000000000000),
 ( 1.000000000000000000, 0.8188333103550966600, 1.000000000000000000) ) ) 
 REPRESENTATION_ITEM ( '' )  SURFACE ( )  );
#102 = VERTEX_POINT ( 'NONE', #2254 ) ;
#103 = CARTESIAN_POINT ( 'NONE',  ( -0.02869598330753191400, 0.05847038979133682000, -0.01347972983732376900 ) ) ;
#104 = ORIENTED_EDGE ( 'NONE', *, *, #1123, .F. ) ;
#105 = CARTESIAN_POINT ( 'NONE',  ( -0.02100000000000015700, 0.1050000000000000100, -0.02500000000000005000 ) ) ;
#106 = ORIENTED_EDGE ( 'NONE', *, *, #2993, .T. ) ;
#107 = CARTESIAN_POINT ( 'NONE',  ( -0.01100000000000000100, 0.01999999999999996600, 0.1699999999999999800 ) ) ;
#108 = CARTESIAN_POINT ( 'NONE',  ( 0.02422694373610902900, 0.06394289401592237500, -0.01313005133012908700 ) ) ;
#109 = FACE_OUTER_BOUND ( 'NONE', #950, .T. ) ;
#110 = ORIENTED_EDGE ( 'NONE', *, *, #137, .F. ) ;
#111 = AXIS2_PLACEMENT_3D ( 'NONE', #1944, #2428, #2886 ) ;
#112 = EDGE_CURVE ( 'NONE', #2398, #1280, #2353, .T. ) ;
#113 = DIRECTION ( 'NONE',  ( -7.468797715707625400E-017, -6.842277657836020900E-049, 1.000000000000000000 ) ) ;
#114 = CYLINDRICAL_SURFACE ( 'NONE', #2006, 0.005999999999999975000 ) ;
#115 = EDGE_LOOP ( 'NONE', ( #77, #2462, #893, #836, #47 ) ) ;
#116 = LINE ( 'NONE', #623, #345 ) ;
#117 = ORIENTED_EDGE ( 'NONE', *, *, #450, .F. ) ;
#118 = CARTESIAN_POINT ( 'NONE',  ( -0.02850872596442553800, 0.05801792156746247300, -0.01356945924655427800 ) ) ;
#119 = CYLINDRICAL_SURFACE ( 'NONE', #3129, 0.006249999999999999500 ) ;
#120 = ORIENTED_EDGE ( 'NONE', *, *, #37, .F. ) ;
#121 = FACE_OUTER_BOUND ( 'NONE', #1740, .T. ) ;
#122 = CARTESIAN_POINT ( 'NONE',  ( 0.05000000000000000300, 0.0000000000000000000, 0.1699999999999999600 ) ) ;
#123 = DIRECTION ( 'NONE',  ( 4.268512490100411900E-016, 6.123233995736766000E-017, -1.000000000000000000 ) ) ;
#124 = DIRECTION ( 'NONE',  ( -1.000000000000000000, -0.0000000000000000000, 0.0000000000000000000 ) ) ;
#125 = ORIENTED_EDGE ( 'NONE', *, *, #497, .T. ) ;
#126 = DIRECTION ( 'NONE',  ( 7.468797715709439800E-017, 1.000000000000000000, -6.123233995736766000E-017 ) ) ;
#127 = DIRECTION ( 'NONE',  ( -7.468797715707625400E-017, -6.842277657836020900E-049, 1.000000000000000000 ) ) ;
#128 = CARTESIAN_POINT ( 'NONE',  ( -0.004000000000000001000, 0.01049999999999996800, -0.02274999999999996500 ) ) ;
#129 = DIRECTION ( 'NONE',  ( 2.026496089157345700E-017, 1.000000000000000000, 1.513548936158882500E-033 ) ) ;
#130 = CARTESIAN_POINT ( 'NONE',  ( -0.02823554810372489600, 0.05760076302261715000, -0.01369926192724029100 ) ) ;
#131 = CARTESIAN_POINT ( 'NONE',  ( 0.008535370455776805600, 0.04572371158111048600, -0.01999999999999999000 ) ) ;
#132 = CARTESIAN_POINT ( 'NONE',  ( -1.621460574750414800E-016, 0.06900000000000003400, 0.1000000000000000100 ) ) ;
#133 = CARTESIAN_POINT ( 'NONE',  ( -0.02100000000000015700, 0.06900000000000000600, -0.02500000000000005000 ) ) ;
#134 = EDGE_LOOP ( 'NONE', ( #2189, #1359, #1085, #432 ) ) ;
#135 = DIRECTION ( 'NONE',  ( 1.000000000000000000, 0.0000000000000000000, -0.0000000000000000000 ) ) ;
#136 = EDGE_CURVE ( 'NONE', #1279, #1954, #3119, .T. ) ;
#137 = EDGE_CURVE ( 'NONE', #2515, #801, #2142, .T. ) ;
#138 = VERTEX_POINT ( 'NONE', #2188 ) ;
#139 = DIRECTION ( 'NONE',  ( 0.0000000000000000000, 1.000000000000000000, 0.0000000000000000000 ) ) ;
#140 = EDGE_CURVE ( 'NONE', #2721, #389, #2184, .T. ) ;
#141 =( LENGTH_UNIT ( ) NAMED_UNIT ( * ) SI_UNIT ( $, .METRE. ) );
#142 = ORIENTED_EDGE ( 'NONE', *, *, #2153, .T. ) ;
#143 = VERTEX_POINT ( 'NONE', #1993 ) ;
#144 = CARTESIAN_POINT ( 'NONE',  ( 0.004000000000000003600, 0.03999999999999998000, 0.02515625000000004300 ) ) ;
#145 = EDGE_CURVE ( 'NONE', #859, #980, #2640, .T. ) ;
#146 = DIRECTION ( 'NONE',  ( 0.0000000000000000000, -1.000000000000000000, 0.0000000000000000000 ) ) ;
#147 = ORIENTED_EDGE ( 'NONE', *, *, #2033, .F. ) ;
#148 = ORIENTED_EDGE ( 'NONE', *, *, #1969, .T. ) ;
#149 = CARTESIAN_POINT ( 'NONE',  ( -0.004000000000000001000, 0.006749999999999960000, -0.02649999999999996100 ) ) ;
#150 = VECTOR ( 'NONE', #2772, 39.37007874015748100 ) ;
#151 = PLANE ( 'NONE',  #1652 ) ;
#152 = EDGE_CURVE ( 'NONE', #2147, #2292, #1283, .T. ) ;
#153 = DIRECTION ( 'NONE',  ( 0.0000000000000000000, -1.000000000000000000, 0.0000000000000000000 ) ) ;
#154 = AXIS2_PLACEMENT_3D ( 'NONE', #1065, #1543, #1781 ) ;
#155 = CARTESIAN_POINT ( 'NONE',  ( -0.03891197793938069200, 0.002499999999999973200, 0.0000000000000000000 ) ) ;
#156 = ADVANCED_FACE ( 'NONE', ( #3052, #533 ), #1761, .T. ) ;
#157 = ORIENTED_EDGE ( 'NONE', *, *, #2262, .F. ) ;
#158 = CARTESIAN_POINT ( 'NONE',  ( -0.02791002218616591600, 0.05725559280061740000, -0.01385004179289267600 ) ) ;
#159 = AXIS2_PLACEMENT_3D ( 'NONE', #2022, #2870, #1755 ) ;
#160 = DIRECTION ( 'NONE',  ( -1.000000000000000000, 1.333910153156378400E-016, 0.0000000000000000000 ) ) ;
#161 = PLANE ( 'NONE',  #91 ) ;
#162 = PLANE ( 'NONE',  #2235 ) ;
#163 = CARTESIAN_POINT ( 'NONE',  ( 0.02499999999999984500, 0.05400000000000003400, 0.01799999999999995000 ) ) ;
#164 = DIRECTION ( 'NONE',  ( 1.000000000000000000, 0.0000000000000000000, 0.0000000000000000000 ) ) ;
#165 = DIRECTION ( 'NONE',  ( 1.000000000000000000, -2.026496089157345700E-017, 7.468797715707625400E-017 ) ) ;
#166 = DIRECTION ( 'NONE',  ( 0.0000000000000000000, 0.0000000000000000000, -1.000000000000000000 ) ) ;
#167 = CARTESIAN_POINT ( 'NONE',  ( -0.02500000000000016800, 0.05099999999999995500, 0.1599999999999999800 ) ) ;
#168 = AXIS2_PLACEMENT_3D ( 'NONE', #1967, #1011, #999 ) ;
#169 =( GEOMETRIC_REPRESENTATION_CONTEXT ( 3 ) GLOBAL_UNCERTAINTY_ASSIGNED_CONTEXT ( ( #938 ) ) GLOBAL_UNIT_ASSIGNED_CONTEXT ( ( #388, #2136, #664 ) ) REPRESENTATION_CONTEXT ( 'NONE', 'WORKASPACE' ) );
#170 = ADVANCED_FACE ( 'NONE', ( #528 ), #1648, .T. ) ;
#171 = CARTESIAN_POINT ( 'NONE',  ( -0.02500000000000015800, 0.06900000000000000600, -0.02500000000000005000 ) ) ;
#172 = CARTESIAN_POINT ( 'NONE',  ( -0.02500000000000015800, 0.06400000000000000100, -0.01600000000000003800 ) ) ;
#173 =( BOUNDED_SURFACE ( )  B_SPLINE_SURFACE ( 3, 2, ( 
 ( #1228, #1380, #1219 ),
 ( #1199, #1168, #1127 ),
 ( #1115, #993, #983 ),
 ( #969, #947, #934 ) ),
 .UNSPECIFIED., .F., .F., .F. ) 
 B_SPLINE_SURFACE_WITH_KNOTS ( ( 4, 4 ),
 ( 3, 3 ),
 ( 0.0007684244250479749800, 0.001381453380941146000 ),
 ( 0.0000000000000000000, 1.000000000000000000 ),
 .UNSPECIFIED. ) 
 GEOMETRIC_REPRESENTATION_ITEM ( )  RATIONAL_B_SPLINE_SURFACE ( (
 ( 1.000000000000000000, 0.9411878006478400200, 1.000000000000000000),
 ( 1.000000000000000000, 0.9103483858160339400, 1.000000000000000000),
 ( 1.000000000000000000, 0.8675111371092162300, 1.000000000000000000),
 ( 1.000000000000000000, 0.8199304741106172600, 1.000000000000000000) ) ) 
 REPRESENTATION_ITEM ( '' )  SURFACE ( )  );
#174 = VERTEX_POINT ( 'NONE', #1665 ) ;
#175 = AXIS2_PLACEMENT_3D ( 'NONE', #1342, #1370, #1349 ) ;
#176 = CARTESIAN_POINT ( 'NONE',  ( -1.666273361044660500E-016, 0.05999999999999999800, 0.1599999999999999200 ) ) ;
#177 = CARTESIAN_POINT ( 'NONE',  ( -0.004000000000000152700, 0.06900000000000000600, -0.02500000000000005000 ) ) ;
#178 = EDGE_CURVE ( 'NONE', #2320, #1075, #1898, .T. ) ;
#179 = ORIENTED_EDGE ( 'NONE', *, *, #2118, .F. ) ;
#180 = CARTESIAN_POINT ( 'NONE',  ( 0.02900000000000000100, 0.01049999999999996600, -0.009032006961455339400 ) ) ;
#181 = CARTESIAN_POINT ( 'NONE',  ( -0.003824460371685244700, 0.05882122813780042700, -0.01589087349880510500 ) ) ;
#182 = CARTESIAN_POINT ( 'NONE',  ( 0.04749999999999999400, 0.01049999999999997600, -0.009032006961455348000 ) ) ;
#183 = ADVANCED_FACE ( 'NONE', ( #574 ), #2192, .F. ) ;
#184 = DIRECTION ( 'NONE',  ( 2.026496089157258800E-017, 1.000000000000000000, 0.0000000000000000000 ) ) ;
#185 = DIRECTION ( 'NONE',  ( 0.0000000000000000000, -1.000000000000000000, 0.0000000000000000000 ) ) ;
#186 = AXIS2_PLACEMENT_3D ( 'NONE', #417, #2407, #287 ) ;
#187 = CARTESIAN_POINT ( 'NONE',  ( -0.02756845987760663000, 0.05689341844978158800, -0.01400824953064417300 ) ) ;
#188 = FACE_OUTER_BOUND ( 'NONE', #906, .T. ) ;
#189 = CARTESIAN_POINT ( 'NONE',  ( -0.001349481967107641600, 0.05624762820157688100, -0.01697614750974652700 ) ) ;
#190 = CARTESIAN_POINT ( 'NONE',  ( 0.0000000000000000000, 0.03999999999999998000, -0.01999999999999999000 ) ) ;
#191 = DIRECTION ( 'NONE',  ( 1.291109934225971900E-016, -1.102880296222247400E-033, -1.000000000000000000 ) ) ;
#192 = AXIS2_PLACEMENT_3D ( 'NONE', #2015, #2281, #2553 ) ;
#193 = CARTESIAN_POINT ( 'NONE',  ( -0.02888875119589863800, 0.05906318936609893800, -0.01338697782227643200 ) ) ;
#194 = VERTEX_POINT ( 'NONE', #1475 ) ;
#195 = ORIENTED_EDGE ( 'NONE', *, *, #885, .T. ) ;
#196 = ADVANCED_FACE ( 'NONE', ( #1290 ), #2851, .F. ) ;
#197 = CARTESIAN_POINT ( 'NONE',  ( -0.02715844106519388700, 0.05659751899138176100, -0.01419439676973298000 ) ) ;
#198 = PLANE ( 'NONE',  #1927 ) ;
#199 = CARTESIAN_POINT ( 'NONE',  ( -0.02122105616287686700, 0.06131307252759776000, -0.01465386376569308000 ) ) ;
#200 = AXIS2_PLACEMENT_3D ( 'NONE', #1210, #2171, #2410 ) ;
#201 = CARTESIAN_POINT ( 'NONE',  ( -0.03581470156801479200, 0.005043064102135652200, -0.003790903009394797000 ) ) ;
#202 = CARTESIAN_POINT ( 'NONE',  ( -0.02119993693828250600, 0.06124880772217127700, -0.01468813585859610700 ) ) ;
#203 = CARTESIAN_POINT ( 'NONE',  ( -0.02900000000000000500, 0.01128175743142181100, -0.009691267240612779600 ) ) ;
#204 = DIRECTION ( 'NONE',  ( -0.0000000000000000000, 4.690673066044407900E-017, 1.000000000000000000 ) ) ;
#205 = CARTESIAN_POINT ( 'NONE',  ( -0.03557468376710414000, 0.06331484721493047000, -0.01015670828195692300 ) ) ;
#206 = VECTOR ( 'NONE', #2322, 39.37007874015748100 ) ;
#207 = CARTESIAN_POINT ( 'NONE',  ( 0.02244326956915116200, 0.06309942027573971200, -0.01364580779703200900 ) ) ;
#208 = VERTEX_POINT ( 'NONE', #1439 ) ;
#209 = ORIENTED_EDGE ( 'NONE', *, *, #2093, .F. ) ;
#210 = EDGE_CURVE ( 'NONE', #2683, #1075, #304, .T. ) ;
#211 = VERTEX_POINT ( 'NONE', #1340 ) ;
#212 = ORIENTED_EDGE ( 'NONE', *, *, #1336, .T. ) ;
#213 = CARTESIAN_POINT ( 'NONE',  ( 0.008568410651012761300, 0.03425413208143852200, -0.01999999999999999000 ) ) ;
#214 = CARTESIAN_POINT ( 'NONE',  ( -0.0002839987222138958800, 0.06399999999999979300, -0.01309406913674244500 ) ) ;
#215 = DIRECTION ( 'NONE',  ( 0.0000000000000000000, -1.000000000000000000, 0.0000000000000000000 ) ) ;
#216 = ADVANCED_FACE ( 'NONE', ( #1249 ), #586, .T. ) ;
#217 = ORIENTED_EDGE ( 'NONE', *, *, #67, .T. ) ;
#218 = CARTESIAN_POINT ( 'NONE',  ( -0.04749999999999999400, 0.07009792610312781700, 0.0000000000000000000 ) ) ;
#219 = CARTESIAN_POINT ( 'NONE',  ( -0.02500000000000015800, 0.05599999999999999400, -0.01600000000000003800 ) ) ;
#220 = ORIENTED_EDGE ( 'NONE', *, *, #2901, .T. ) ;
#221 = EDGE_CURVE ( 'NONE', #2608, #2752, #1251, .T. ) ;
#222 = CARTESIAN_POINT ( 'NONE',  ( -0.02672009071939169400, 0.05638872765952730700, -0.01438706205823529900 ) ) ;
#223 = ORIENTED_EDGE ( 'NONE', *, *, #2680, .F. ) ;
#224 = FACE_OUTER_BOUND ( 'NONE', #1159, .T. ) ;
#225 = CYLINDRICAL_SURFACE ( 'NONE', #2273, 0.006249999999999999500 ) ;
#226 = ORIENTED_EDGE ( 'NONE', *, *, #759, .T. ) ;
#227 = CARTESIAN_POINT ( 'NONE',  ( 0.02499999999999984900, 0.05999999999999999800, -0.01600000000000003800 ) ) ;
#228 = DIRECTION ( 'NONE',  ( -1.000000000000000000, -0.0000000000000000000, -0.0000000000000000000 ) ) ;
#229 = CARTESIAN_POINT ( 'NONE',  ( -0.01438553187443719600, 0.02540275878612543000, -0.01827365794271892200 ) ) ;
#230 = CARTESIAN_POINT ( 'NONE',  ( -0.004000000000000001000, 0.006749999999999960000, -0.02649999999999996100 ) ) ;
#231 = ORIENTED_EDGE ( 'NONE', *, *, #589, .F. ) ;
#232 = ADVANCED_FACE ( 'NONE', ( #2994 ), #963, .F. ) ;
#233 = EDGE_LOOP ( 'NONE', ( #2402, #766, #104, #1401, #61, #157 ) ) ;
#234 = CARTESIAN_POINT ( 'NONE',  ( -0.02628803549418877800, 0.05618293476631148300, -0.01457696049315113800 ) ) ;
#235 = EDGE_LOOP ( 'NONE', ( #1914, #1068, #256, #147 ) ) ;
#236 = CARTESIAN_POINT ( 'NONE',  ( -0.02029990853959016600, 0.05352697739825263600, -0.01696213085835282200 ) ) ;
#237 = AXIS2_PLACEMENT_3D ( 'NONE', #2985, #2316, #2829 ) ;
#238 = CARTESIAN_POINT ( 'NONE',  ( -0.04187405621914701300, 0.06714534595556935500, -0.005758541782421910900 ) ) ;
#239 = CARTESIAN_POINT ( 'NONE',  ( -0.0001671323484785166200, 0.05604280765383659600, -0.01705411882858625200 ) ) ;
#240 = FACE_OUTER_BOUND ( 'NONE', #309, .T. ) ;
#241 = DIRECTION ( 'NONE',  ( -0.0000000000000000000, -1.000000000000000000, -8.130499981143646400E-016 ) ) ;
#242 = VERTEX_POINT ( 'NONE', #871 ) ;
#243 = EDGE_CURVE ( 'NONE', #3036, #2541, #2148, .T. ) ;
#244 = EDGE_CURVE ( 'NONE', #2147, #2075, #1042, .T. ) ;
#245 = CARTESIAN_POINT ( 'NONE',  ( -0.02581586206366172400, 0.05605524526884762100, -0.01477867246281985800 ) ) ;
#246 = CARTESIAN_POINT ( 'NONE',  ( -0.02500000000000015800, 0.06900000000000000600, -0.02900000000000004300 ) ) ;
#247 = DIRECTION ( 'NONE',  ( 0.0000000000000000000, 0.0000000000000000000, 1.000000000000000000 ) ) ;
#248 = ADVANCED_FACE ( 'NONE', ( #262 ), #3150, .T. ) ;
#249 = UNCERTAINTY_MEASURE_WITH_UNIT (LENGTH_MEASURE( 1.000000000000000100E-005 ), #1877, 'distance_accuracy_value', 'NONE');
#250 = DIRECTION ( 'NONE',  ( -7.468797715707625400E-017, -6.842277657836020900E-049, 1.000000000000000000 ) ) ;
#251 = B_SPLINE_CURVE_WITH_KNOTS ( 'NONE', 3,
 ( #319, #595, #467, #266, #245, #234, #222, #197, #187, #158, #130, #118, #103, #95, #79, #53 ),
 .UNSPECIFIED., .F., .F.,
 ( 4, 3, 3, 3, 3, 4 ),
 ( 6.592742067970989300E-005, 7.522863903592304700E-005, 0.0001144555907024851200, 0.0001543111494244743100, 0.0001923218401854631000, 0.0002082592825923523800 ),
 .UNSPECIFIED. ) ;
#252 = CARTESIAN_POINT ( 'NONE',  ( 0.05000000000000000300, 0.03799999999999999200, 0.09999999999999999200 ) ) ;
#253 = CARTESIAN_POINT ( 'NONE',  ( 0.02900000000000000100, 0.01240228567070359600, -0.01055770500441714100 ) ) ;
#254 = EDGE_CURVE ( 'NONE', #2234, #1248, #2540, .T. ) ;
#255 = ORIENTED_EDGE ( 'NONE', *, *, #2137, .F. ) ;
#256 = ORIENTED_EDGE ( 'NONE', *, *, #1458, .F. ) ;
#257 = CARTESIAN_POINT ( 'NONE',  ( 0.003999999999999847400, 0.06900000000000000600, -0.02500000000000005000 ) ) ;
#258 = CARTESIAN_POINT ( 'NONE',  ( -0.02637711004380996500, 0.06378213899729437400, -0.01305524630962399800 ) ) ;
#259 = CARTESIAN_POINT ( 'NONE',  ( -0.004000000000000007900, 0.01049999999999996900, -0.009032006961455339400 ) ) ;
#260 = ORIENTED_EDGE ( 'NONE', *, *, #1545, .F. ) ;
#261 = EDGE_CURVE ( 'NONE', #988, #298, #251, .T. ) ;
#262 = FACE_OUTER_BOUND ( 'NONE', #2277, .T. ) ;
#263 = EDGE_LOOP ( 'NONE', ( #1033, #1683, #1028, #2563 ) ) ;
#264 = DIMENSIONAL_EXPONENTS ( 1.000000000000000000, 0.0000000000000000000, 0.0000000000000000000, 0.0000000000000000000, 0.0000000000000000000, 0.0000000000000000000, 0.0000000000000000000 ) ;
#265 = EDGE_LOOP ( 'NONE', ( #665, #2378, #3104, #629, #708, #1939, #1157, #1187 ) ) ;
#266 = CARTESIAN_POINT ( 'NONE',  ( -0.02534144794440426600, 0.05601459998227753500, -0.01497453734541899900 ) ) ;
#267 = FACE_OUTER_BOUND ( 'NONE', #2442, .T. ) ;
#268 = EDGE_LOOP ( 'NONE', ( #1768, #120 ) ) ;
#269 = DIRECTION ( 'NONE',  ( 1.000000000000000000, 8.208677865577715400E-017, 0.0000000000000000000 ) ) ;
#270 = CARTESIAN_POINT ( 'NONE',  ( -0.003682095554178658500, 0.05842881079875861900, -0.01606866593703415400 ) ) ;
#271 = FACE_OUTER_BOUND ( 'NONE', #2141, .T. ) ;
#272 = ORIENTED_EDGE ( 'NONE', *, *, #748, .F. ) ;
#273 = CARTESIAN_POINT ( 'NONE',  ( -0.02500000000000015800, 0.06900000000000000600, -0.02500000000000005000 ) ) ;
#274 = FACE_BOUND ( 'NONE', #343, .T. ) ;
#275 = VECTOR ( 'NONE', #1982, 39.37007874015748100 ) ;
#276 = LINE ( 'NONE', #2108, #275 ) ;
#277 = DIRECTION ( 'NONE',  ( 1.000000000000000000, 0.0000000000000000000, 0.0000000000000000000 ) ) ;
#278 = ORIENTED_EDGE ( 'NONE', *, *, #2935, .F. ) ;
#279 = ORIENTED_EDGE ( 'NONE', *, *, #1356, .T. ) ;
#280 = AXIS2_PLACEMENT_3D ( 'NONE', #1823, #336, #2096 ) ;
#281 = CARTESIAN_POINT ( 'NONE',  ( 0.02217526716908873800, 0.06283211659964291200, -0.01380246360354201600 ) ) ;
#282 = LINE ( 'NONE', #1870, #702 ) ;
#283 = CARTESIAN_POINT ( 'NONE',  ( 0.007894895530791132300, 0.04653956316048490200, -0.01999999999829799000 ) ) ;
#284 = DIRECTION ( 'NONE',  ( 8.208677865577715400E-017, -1.000000000000000000, 0.0000000000000000000 ) ) ;
#285 = CARTESIAN_POINT ( 'NONE',  ( -0.02100000000000000500, 0.006749999999999960000, -0.02649999999999996100 ) ) ;
#286 = CARTESIAN_POINT ( 'NONE',  ( 0.02839990144749107000, 0.05789271023650113800, -0.01362070758436615200 ) ) ;
#287 = DIRECTION ( 'NONE',  ( 1.000000000000000000, 0.0000000000000000000, 0.0000000000000000000 ) ) ;
#288 = EDGE_CURVE ( 'NONE', #1779, #2470, #1428, .T. ) ;
#289 = B_SPLINE_CURVE_WITH_KNOTS ( 'NONE', 3,
 ( #2573, #1698, #997, #2997 ),
 .UNSPECIFIED., .F., .F.,
 ( 4, 4 ),
 ( -8.219976928081117200E-006, 0.0007481716037004450500 ),
 .UNSPECIFIED. ) ;
#290 = PRODUCT_RELATED_PRODUCT_CATEGORY ( 'part', '', ( #1465 ) ) ;
#291 = CARTESIAN_POINT ( 'NONE',  ( -0.02900000000000015400, 0.1050000000000000100, -0.02500000000000005000 ) ) ;
#292 = CARTESIAN_POINT ( 'NONE',  ( -0.02900000000000000500, 0.01128175743142181100, -0.009691267240612779600 ) ) ;
#293 = CARTESIAN_POINT ( 'NONE',  ( 0.03433112174718106600, 0.07373882096956965700, -0.005606726504989320600 ) ) ;
#294 = CARTESIAN_POINT ( 'NONE',  ( -0.02100000000000000500, 0.01299999999999996600, -0.02274999999999996500 ) ) ;
#295 = DIRECTION ( 'NONE',  ( 1.000000000000000000, 8.208677865577715400E-017, 0.0000000000000000000 ) ) ;
#296 = CARTESIAN_POINT ( 'NONE',  ( -0.05000000000000000300, 0.03799999999999999200, 0.09999999999999999200 ) ) ;
#297 = B_SPLINE_CURVE_WITH_KNOTS ( 'NONE', 3,
 ( #203, #1463, #531, #1406 ),
 .UNSPECIFIED., .F., .F.,
 ( 4, 4 ),
 ( 1.336089576378018900E-014, 5.388626426017862500E-005 ),
 .UNSPECIFIED. ) ;
#298 = VERTEX_POINT ( 'NONE', #38 ) ;
#299 = DIRECTION ( 'NONE',  ( -1.000000000000000000, 8.167843997065571900E-033, -1.333910153156378400E-016 ) ) ;
#300 = CARTESIAN_POINT ( 'NONE',  ( -0.006499999999999998000, 0.01299999999999996600, 3.414809992080329000E-017 ) ) ;
#301 = AXIS2_PLACEMENT_3D ( 'NONE', #777, #769, #756 ) ;
#302 = EDGE_CURVE ( 'NONE', #2481, #2168, #1803, .T. ) ;
#303 = DIRECTION ( 'NONE',  ( 8.208677865577715400E-017, -1.000000000000000000, 0.0000000000000000000 ) ) ;
#304 = LINE ( 'NONE', #1446, #991 ) ;
#305 = FACE_OUTER_BOUND ( 'NONE', #2330, .T. ) ;
#306 = ORIENTED_EDGE ( 'NONE', *, *, #3031, .T. ) ;
#307 = EDGE_CURVE ( 'NONE', #1888, #1004, #527, .T. ) ;
#308 = EDGE_CURVE ( 'NONE', #2481, #1878, #289, .T. ) ;
#309 = EDGE_LOOP ( 'NONE', ( #453, #1840, #1036, #1276 ) ) ;
#310 = FACE_OUTER_BOUND ( 'NONE', #572, .T. ) ;
#311 = CARTESIAN_POINT ( 'NONE',  ( -1.666273361044660500E-016, 0.05999999999999999800, 0.1599999999999999200 ) ) ;
#312 = CARTESIAN_POINT ( 'NONE',  ( -0.003857878751775458200, 0.05894322588194041100, -0.01583449416558306200 ) ) ;
#313 = AXIS2_PLACEMENT_3D ( 'NONE', #2318, #917, #1443 ) ;
#314 = CARTESIAN_POINT ( 'NONE',  ( -0.04749999999999999400, 0.07009792610312781700, 0.0000000000000000000 ) ) ;
#315 = CARTESIAN_POINT ( 'NONE',  ( 0.05000000000000000300, 0.03799999999999999200, 0.1699999999999999800 ) ) ;
#316 = FACE_BOUND ( 'NONE', #584, .T. ) ;
#317 = VECTOR ( 'NONE', #2906, 39.37007874015748100 ) ;
#318 = AXIS2_PLACEMENT_3D ( 'NONE', #2288, #3087, #2864 ) ;
#319 = CARTESIAN_POINT ( 'NONE',  ( -0.02500000000000048000, 0.05599999999999743400, -0.01511439725815633500 ) ) ;
#320 = CARTESIAN_POINT ( 'NONE',  ( -0.02241487646475142900, 0.06309257925107911200, -0.01365091981488926500 ) ) ;
#321 = CARTESIAN_POINT ( 'NONE',  ( 0.01436357103485528000, 0.05457424287339169400, -0.01827418332810144800 ) ) ;
#322 = CARTESIAN_POINT ( 'NONE',  ( -0.02423324509012734000, 0.05607417691328481200, -0.01542044222483375000 ) ) ;
#323 = ORIENTED_EDGE ( 'NONE', *, *, #97, .T. ) ;
#324 = CARTESIAN_POINT ( 'NONE',  ( -0.05000000000000000300, 0.07999999999999996000, 0.1000000000000000200 ) ) ;
#325 = ORIENTED_EDGE ( 'NONE', *, *, #288, .T. ) ;
#326 = AXIS2_PLACEMENT_3D ( 'NONE', #1549, #3049, #903 ) ;
#327 = FACE_OUTER_BOUND ( 'NONE', #2879, .T. ) ;
#328 = ORIENTED_EDGE ( 'NONE', *, *, #832, .T. ) ;
#329 = DIRECTION ( 'NONE',  ( -0.0000000000000000000, 4.690673066044407900E-017, 1.000000000000000000 ) ) ;
#330 = VERTEX_POINT ( 'NONE', #653 ) ;
#331 = ORIENTED_EDGE ( 'NONE', *, *, #1200, .F. ) ;
#332 = CARTESIAN_POINT ( 'NONE',  ( -0.02406690787048548400, 0.06389109080287573600, -0.01316176308629111300 ) ) ;
#333 = AXIS2_PLACEMENT_3D ( 'NONE', #2131, #1398, #886 ) ;
#334 = VERTEX_POINT ( 'NONE', #18 ) ;
#335 = PLANE ( 'NONE',  #1559 ) ;
#336 = DIRECTION ( 'NONE',  ( 0.0000000000000000000, 0.0000000000000000000, 1.000000000000000000 ) ) ;
#337 = CARTESIAN_POINT ( 'NONE',  ( -0.02499999999997325900, 0.06400000000000000100, -0.01306703615890028900 ) ) ;
#338 = ORIENTED_EDGE ( 'NONE', *, *, #2323, .T. ) ;
#339 = AXIS2_PLACEMENT_3D ( 'NONE', #2676, #2664, #2650 ) ;
#340 = VERTEX_POINT ( 'NONE', #257 ) ;
#341 = DIRECTION ( 'NONE',  ( -0.0000000000000000000, -0.0000000000000000000, -1.000000000000000000 ) ) ;
#342 = ORIENTED_EDGE ( 'NONE', *, *, #550, .F. ) ;
#343 = EDGE_LOOP ( 'NONE', ( #3096, #896 ) ) ;
#344 = PLANE ( 'NONE',  #1737 ) ;
#345 = VECTOR ( 'NONE', #386, 39.37007874015748100 ) ;
#346 = ORIENTED_EDGE ( 'NONE', *, *, #2506, .F. ) ;
#347 = FACE_OUTER_BOUND ( 'NONE', #1399, .T. ) ;
#348 = CARTESIAN_POINT ( 'NONE',  ( 0.0000000000000000000, 0.2402230518298162400, 0.04640625000000003100 ) ) ;
#349 = DIRECTION ( 'NONE',  ( 0.0000000000000000000, 1.000000000000000000, 0.0000000000000000000 ) ) ;
#350 = EDGE_CURVE ( 'NONE', #1910, #2498, #700, .T. ) ;
#351 = ORIENTED_EDGE ( 'NONE', *, *, #1843, .T. ) ;
#352 = CIRCLE ( 'NONE', #1715, 0.005999999999999983600 ) ;
#353 = DIRECTION ( 'NONE',  ( 7.468797715709441000E-017, 1.000000000000000000, -6.123233995736766000E-017 ) ) ;
#354 = CARTESIAN_POINT ( 'NONE',  ( -1.518981370902861600E-016, 0.1050000000000000100, -0.02500000000000005000 ) ) ;
#355 = CARTESIAN_POINT ( 'NONE',  ( 0.02900000000000000100, 0.006749999999999960000, -0.02899999999999996700 ) ) ;
#356 = LINE ( 'NONE', #3093, #621 ) ;
#357 = ORIENTED_EDGE ( 'NONE', *, *, #1141, .F. ) ;
#358 = VERTEX_POINT ( 'NONE', #910 ) ;
#359 = CARTESIAN_POINT ( 'NONE',  ( 0.01690831807207327300, 0.05134562847794675600, -0.01841886097084677700 ) ) ;
#360 = DIRECTION ( 'NONE',  ( 1.000000000000000000, 0.0000000000000000000, 0.0000000000000000000 ) ) ;
#361 = VECTOR ( 'NONE', #544, 39.37007874015748100 ) ;
#362 = CARTESIAN_POINT ( 'NONE',  ( 0.05000000000000000300, 0.0000000000000000000, 0.0000000000000000000 ) ) ;
#363 = CARTESIAN_POINT ( 'NONE',  ( -1.560216433481612500E-016, 0.05999999999999999800, 0.01799999999999995000 ) ) ;
#364 = AXIS2_PLACEMENT_3D ( 'NONE', #2591, #2198, #2209 ) ;
#365 = CARTESIAN_POINT ( 'NONE',  ( -1.560216433481612500E-016, 0.05999999999999999800, 0.01799999999999995000 ) ) ;
#366 = DIRECTION ( 'NONE',  ( -7.468797715707625400E-017, -6.842277657836020900E-049, 1.000000000000000000 ) ) ;
#367 = DIRECTION ( 'NONE',  ( -7.468797715707625400E-017, -6.842277657836020900E-049, 1.000000000000000000 ) ) ;
#368 = DIRECTION ( 'NONE',  ( -1.000000000000000000, 1.333910153156378400E-016, 0.0000000000000000000 ) ) ;
#369 = AXIS2_PLACEMENT_3D ( 'NONE', #1693, #1770, #1602 ) ;
#370 = LINE ( 'NONE', #3127, #1316 ) ;
#371 = CARTESIAN_POINT ( 'NONE',  ( -0.003739808423232766800, 0.05858090417606195300, -0.01600000000000003800 ) ) ;
#372 = LINE ( 'NONE', #2487, #933 ) ;
#373 = EDGE_CURVE ( 'NONE', #1849, #2147, #840, .T. ) ;
#374 = CARTESIAN_POINT ( 'NONE',  ( -0.006499999999999998000, 0.01049999999999996800, 3.414809992080329000E-017 ) ) ;
#375 = CARTESIAN_POINT ( 'NONE',  ( 0.02499999999998935700, 0.06400000000000000100, -0.01306703615889885300 ) ) ;
#376 = CARTESIAN_POINT ( 'NONE',  ( 0.007928158857611755300, 0.03343288389397003300, -0.01999999999774507500 ) ) ;
#377 = LINE ( 'NONE', #2471, #2441 ) ;
#378 = ORIENTED_EDGE ( 'NONE', *, *, #633, .F. ) ;
#379 = EDGE_CURVE ( 'NONE', #1700, #3029, #2628, .T. ) ;
#380 = CARTESIAN_POINT ( 'NONE',  ( 0.03891197793938066400, 0.07749999999999999900, -2.134256245050205600E-018 ) ) ;
#381 = AXIS2_PLACEMENT_3D ( 'NONE', #1294, #793, #1504 ) ;
#382 = EDGE_LOOP ( 'NONE', ( #2656, #106, #2364, #2406 ) ) ;
#383 = ORIENTED_EDGE ( 'NONE', *, *, #591, .T. ) ;
#384 = DIRECTION ( 'NONE',  ( 1.291109934225971900E-016, -1.102880296222247400E-033, -1.000000000000000000 ) ) ;
#385 = ORIENTED_EDGE ( 'NONE', *, *, #3064, .T. ) ;
#386 = DIRECTION ( 'NONE',  ( 1.000000000000000000, -8.167843997065574700E-033, 1.333910153156378700E-016 ) ) ;
#387 = CARTESIAN_POINT ( 'NONE',  ( 0.04104375706014044800, 0.07749999999999999900, 0.0000000000000000000 ) ) ;
#388 =( CONVERSION_BASED_UNIT ( 'INCH', #2576 ) LENGTH_UNIT ( ) NAMED_UNIT ( #808 ) );
#389 = VERTEX_POINT ( 'NONE', #667 ) ;
#390 = CIRCLE ( 'NONE', #339, 0.01300000000000000100 ) ;
#391 = EDGE_CURVE ( 'NONE', #1799, #1783, #813, .T. ) ;
#392 = CARTESIAN_POINT ( 'NONE',  ( -0.02100000000000000500, 0.01299999999999996800, -0.01103887279385856200 ) ) ;
#393 = ORIENTED_EDGE ( 'NONE', *, *, #2526, .F. ) ;
#394 = CARTESIAN_POINT ( 'NONE',  ( 0.04321776053433589600, 0.07696540085214163800, -0.0000000000000000000 ) ) ;
#395 = ORIENTED_EDGE ( 'NONE', *, *, #1957, .F. ) ;
#396 = ORIENTED_EDGE ( 'NONE', *, *, #457, .F. ) ;
#397 = VECTOR ( 'NONE', #2701, 39.37007874015748100 ) ;
#398 = ORIENTED_EDGE ( 'NONE', *, *, #474, .F. ) ;
#399 = VECTOR ( 'NONE', #2049, 39.37007874015748100 ) ;
#400 = FACE_OUTER_BOUND ( 'NONE', #2238, .T. ) ;
#401 = EDGE_LOOP ( 'NONE', ( #98, #1089, #1820 ) ) ;
#402 = AXIS2_PLACEMENT_3D ( 'NONE', #1688, #1855, #2072 ) ;
#403 = CARTESIAN_POINT ( 'NONE',  ( -0.02900000000000000100, 0.01299999999999996600, -0.02274999999999996500 ) ) ;
#404 = ORIENTED_EDGE ( 'NONE', *, *, #2279, .T. ) ;
#405 = B_SPLINE_CURVE_WITH_KNOTS ( 'NONE', 3,
 ( #1745, #2525, #2484, #1445, #2415, #2285, #2051, #2024, #1520, #1776, #1456, #1438, #1318, #1203, #1221, #1048, #1306, #822, #765, #743, #696, #480 ),
 .UNSPECIFIED., .F., .F.,
 ( 4, 3, 3, 3, 3, 3, 3, 4 ),
 ( 2.936270034715000800E-005, 3.238687492139002800E-005, 6.471431531630480900E-005, 9.785704417074496500E-005, 0.0001319431721196784900, 0.0001661541923457988000, 0.0002003560722037179700, 0.0002122371853110046300 ),
 .UNSPECIFIED. ) ;
#406 = CARTESIAN_POINT ( 'NONE',  ( 0.04654190462359342900, 0.07433822931883218900, -2.815785589927482800E-031 ) ) ;
#407 = DIRECTION ( 'NONE',  ( 0.0000000000000000000, 8.130499981143646400E-016, -1.000000000000000000 ) ) ;
#408 =( NAMED_UNIT ( * ) PLANE_ANGLE_UNIT ( ) SI_UNIT ( $, .RADIAN. ) );
#409 = EDGE_CURVE ( 'NONE', #2292, #1850, #841, .T. ) ;
#410 = LINE ( 'NONE', #2820, #397 ) ;
#411 = ORIENTED_EDGE ( 'NONE', *, *, #1366, .T. ) ;
#412 = ORIENTED_EDGE ( 'NONE', *, *, #254, .T. ) ;
#413 =( NAMED_UNIT ( * ) SI_UNIT ( $, .STERADIAN. ) SOLID_ANGLE_UNIT ( ) );
#414 = CIRCLE ( 'NONE', #1537, 0.004000000000000000100 ) ;
#415 = CARTESIAN_POINT ( 'NONE',  ( 0.04750000000001190800, 0.07223643860811175500, 1.115362313663237300E-014 ) ) ;
#416 = CARTESIAN_POINT ( 'NONE',  ( -1.665057463391166300E-016, 0.06599999999999997500, 0.1599999999999999200 ) ) ;
#417 = CARTESIAN_POINT ( 'NONE',  ( -1.526276756823828000E-016, 0.06900000000000000600, -0.02500000000000005000 ) ) ;
#418 = CARTESIAN_POINT ( 'NONE',  ( -0.02900000000000000500, 0.01128175743142181100, -0.009691267240612779600 ) ) ;
#419 = ADVANCED_FACE ( 'NONE', ( #3057 ), #640, .F. ) ;
#420 = PLANE ( 'NONE',  #2381 ) ;
#421 = CARTESIAN_POINT ( 'NONE',  ( 0.05000000000000000300, 0.0000000000000000000, 0.0000000000000000000 ) ) ;
#422 = VERTEX_POINT ( 'NONE', #563 ) ;
#423 = CARTESIAN_POINT ( 'NONE',  ( -0.02367369211326882800, 0.06377887936165453600, -0.01323197971027572000 ) ) ;
#424 = CARTESIAN_POINT ( 'NONE',  ( 0.02648403116496289900, 0.05628548098653158400, -0.01449026987031585100 ) ) ;
#425 = CARTESIAN_POINT ( 'NONE',  ( 0.02900000000000000100, 0.01299999999999996600, -0.02274999999999996500 ) ) ;
#426 = VERTEX_POINT ( 'NONE', #479 ) ;
#427 = EDGE_CURVE ( 'NONE', #2914, #138, #82, .T. ) ;
#428 = PLANE ( 'NONE',  #749 ) ;
#429 = ORIENTED_EDGE ( 'NONE', *, *, #2704, .F. ) ;
#430 = EDGE_CURVE ( 'NONE', #1910, #952, #812, .T. ) ;
#431 = CARTESIAN_POINT ( 'NONE',  ( -0.02119993693828250600, 0.06124880772217127700, -0.01468813585859610700 ) ) ;
#432 = ORIENTED_EDGE ( 'NONE', *, *, #759, .F. ) ;
#433 = DIRECTION ( 'NONE',  ( -1.000000000000000000, -0.0000000000000000000, -0.0000000000000000000 ) ) ;
#434 = DIRECTION ( 'NONE',  ( 1.000000000000000000, 0.0000000000000000000, 0.0000000000000000000 ) ) ;
#435 = CARTESIAN_POINT ( 'NONE',  ( -0.02423324509012734000, 0.05607417691328481200, -0.01542044222483375000 ) ) ;
#436 = CARTESIAN_POINT ( 'NONE',  ( 0.004000000000000000100, 0.01049999999999996600, -0.02274999999999996500 ) ) ;
#437 = ADVANCED_FACE ( 'NONE', ( #2793 ), #335, .T. ) ;
#438 = DIRECTION ( 'NONE',  ( -0.0000000000000000000, 4.690673066044407900E-017, 1.000000000000000000 ) ) ;
#439 = ORIENTED_EDGE ( 'NONE', *, *, #847, .F. ) ;
#440 = CARTESIAN_POINT ( 'NONE',  ( -0.02900000000000000100, -0.02500000000000004000, -0.02649999999999996100 ) ) ;
#441 = CARTESIAN_POINT ( 'NONE',  ( -6.724703003814316200E-014, 0.05604280765369853300, -0.01705411882863038300 ) ) ;
#442 = AXIS2_PLACEMENT_3D ( 'NONE', #1126, #1226, #1605 ) ;
#443 = CARTESIAN_POINT ( 'NONE',  ( -0.003129456537864950600, 0.06252818735481677200, -0.01398058416538932800 ) ) ;
#444 = ORIENTED_EDGE ( 'NONE', *, *, #6, .F. ) ;
#445 = ORIENTED_EDGE ( 'NONE', *, *, #2597, .F. ) ;
#446 = CIRCLE ( 'NONE', #543, 0.01100000000000000300 ) ;
#447 = EDGE_LOOP ( 'NONE', ( #2575, #2418, #510 ) ) ;
#448 = LINE ( 'NONE', #1225, #399 ) ;
#449 = CARTESIAN_POINT ( 'NONE',  ( -0.02500000000000016800, 0.06599999999999997500, 0.1599999999999999200 ) ) ;
#450 = EDGE_CURVE ( 'NONE', #820, #298, #1314, .T. ) ;
#451 = EDGE_LOOP ( 'NONE', ( #1063, #3102 ) ) ;
#452 = FACE_OUTER_BOUND ( 'NONE', #570, .T. ) ;
#453 = ORIENTED_EDGE ( 'NONE', *, *, #1018, .T. ) ;
#454 = CIRCLE ( 'NONE', #1907, 0.01100000000000000300 ) ;
#455 = ORIENTED_EDGE ( 'NONE', *, *, #3045, .F. ) ;
#456 = ADVANCED_FACE ( 'NONE', ( #121 ), #694, .F. ) ;
#457 = EDGE_CURVE ( 'NONE', #3106, #1027, #1950, .T. ) ;
#459 = ORIENTED_EDGE ( 'NONE', *, *, #2740, .T. ) ;
#458 = CARTESIAN_POINT ( 'NONE',  ( -0.02900000000000000100, 0.01049999999999996800, -0.02274999999999996500 ) ) ;
#460 = DIRECTION ( 'NONE',  ( 7.468797715709441000E-017, 1.000000000000000000, -6.123233995736766000E-017 ) ) ;
#461 = LINE ( 'NONE', #1390, #1753 ) ;
#462 = CARTESIAN_POINT ( 'NONE',  ( 0.02499999999999984500, 0.05999999999999999800, 0.01799999999999995000 ) ) ;
#463 = CARTESIAN_POINT ( 'NONE',  ( -0.004000000000000001000, -0.02500000000000004000, -0.02649999999999996100 ) ) ;
#464 = VERTEX_POINT ( 'NONE', #99 ) ;
#465 = CARTESIAN_POINT ( 'NONE',  ( -0.02386308434902534000, 0.06383502578903521600, -0.01319708700864274600 ) ) ;
#466 = CARTESIAN_POINT ( 'NONE',  ( -0.02862789021152138300, 0.06168475891840596900, -0.01321320214533306400 ) ) ;
#467 = CARTESIAN_POINT ( 'NONE',  ( -0.02522802804581060800, 0.05600488276667631200, -0.01502136347099305100 ) ) ;
#468 = ORIENTED_EDGE ( 'NONE', *, *, #2901, .F. ) ;
#469 = ORIENTED_EDGE ( 'NONE', *, *, #1654, .T. ) ;
#470 = CARTESIAN_POINT ( 'NONE',  ( -0.003785073029965978000, 0.05870019207380614700, -0.01594614482618442200 ) ) ;
#471 = ADVANCED_FACE ( 'NONE', ( #2960 ), #2073, .T. ) ;
#472 = ORIENTED_EDGE ( 'NONE', *, *, #1175, .F. ) ;
#473 = VERTEX_POINT ( 'NONE', #68 ) ;
#474 = EDGE_CURVE ( 'NONE', #1879, #1122, #1490, .T. ) ;
#475 = CARTESIAN_POINT ( 'NONE',  ( 0.02119993693785442200, 0.06124880772141933600, -0.01468813585901806500 ) ) ;
#476 = AXIS2_PLACEMENT_3D ( 'NONE', #2615, #126, #3062 ) ;
#477 = DIRECTION ( 'NONE',  ( 2.026496089157261300E-017, 1.000000000000000000, 0.0000000000000000000 ) ) ;
#478 = DIRECTION ( 'NONE',  ( 4.726380611875883600E-016, 1.000000000000000000, -4.442797775163331400E-014 ) ) ;
#479 = CARTESIAN_POINT ( 'NONE',  ( 0.02899999999999984900, 0.06900000000000000600, -0.02500000000000005000 ) ) ;
#480 = CARTESIAN_POINT ( 'NONE',  ( 0.02888875119280858200, 0.05906318936789303800, -0.01338697782374690200 ) ) ;
#481 = VECTOR ( 'NONE', #2816, 39.37007874015748100 ) ;
#482 = ORIENTED_EDGE ( 'NONE', *, *, #927, .F. ) ;
#483 = FACE_OUTER_BOUND ( 'NONE', #853, .T. ) ;
#484 = ORIENTED_EDGE ( 'NONE', *, *, #1064, .F. ) ;
#485 = ADVANCED_FACE ( 'NONE', ( #736 ), #3103, .F. ) ;
#486 = ORIENTED_EDGE ( 'NONE', *, *, #1742, .F. ) ;
#487 = CARTESIAN_POINT ( 'NONE',  ( 0.02126239155913442100, 0.06143885419105256400, -0.01458678504622136800 ) ) ;
#488 = DIRECTION ( 'NONE',  ( -1.000000000000000000, 8.167843997065571900E-033, -1.333910153156378400E-016 ) ) ;
#489 = VECTOR ( 'NONE', #725, 39.37007874015748100 ) ;
#490 = CIRCLE ( 'NONE', #442, 0.01100000000000000300 ) ;
#491 = EDGE_LOOP ( 'NONE', ( #328, #2781 ) ) ;
#492 = CARTESIAN_POINT ( 'NONE',  ( -1.526276756823828000E-016, 0.06900000000000000600, -0.02500000000000005000 ) ) ;
#493 = CARTESIAN_POINT ( 'NONE',  ( -0.003974196710432561900, 0.06045360831869381300, -0.01510212578452412500 ) ) ;
#494 = DIRECTION ( 'NONE',  ( -1.000000000000000000, 4.268512490100410900E-016, -2.002219656938814700E-032 ) ) ;
#495 = VECTOR ( 'NONE', #617, 39.37007874015748100 ) ;
#496 = EDGE_CURVE ( 'NONE', #358, #1748, #3141, .T. ) ;
#497 = EDGE_CURVE ( 'NONE', #174, #1668, #2919, .T. ) ;
#498 = LINE ( 'NONE', #603, #495 ) ;
#499 = CARTESIAN_POINT ( 'NONE',  ( -0.04321776053433665900, 0.003034599147858556400, -0.0000000000000000000 ) ) ;
#500 = ORIENTED_EDGE ( 'NONE', *, *, #1597, .F. ) ;
#501 = DIRECTION ( 'NONE',  ( 0.0000000000000000000, 1.000000000000000000, 0.0000000000000000000 ) ) ;
#502 = EDGE_CURVE ( 'NONE', #2481, #1700, #1054, .T. ) ;
#503 = FACE_OUTER_BOUND ( 'NONE', #1734, .T. ) ;
#504 = CARTESIAN_POINT ( 'NONE',  ( -0.02500000000000016800, 0.05999999999999999800, 0.1599999999999999200 ) ) ;
#505 = DIRECTION ( 'NONE',  ( 1.000000000000000000, -4.268512490100410900E-016, 2.002219656938814700E-032 ) ) ;
#506 = CARTESIAN_POINT ( 'NONE',  ( 0.02100293478932158100, 0.05958455312558258400, -0.01548044730818923800 ) ) ;
#507 = ADVANCED_FACE ( 'NONE', ( #3144 ), #828, .T. ) ;
#508 = DIRECTION ( 'NONE',  ( -7.468797715707625400E-017, -6.842277657836020900E-049, 1.000000000000000000 ) ) ;
#509 = AXIS2_PLACEMENT_3D ( 'NONE', #2388, #2343, #2427 ) ;
#510 = ORIENTED_EDGE ( 'NONE', *, *, #512, .T. ) ;
#511 = CARTESIAN_POINT ( 'NONE',  ( 0.02133938522536038900, 0.06162492617210865700, -0.01448579249252141700 ) ) ;
#512 = EDGE_CURVE ( 'NONE', #1321, #1483, #3094, .T. ) ;
#513 = AXIS2_PLACEMENT_3D ( 'NONE', #1026, #796, #32 ) ;
#514 = EDGE_CURVE ( 'NONE', #2400, #945, #3098, .T. ) ;
#515 = CARTESIAN_POINT ( 'NONE',  ( 0.02100000000000000500, 0.01299999999999996600, -0.02274999999999996500 ) ) ;
#516 = ORIENTED_EDGE ( 'NONE', *, *, #1474, .T. ) ;
#517 = CARTESIAN_POINT ( 'NONE',  ( -0.02500000000000016100, 0.05999999999999999800, 0.01799999999999995000 ) ) ;
#518 = AXIS2_PLACEMENT_3D ( 'NONE', #1533, #2210, #2000 ) ;
#519 = DIRECTION ( 'NONE',  ( 7.468797715709439800E-017, 1.000000000000000000, -6.123233995736766000E-017 ) ) ;
#520 = VERTEX_POINT ( 'NONE', #2622 ) ;
#521 = EDGE_LOOP ( 'NONE', ( #1274, #1704, #1387, #1828 ) ) ;
#522 = ADVANCED_FACE ( 'NONE', ( #2950 ), #2881, .T. ) ;
#523 = CARTESIAN_POINT ( 'NONE',  ( 0.02143015615719807300, 0.06180449852812637500, -0.01438677413826531600 ) ) ;
#524 = ORIENTED_EDGE ( 'NONE', *, *, #2642, .T. ) ;
#525 = CYLINDRICAL_SURFACE ( 'NONE', #1067, 0.006249999999999999500 ) ;
#526 = DIRECTION ( 'NONE',  ( 0.0000000000000000000, 0.0000000000000000000, 1.000000000000000000 ) ) ;
#527 = LINE ( 'NONE', #416, #150 ) ;
#528 = FACE_OUTER_BOUND ( 'NONE', #2018, .T. ) ;
#529 = ORIENTED_EDGE ( 'NONE', *, *, #976, .F. ) ;
#530 = CARTESIAN_POINT ( 'NONE',  ( -0.004000000000000000100, -0.02500000000000004000, -0.02899999999999996700 ) ) ;
#531 = CARTESIAN_POINT ( 'NONE',  ( -0.02900000000000000100, 0.01240228567070376200, -0.01055770500441647600 ) ) ;
#532 = CARTESIAN_POINT ( 'NONE',  ( 0.03600000000000000400, 0.01999999999999996600, 0.1699999999999999800 ) ) ;
#533 = FACE_OUTER_BOUND ( 'NONE', #1956, .T. ) ;
#534 = LINE ( 'NONE', #2837, #2921 ) ;
#535 = ORIENTED_EDGE ( 'NONE', *, *, #1149, .T. ) ;
#536 = EDGE_LOOP ( 'NONE', ( #655, #1078, #3092, #2265, #704, #411 ) ) ;
#537 = VECTOR ( 'NONE', #3017, 39.37007874015748100 ) ;
#538 = CARTESIAN_POINT ( 'NONE',  ( 0.02161869085289863000, 0.06217747717682605600, -0.01418110923089357400 ) ) ;
#539 = CIRCLE ( 'NONE', #2579, 0.004000000000000000100 ) ;
#540 = CARTESIAN_POINT ( 'NONE',  ( -1.534822521248206600E-016, 0.05999999999999999800, -0.01600000000000003800 ) ) ;
#541 = VECTOR ( 'NONE', #1263, 39.37007874015748100 ) ;
#542 = ORIENTED_EDGE ( 'NONE', *, *, #1356, .F. ) ;
#543 = AXIS2_PLACEMENT_3D ( 'NONE', #2618, #2479, #2397 ) ;
#544 = DIRECTION ( 'NONE',  ( 0.0000000000000000000, -6.123233995736766000E-017, 1.000000000000000000 ) ) ;
#545 = ORIENTED_EDGE ( 'NONE', *, *, #2717, .T. ) ;
#546 = DIRECTION ( 'NONE',  ( 8.208677865577715400E-017, -1.000000000000000000, 0.0000000000000000000 ) ) ;
#547 = ADVANCED_FACE ( 'NONE', ( #3059 ), #2060, .T. ) ;
#548 = FACE_OUTER_BOUND ( 'NONE', #1573, .T. ) ;
#549 = CARTESIAN_POINT ( 'NONE',  ( -0.02500000000000016800, 0.05999999999999999800, 0.1599999999999999200 ) ) ;
#550 = EDGE_CURVE ( 'NONE', #2398, #1836, #2847, .T. ) ;
#551 = CARTESIAN_POINT ( 'NONE',  ( 0.02187054346213505500, 0.06252818735481678600, -0.01398058416538932800 ) ) ;
#552 = CARTESIAN_POINT ( 'NONE',  ( -0.02500000000000016800, 0.06900000000000004700, 0.1599999999999999800 ) ) ;
#553 = CARTESIAN_POINT ( 'NONE',  ( -1.621808675711515000E-016, 0.05400000000000001300, 0.1599999999999999200 ) ) ;
#554 = ORIENTED_EDGE ( 'NONE', *, *, #1018, .F. ) ;
#555 = DIRECTION ( 'NONE',  ( -0.0000000000000000000, -0.0000000000000000000, 1.000000000000000000 ) ) ;
#556 = DIRECTION ( 'NONE',  ( -1.000000000000000000, -0.0000000000000000000, -0.0000000000000000000 ) ) ;
#557 = DIRECTION ( 'NONE',  ( 0.0000000000000000000, 1.000000000000000000, 0.0000000000000000000 ) ) ;
#558 = VERTEX_POINT ( 'NONE', #2390 ) ;
#559 = CARTESIAN_POINT ( 'NONE',  ( 0.02100000000000000500, -0.02500000000000004000, -0.02899999999999996700 ) ) ;
#560 = CARTESIAN_POINT ( 'NONE',  ( -5.604851780027442100E-015, 0.06400000000001313000, -0.01309406913673233500 ) ) ;
#561 = AXIS2_PLACEMENT_3D ( 'NONE', #2269, #2116, #2694 ) ;
#562 = CARTESIAN_POINT ( 'NONE',  ( 0.004000000000000003600, 0.01299999999999996800, -0.01103887279385856200 ) ) ;
#563 = CARTESIAN_POINT ( 'NONE',  ( -6.724703003814316200E-014, 0.05604280765369853300, -0.01705411882863038300 ) ) ;
#564 = DIRECTION ( 'NONE',  ( -7.468797715707625400E-017, -6.842277657836020900E-049, 1.000000000000000000 ) ) ;
#565 = EDGE_LOOP ( 'NONE', ( #2530, #2056, #1204, #2358, #1171, #1904, #1309, #2365, #1231 ) ) ;
#566 = VERTEX_POINT ( 'NONE', #2634 ) ;
#567 = LINE ( 'NONE', #920, #481 ) ;
#568 = CARTESIAN_POINT ( 'NONE',  ( 0.02717315382588108100, 0.01299999999999996600, -0.01103887279385856400 ) ) ;
#569 = EDGE_LOOP ( 'NONE', ( #223, #2545, #1394, #1086, #2574, #979 ) ) ;
#570 = EDGE_LOOP ( 'NONE', ( #776, #1808, #973, #1837 ) ) ;
#571 = VECTOR ( 'NONE', #3081, 39.37007874015748100 ) ;
#572 = EDGE_LOOP ( 'NONE', ( #1191, #1552, #1052, #529 ) ) ;
#573 = EDGE_CURVE ( 'NONE', #1004, #1213, #3142, .T. ) ;
#574 = FACE_OUTER_BOUND ( 'NONE', #1201, .T. ) ;
#575 = ORIENTED_EDGE ( 'NONE', *, *, #1880, .F. ) ;
#576 = ORIENTED_EDGE ( 'NONE', *, *, #1880, .T. ) ;
#577 = ORIENTED_EDGE ( 'NONE', *, *, #3069, .T. ) ;
#578 = CARTESIAN_POINT ( 'NONE',  ( -0.02500000000000016100, 0.05400000000000003400, 0.01799999999999995000 ) ) ;
#579 = VECTOR ( 'NONE', #433, 39.37007874015748100 ) ;
#580 = ORIENTED_EDGE ( 'NONE', *, *, #966, .T. ) ;
#581 = CARTESIAN_POINT ( 'NONE',  ( 0.05000000000000000300, 0.03799999999999999200, 0.1699999999999999800 ) ) ;
#582 = ORIENTED_EDGE ( 'NONE', *, *, #2287, .F. ) ;
#583 = CYLINDRICAL_SURFACE ( 'NONE', #2738, 0.009000000000000035700 ) ;
#584 = EDGE_LOOP ( 'NONE', ( #2275, #1596 ) ) ;
#585 = DIRECTION ( 'NONE',  ( -0.0000000000000000000, 4.690673066044407900E-017, 1.000000000000000000 ) ) ;
#586 =( BOUNDED_SURFACE ( )  B_SPLINE_SURFACE ( 3, 2, ( 
 ( #1323, #1375, #1296 ),
 ( #1270, #1250, #1234 ),
 ( #1222, #1188, #1129 ),
 ( #1118, #1101, #1073 ) ),
 .UNSPECIFIED., .F., .F., .T. ) 
 B_SPLINE_SURFACE_WITH_KNOTS ( ( 4, 4 ),
 ( 3, 3 ),
 ( 0.0007684266438449770100, 0.001381081362555521800 ),
 ( 0.0000000000000000000, 1.000000000000000000 ),
 .UNSPECIFIED. ) 
 GEOMETRIC_REPRESENTATION_ITEM ( )  RATIONAL_B_SPLINE_SURFACE ( (
 ( 1.000000000000000000, 0.9411874651316175500, 1.000000000000000000),
 ( 1.000000000000000000, 0.9103667032692019900, 1.000000000000000000),
 ( 1.000000000000000000, 0.8675631141492965400, 1.000000000000000000),
 ( 1.000000000000000000, 0.8200169812832677200, 1.000000000000000000) ) ) 
 REPRESENTATION_ITEM ( '' )  SURFACE ( )  );
#587 = EDGE_CURVE ( 'NONE', #2515, #2755, #2918, .T. ) ;
#588 = CARTESIAN_POINT ( 'NONE',  ( 0.02310450271830313100, 0.06352236994863974500, -0.01338963208955437300 ) ) ;
#589 = EDGE_CURVE ( 'NONE', #1850, #716, #2818, .T. ) ;
#590 = DIRECTION ( 'NONE',  ( -0.0000000000000000000, 1.000000000000000000, -0.0000000000000000000 ) ) ;
#591 = EDGE_CURVE ( 'NONE', #2470, #1779, #2789, .T. ) ;
#592 = DIRECTION ( 'NONE',  ( 0.0000000000000000000, -1.000000000000000000, 0.0000000000000000000 ) ) ;
#593 = EDGE_CURVE ( 'NONE', #1523, #1246, #2760, .T. ) ;
#594 = EDGE_LOOP ( 'NONE', ( #3134, #2026, #1245, #439 ) ) ;
#595 = CARTESIAN_POINT ( 'NONE',  ( -0.02511403422675722100, 0.05600000000000000800, -0.01506805743899013500 ) ) ;
#596 = DIRECTION ( 'NONE',  ( -7.468797715707625400E-017, -5.131708243377015600E-049, 1.000000000000000000 ) ) ;
#597 = CARTESIAN_POINT ( 'NONE',  ( -0.04749999999999999400, 0.009902073896872155500, 0.0000000000000000000 ) ) ;
#598 = ORIENTED_EDGE ( 'NONE', *, *, #797, .T. ) ;
#599 = CARTESIAN_POINT ( 'NONE',  ( 0.02386308434902636000, 0.06383502578903617300, -0.01319708700864215300 ) ) ;
#600 = ORIENTED_EDGE ( 'NONE', *, *, #2132, .T. ) ;
#601 = CARTESIAN_POINT ( 'NONE',  ( -0.02124382245142520200, 0.06137685093042746800, -0.01461965117455022200 ) ) ;
#602 = VERTEX_POINT ( 'NONE', #2523 ) ;
#603 = CARTESIAN_POINT ( 'NONE',  ( 0.004000000000000000100, -0.02500000000000004000, -0.02899999999999996700 ) ) ;
#604 = ORIENTED_EDGE ( 'NONE', *, *, #2619, .F. ) ;
#605 = CARTESIAN_POINT ( 'NONE',  ( -1.526276756823828000E-016, 0.06900000000000000600, -0.02500000000000005000 ) ) ;
#606 = CIRCLE ( 'NONE', #3026, 0.01100000000000000300 ) ;
#607 = ORIENTED_EDGE ( 'NONE', *, *, #62, .T. ) ;
#608 = DIRECTION ( 'NONE',  ( 1.000000000000000000, 0.0000000000000000000, 1.333910153156378400E-016 ) ) ;
#609 = CARTESIAN_POINT ( 'NONE',  ( -0.004000000000000007000, 0.01299999999999996800, -0.01103887279385856200 ) ) ;
#610 = EDGE_CURVE ( 'NONE', #1331, #1368, #2813, .T. ) ;
#611 = VECTOR ( 'NONE', #2032, 39.37007874015748100 ) ;
#612 = ORIENTED_EDGE ( 'NONE', *, *, #244, .F. ) ;
#613 = EDGE_LOOP ( 'NONE', ( #378, #2404, #3072, #1744, #681, #1831, #771 ) ) ;
#614 = CIRCLE ( 'NONE', #2552, 0.003999999999999999200 ) ;
#615 = ORIENTED_EDGE ( 'NONE', *, *, #3001, .F. ) ;
#616 = ORIENTED_EDGE ( 'NONE', *, *, #2011, .T. ) ;
#617 = DIRECTION ( 'NONE',  ( 0.0000000000000000000, -6.123233995736766000E-017, 1.000000000000000000 ) ) ;
#618 = CARTESIAN_POINT ( 'NONE',  ( -0.02119993693828250600, 0.06124880772217127700, -0.01468813585859610700 ) ) ;
#619 = CARTESIAN_POINT ( 'NONE',  ( 0.004000000000000003600, 0.01049999999999996600, -0.009032006961455339400 ) ) ;
#620 = FACE_OUTER_BOUND ( 'NONE', #1281, .T. ) ;
#621 = VECTOR ( 'NONE', #3048, 39.37007874015748100 ) ;
#622 = CARTESIAN_POINT ( 'NONE',  ( -0.02100000000000000500, -0.02500000000000004000, -0.02899999999999996700 ) ) ;
#623 = CARTESIAN_POINT ( 'NONE',  ( -0.02100000000000000500, 0.006749999999999960000, -0.02899999999999996700 ) ) ;
#624 = CARTESIAN_POINT ( 'NONE',  ( -0.02881564886381747500, 0.06128044719798612200, -0.01323390916104466600 ) ) ;
#625 = CIRCLE ( 'NONE', #1583, 0.004000000000000000100 ) ;
#626 = ORIENTED_EDGE ( 'NONE', *, *, #1072, .T. ) ;
#627 = B_SPLINE_CURVE_WITH_KNOTS ( 'NONE', 3,
 ( #441, #239, #1905, #3024, #1448, #189, #50, #1940, #923, #2791, #2483, #2940, #2266, #1104, #270, #371 ),
 .UNSPECIFIED., .F., .F.,
 ( 4, 3, 3, 3, 3, 4 ),
 ( 0.0001258464894883287100, 0.0001385080583429167600, 0.0001712678444567866000, 0.0002041463623451417300, 0.0002376402012212499600, 0.0002509362258273027600 ),
 .UNSPECIFIED. ) ;
#628 = CIRCLE ( 'NONE', #1500, 0.005999999999999983600 ) ;
#629 = ORIENTED_EDGE ( 'NONE', *, *, #1706, .T. ) ;
#630 = EDGE_CURVE ( 'NONE', #2414, #1128, #2722, .T. ) ;
#631 = B_SPLINE_CURVE_WITH_KNOTS ( 'NONE', 3,
 ( #568, #2535, #1542, #2775 ),
 .UNSPECIFIED., .F., .F.,
 ( 4, 4 ),
 ( 0.0000000000000000000, 4.647593801875237200E-005 ),
 .UNSPECIFIED. ) ;
#632 = DIRECTION ( 'NONE',  ( 1.000000000000000000, -7.468797715709439800E-017, 7.468797715707625400E-017 ) ) ;
#633 = EDGE_CURVE ( 'NONE', #859, #2849, #2681, .T. ) ;
#634 = DIRECTION ( 'NONE',  ( -1.000000000000000000, -0.0000000000000000000, -0.0000000000000000000 ) ) ;
#635 = DIRECTION ( 'NONE',  ( -2.026496089157345700E-017, -1.000000000000000000, -1.513548936158882000E-033 ) ) ;
#636 = CARTESIAN_POINT ( 'NONE',  ( -0.02899999999999999500, 0.03999999999999998000, 0.02515625000000004300 ) ) ;
#637 = CARTESIAN_POINT ( 'NONE',  ( 0.02359785092373542200, 0.06375639580087937000, -0.01324595232106826100 ) ) ;
#638 = DIRECTION ( 'NONE',  ( 7.468797715709439800E-017, 1.000000000000000000, -6.123233995736766000E-017 ) ) ;
#639 = CARTESIAN_POINT ( 'NONE',  ( -0.02119993693828250600, 0.06124880772217127700, -0.01468813585859610700 ) ) ;
#640 = PLANE ( 'NONE',  #2367 ) ;
#641 = DIRECTION ( 'NONE',  ( 2.026496089157261300E-017, 1.000000000000000000, 0.0000000000000000000 ) ) ;
#642 = CIRCLE ( 'NONE', #2071, 0.003749999999999998600 ) ;
#643 = CARTESIAN_POINT ( 'NONE',  ( -0.02100000000000000500, 0.006749999999999960000, -0.02649999999999996100 ) ) ;
#644 = EDGE_CURVE ( 'NONE', #2380, #2299, #2688, .T. ) ;
#645 = ORIENTED_EDGE ( 'NONE', *, *, #2878, .T. ) ;
#646 = CARTESIAN_POINT ( 'NONE',  ( -0.02500000000000015800, 0.1050000000000000100, -0.02500000000000005000 ) ) ;
#647 = VERTEX_POINT ( 'NONE', #3123 ) ;
#648 = AXIS2_PLACEMENT_3D ( 'NONE', #3058, #1710, #9 ) ;
#649 = CARTESIAN_POINT ( 'NONE',  ( -0.03250907250101722800, 0.008003447481476137100, -0.006989574040826717100 ) ) ;
#650 = VECTOR ( 'NONE', #2558, 39.37007874015748100 ) ;
#651 = LINE ( 'NONE', #982, #650 ) ;
#652 = ORIENTED_EDGE ( 'NONE', *, *, #768, .F. ) ;
#653 = CARTESIAN_POINT ( 'NONE',  ( -0.02100000000000000500, -0.02500000000000004000, -0.02649999999999996100 ) ) ;
#654 = EDGE_CURVE ( 'NONE', #1122, #2544, #2677, .T. ) ;
#655 = ORIENTED_EDGE ( 'NONE', *, *, #2444, .T. ) ;
#656 = VECTOR ( 'NONE', #488, 39.37007874015748100 ) ;
#657 = VECTOR ( 'NONE', #1328, 39.37007874015748100 ) ;
#658 = LINE ( 'NONE', #2926, #317 ) ;
#659 = CARTESIAN_POINT ( 'NONE',  ( 0.05000000000000000300, 0.07999999999999996000, 0.1000000000000000200 ) ) ;
#660 = B_SPLINE_CURVE_WITH_KNOTS ( 'NONE', 3,
 ( #1876, #1610, #2715, #1461, #1177, #624, #466, #2260, #1096, #2787, #845, #1989, #2100, #258, #2644, #1760, #972, #899, #337 ),
 .UNSPECIFIED., .F., .F.,
 ( 4, 3, 3, 3, 3, 3, 4 ),
 ( 3.692993896715957400E-014, 3.401662809389183900E-005, 6.801575939803729700E-005, 0.0001021917022382023900, 0.0001363822630145102300, 0.0001705894041211040300, 0.0001829854829930941800 ),
 .UNSPECIFIED. ) ;
#661 = DIRECTION ( 'NONE',  ( 1.000000000000000000, 0.0000000000000000000, 0.0000000000000000000 ) ) ;
#662 = CIRCLE ( 'NONE', #318, 0.01100000000000000100 ) ;
#663 = CARTESIAN_POINT ( 'NONE',  ( 0.02900000000000000100, 0.006749999999999960000, -0.02649999999999996100 ) ) ;
#664 =( NAMED_UNIT ( * ) SI_UNIT ( $, .STERADIAN. ) SOLID_ANGLE_UNIT ( ) );
#665 = ORIENTED_EDGE ( 'NONE', *, *, #243, .F. ) ;
#666 = DIRECTION ( 'NONE',  ( 2.026496089157345700E-017, 1.000000000000000000, 1.513548936158882500E-033 ) ) ;
#667 = CARTESIAN_POINT ( 'NONE',  ( -0.02100000000000000500, 0.006749999999999960000, -0.02899999999999996700 ) ) ;
#668 = AXIS2_PLACEMENT_3D ( 'NONE', #1170, #878, #608 ) ;
#669 = EDGE_CURVE ( 'NONE', #194, #1991, #2606, .T. ) ;
#670 = ORIENTED_EDGE ( 'NONE', *, *, #45, .F. ) ;
#671 = B_SPLINE_CURVE_WITH_KNOTS ( 'NONE', 3,
 ( #1347, #1341, #1427, #2814, #1538, #1546, #1571, #1895, #2044, #2081 ),
 .UNSPECIFIED., .F., .F.,
 ( 4, 2, 2, 2, 4 ),
 ( 7.417311932437766400E-020, 0.0003866920379740380900, 0.0007733840759480758500, 0.001160076113922113600, 0.001546768151896151500 ),
 .UNSPECIFIED. ) ;
#672 = CARTESIAN_POINT ( 'NONE',  ( 0.02900000000000000100, 0.01049999999999996800, 3.414809992080329000E-017 ) ) ;
#673 = VERTEX_POINT ( 'NONE', #2589 ) ;
#674 = CARTESIAN_POINT ( 'NONE',  ( 0.02100000000000000500, 0.01299999999999996600, -0.02274999999999996500 ) ) ;
#675 = DIRECTION ( 'NONE',  ( -0.0000000000000000000, 0.0000000000000000000, -1.000000000000000000 ) ) ;
#676 = CARTESIAN_POINT ( 'NONE',  ( -0.05000000000000000300, 0.0000000000000000000, 0.1699999999999999600 ) ) ;
#677 = DIRECTION ( 'NONE',  ( -0.0000000000000000000, 4.690673066044407900E-017, 1.000000000000000000 ) ) ;
#678 = ADVANCED_FACE ( 'NONE', ( #2565 ), #2500, .T. ) ;
#679 = EDGE_CURVE ( 'NONE', #2849, #2544, #2502, .T. ) ;
#680 = CARTESIAN_POINT ( 'NONE',  ( 0.05000000000000000300, 0.03799999999999999200, 0.09999999999999999200 ) ) ;
#681 = ORIENTED_EDGE ( 'NONE', *, *, #254, .F. ) ;
#682 = DIRECTION ( 'NONE',  ( 0.0000000000000000000, 0.0000000000000000000, 1.000000000000000000 ) ) ;
#683 = VERTEX_POINT ( 'NONE', #1966 ) ;
#684 = CARTESIAN_POINT ( 'NONE',  ( 0.02340711239580371000, 0.05924483104675834500, -0.01576498180109607900 ) ) ;
#685 = AXIS2_PLACEMENT_3D ( 'NONE', #504, #366, #932 ) ;
#686 = CARTESIAN_POINT ( 'NONE',  ( -0.004092414421749831200, 0.04274432156824201100, -0.01999999999999999000 ) ) ;
#687 = EDGE_LOOP ( 'NONE', ( #730, #2025, #2903, #1681, #2220, #1133 ) ) ;
#688 = VERTEX_POINT ( 'NONE', #1444 ) ;
#689 = CARTESIAN_POINT ( 'NONE',  ( -0.001895497281696884000, 0.06352236994863973100, -0.01338963208955438000 ) ) ;
#690 = ORIENTED_EDGE ( 'NONE', *, *, #1489, .F. ) ;
#691 = EDGE_CURVE ( 'NONE', #763, #208, #2646, .T. ) ;
#692 = CARTESIAN_POINT ( 'NONE',  ( -0.02386308434902534000, 0.06383502578903521600, -0.01319708700864274600 ) ) ;
#693 = CARTESIAN_POINT ( 'NONE',  ( 0.02114868202591194100, 0.05886485735622381400, -0.01573281417640610300 ) ) ;
#694 = CYLINDRICAL_SURFACE ( 'NONE', #1473, 0.005999999999999975000 ) ;
#695 = ORIENTED_EDGE ( 'NONE', *, *, #1545, .T. ) ;
#696 = CARTESIAN_POINT ( 'NONE',  ( 0.02892548965746353700, 0.05921569270565683200, -0.01336922784765007400 ) ) ;
#697 = VECTOR ( 'NONE', #590, 39.37007874015748100 ) ;
#698 = CYLINDRICAL_SURFACE ( 'NONE', #175, 0.005999999999999975000 ) ;
#699 = CARTESIAN_POINT ( 'NONE',  ( -0.02288077143156371600, 0.01706305802754825400, -0.01406973878567498000 ) ) ;
#700 = LINE ( 'NONE', #809, #1158 ) ;
#701 = ORIENTED_EDGE ( 'NONE', *, *, #831, .T. ) ;
#702 = VECTOR ( 'NONE', #2157, 39.37007874015748100 ) ;
#703 = ADVANCED_FACE ( 'NONE', ( #2496 ), #2461, .F. ) ;
#704 = ORIENTED_EDGE ( 'NONE', *, *, #905, .F. ) ;
#705 = DIRECTION ( 'NONE',  ( 1.000000000000000000, 0.0000000000000000000, 0.0000000000000000000 ) ) ;
#706 = FACE_OUTER_BOUND ( 'NONE', #2180, .T. ) ;
#707 = CYLINDRICAL_SURFACE ( 'NONE', #2554, 0.004000000000000003600 ) ;
#708 = ORIENTED_EDGE ( 'NONE', *, *, #2052, .F. ) ;
#709 = CARTESIAN_POINT ( 'NONE',  ( -0.05000000000000000300, 0.0000000000000000000, 0.0000000000000000000 ) ) ;
#710 = CARTESIAN_POINT ( 'NONE',  ( 0.02107958281019551100, 0.05920606734675624300, -0.01561316626352244800 ) ) ;
#711 = FACE_OUTER_BOUND ( 'NONE', #1824, .T. ) ;
#712 = CARTESIAN_POINT ( 'NONE',  ( 0.04749999999999999400, 0.07009792610312783100, 0.0000000000000000000 ) ) ;
#713 = CARTESIAN_POINT ( 'NONE',  ( 0.0000000000000000000, 0.03999999999999998000, -0.01999999999999999000 ) ) ;
#714 = CARTESIAN_POINT ( 'NONE',  ( 0.02334214686367416800, 0.06365025368547888600, -0.01331159188382355400 ) ) ;
#715 = VECTOR ( 'NONE', #2113, 39.37007874015748100 ) ;
#716 = VERTEX_POINT ( 'NONE', #1655 ) ;
#717 = AXIS2_PLACEMENT_3D ( 'NONE', #2584, #1110, #2811 ) ;
#718 = CARTESIAN_POINT ( 'NONE',  ( -0.02500000000000048000, 0.05599999999999743400, -0.01511439725815633500 ) ) ;
#719 = CARTESIAN_POINT ( 'NONE',  ( -0.02100000000000000500, 0.01049999999999996600, -0.02274999999999996500 ) ) ;
#720 = ADVANCED_FACE ( 'NONE', ( #2465 ), #2413, .F. ) ;
#721 = CARTESIAN_POINT ( 'NONE',  ( -0.04654190462359417100, 0.005661770681168758500, -0.0000000000000000000 ) ) ;
#722 = ORIENTED_EDGE ( 'NONE', *, *, #2458, .T. ) ;
#723 = AXIS2_PLACEMENT_3D ( 'NONE', #1472, #1457, #1479 ) ;
#724 = CARTESIAN_POINT ( 'NONE',  ( 0.01777638038510858200, 0.05790453624710900600, -0.01647161877621403100 ) ) ;
#725 = DIRECTION ( 'NONE',  ( -1.000000000000000000, -0.0000000000000000000, -0.0000000000000000000 ) ) ;
#726 = CARTESIAN_POINT ( 'NONE',  ( 0.05000000000000000300, 0.0000000000000000000, 0.1699999999999999600 ) ) ;
#727 = PRODUCT_DEFINITION_FORMATION_WITH_SPECIFIED_SOURCE ( 'ANY', '', #1465, .NOT_KNOWN. ) ;
#728 = CARTESIAN_POINT ( 'NONE',  ( 0.02499999999999984900, 0.05599999999999999400, -0.01600000000000003800 ) ) ;
#729 = DIRECTION ( 'NONE',  ( 2.026496089157345700E-017, 1.000000000000000000, 1.513548936158882500E-033 ) ) ;
#730 = ORIENTED_EDGE ( 'NONE', *, *, #496, .F. ) ;
#731 = ADVANCED_FACE ( 'NONE', ( #2494 ), #2335, .F. ) ;
#732 = LINE ( 'NONE', #1575, #489 ) ;
#733 = PLANE ( 'NONE',  #518 ) ;
#734 = ORIENTED_EDGE ( 'NONE', *, *, #2371, .T. ) ;
#735 = VERTEX_POINT ( 'NONE', #2363 ) ;
#736 = FACE_OUTER_BOUND ( 'NONE', #2290, .T. ) ;
#737 = ORIENTED_EDGE ( 'NONE', *, *, #800, .T. ) ;
#738 = VECTOR ( 'NONE', #3155, 39.37007874015748100 ) ;
#739 = CARTESIAN_POINT ( 'NONE',  ( 0.03154636828682118300, 0.01417199117882200100, -0.01270908128800245700 ) ) ;
#740 = DIRECTION ( 'NONE',  ( 1.000000000000000000, 0.0000000000000000000, 0.0000000000000000000 ) ) ;
#741 = VECTOR ( 'NONE', #1055, 39.37007874015748100 ) ;
#742 = AXIS2_PLACEMENT_3D ( 'NONE', #1515, #1590, #1570 ) ;
#743 = CARTESIAN_POINT ( 'NONE',  ( 0.02895334674452574100, 0.05937088702213671300, -0.01335371349109360600 ) ) ;
#744 = LINE ( 'NONE', #968, #697 ) ;
#745 = VERTEX_POINT ( 'NONE', #2244 ) ;
#746 = ORIENTED_EDGE ( 'NONE', *, *, #2224, .F. ) ;
#747 = ORIENTED_EDGE ( 'NONE', *, *, #1738, .F. ) ;
#748 = EDGE_CURVE ( 'NONE', #2515, #988, #2459, .T. ) ;
#749 = AXIS2_PLACEMENT_3D ( 'NONE', #830, #1312, #1325 ) ;
#750 = ORIENTED_EDGE ( 'NONE', *, *, #1308, .T. ) ;
#751 = CARTESIAN_POINT ( 'NONE',  ( 0.0000000000000000000, 0.03999999999999998000, -0.01999999999999999000 ) ) ;
#752 = ADVANCED_FACE ( 'NONE', ( #2601 ), #2233, .F. ) ;
#753 = DIRECTION ( 'NONE',  ( -7.468797715707625400E-017, -6.842277657836020900E-049, 1.000000000000000000 ) ) ;
#754 = DIRECTION ( 'NONE',  ( 1.000000000000000000, 8.208677865577715400E-017, 0.0000000000000000000 ) ) ;
#755 = ORIENTED_EDGE ( 'NONE', *, *, #1915, .T. ) ;
#756 = DIRECTION ( 'NONE',  ( 4.253742550688296100E-016, 1.000000000000000000, -1.417914183562765400E-014 ) ) ;
#757 = PLANE ( 'NONE',  #7 ) ;
#758 = AXIS2_PLACEMENT_3D ( 'NONE', #2151, #1426, #682 ) ;
#759 = EDGE_CURVE ( 'NONE', #2362, #2752, #2272, .T. ) ;
#760 = CARTESIAN_POINT ( 'NONE',  ( 0.007277106813303059600, 0.03262076793381130100, -0.01999999999999999000 ) ) ;
#761 = CARTESIAN_POINT ( 'NONE',  ( -0.02098532028430810700, 0.06033412760079454000, -0.01515849167019260400 ) ) ;
#762 = CARTESIAN_POINT ( 'NONE',  ( 0.02126592922985091200, 0.05852076074451125600, -0.01583099800228149700 ) ) ;
#763 = VERTEX_POINT ( 'NONE', #2474 ) ;
#764 = CARTESIAN_POINT ( 'NONE',  ( -0.01693587529293928000, 0.02863536560037311500, -0.01841768394404372200 ) ) ;
#765 = CARTESIAN_POINT ( 'NONE',  ( 0.02897194174680708600, 0.05952705311083605200, -0.01333998676183110200 ) ) ;
#766 = ORIENTED_EDGE ( 'NONE', *, *, #2859, .T. ) ;
#767 = ADVANCED_FACE ( 'NONE', ( #2327 ), #1373, .T. ) ;
#768 = EDGE_CURVE ( 'NONE', #340, #1779, #2412, .T. ) ;
#769 = DIRECTION ( 'NONE',  ( -1.000000000000000000, 4.268512490100410900E-016, -2.002219656938814700E-032 ) ) ;
#770 = PRODUCT_DEFINITION ( 'UNKNOWN', '', #727, #1005 ) ;
#771 = ORIENTED_EDGE ( 'NONE', *, *, #1540, .F. ) ;
#772 = PLANE ( 'NONE',  #2714 ) ;
#773 = CARTESIAN_POINT ( 'NONE',  ( 0.02159946760992283900, 0.05786017016604377100, -0.01596140137066356200 ) ) ;
#774 = CARTESIAN_POINT ( 'NONE',  ( -0.02500000000000016100, 0.05999999999999999800, 0.01799999999999995000 ) ) ;
#775 = DIRECTION ( 'NONE',  ( 8.208677865577715400E-017, -1.000000000000000000, 0.0000000000000000000 ) ) ;
#776 = ORIENTED_EDGE ( 'NONE', *, *, #2620, .F. ) ;
#777 = CARTESIAN_POINT ( 'NONE',  ( -0.003999999999999994900, 0.03999999999999998000, 0.02515625000000004300 ) ) ;
#778 = VECTOR ( 'NONE', #1875, 39.37007874015748100 ) ;
#779 = CARTESIAN_POINT ( 'NONE',  ( -0.02100000000000000500, 0.01049999999999996800, 3.414809992080329000E-017 ) ) ;
#780 = ADVANCED_FACE ( 'NONE', ( #2231, #2536 ), #1021, .T. ) ;
#781 = CARTESIAN_POINT ( 'NONE',  ( -0.02839377693502903600, 0.01299999999999996600, -0.01100268367582085700 ) ) ;
#782 = PLANE ( 'NONE',  #3040 ) ;
#783 = ORIENTED_EDGE ( 'NONE', *, *, #2063, .F. ) ;
#784 = LINE ( 'NONE', #355, #3032 ) ;
#785 = ORIENTED_EDGE ( 'NONE', *, *, #2132, .F. ) ;
#786 = VERTEX_POINT ( 'NONE', #2510 ) ;
#787 = DIRECTION ( 'NONE',  ( 0.0000000000000000000, 0.0000000000000000000, 1.000000000000000000 ) ) ;
#788 = CARTESIAN_POINT ( 'NONE',  ( 0.02924671540170887700, 0.06903019851993959200, -0.009968500249902518700 ) ) ;
#789 = DIRECTION ( 'NONE',  ( -7.468797715707625400E-017, -6.842277657836020900E-049, 1.000000000000000000 ) ) ;
#790 = CARTESIAN_POINT ( 'NONE',  ( 0.02688537952701499500, 0.05644582838955537800, -0.01431572258007282100 ) ) ;
#791 = DIRECTION ( 'NONE',  ( 1.000000000000000000, 0.0000000000000000000, 0.0000000000000000000 ) ) ;
#792 = ADVANCED_FACE ( 'NONE', ( #2196 ), #2112, .T. ) ;
#793 = DIRECTION ( 'NONE',  ( 7.468797715709441000E-017, 1.000000000000000000, -6.123233995736766000E-017 ) ) ;
#794 = CARTESIAN_POINT ( 'NONE',  ( 0.05000000000000000300, 0.07999999999999996000, 0.1000000000000000200 ) ) ;
#795 = CARTESIAN_POINT ( 'NONE',  ( 0.02500000000000000100, 0.01999999999999996600, 0.1699999999999999800 ) ) ;
#796 = DIRECTION ( 'NONE',  ( 0.0000000000000000000, 0.0000000000000000000, 1.000000000000000000 ) ) ;
#797 = EDGE_CURVE ( 'NONE', #1836, #1984, #2117, .T. ) ;
#798 = CARTESIAN_POINT ( 'NONE',  ( -0.02900000000000000100, 0.006749999999999967000, -0.02274999999999996500 ) ) ;
#799 = DIRECTION ( 'NONE',  ( 7.468797715709441000E-017, 1.000000000000000000, -6.123233995736766000E-017 ) ) ;
#800 = EDGE_CURVE ( 'NONE', #2467, #520, #2114, .T. ) ;
#801 = VERTEX_POINT ( 'NONE', #2726 ) ;
#802 = CARTESIAN_POINT ( 'NONE',  ( -1.526276756823828000E-016, 0.06900000000000000600, -0.02500000000000005000 ) ) ;
#803 = ORIENTED_EDGE ( 'NONE', *, *, #1992, .F. ) ;
#804 = ORIENTED_EDGE ( 'NONE', *, *, #302, .T. ) ;
#805 = CARTESIAN_POINT ( 'NONE',  ( -0.02717315382656532900, 0.01299999999999997500, -0.01103887279385856200 ) ) ;
#806 = PLANE ( 'NONE',  #2256 ) ;
#807 = DIRECTION ( 'NONE',  ( 7.468797715709441000E-017, 1.000000000000000000, -6.123233995736766000E-017 ) ) ;
#808 = DIMENSIONAL_EXPONENTS ( 1.000000000000000000, 0.0000000000000000000, 0.0000000000000000000, 0.0000000000000000000, 0.0000000000000000000, 0.0000000000000000000, 0.0000000000000000000 ) ;
#809 = CARTESIAN_POINT ( 'NONE',  ( 0.02900000000000000100, 0.01299999999999996600, -0.02274999999999996500 ) ) ;
#810 = CARTESIAN_POINT ( 'NONE',  ( 0.004000000000000000100, 0.006749999999999967000, -0.02274999999999996500 ) ) ;
#811 = CARTESIAN_POINT ( 'NONE',  ( -1.526276756823828000E-016, 0.06900000000000000600, -0.02500000000000005000 ) ) ;
#812 = LINE ( 'NONE', #674, #2922 ) ;
#813 = LINE ( 'NONE', #663, #1526 ) ;
#814 = VERTEX_POINT ( 'NONE', #2786 ) ;
#815 = LINE ( 'NONE', #578, #738 ) ;
#816 = AXIS2_PLACEMENT_3D ( 'NONE', #1696, #165, #1417 ) ;
#817 = DIRECTION ( 'NONE',  ( 1.000000000000000000, 0.0000000000000000000, 0.0000000000000000000 ) ) ;
#818 = EDGE_CURVE ( 'NONE', #242, #2362, #2123, .T. ) ;
#819 = CARTESIAN_POINT ( 'NONE',  ( 0.02132477564896653700, 0.06137072389694982200, -0.01462287862523307100 ) ) ;
#820 = VERTEX_POINT ( 'NONE', #314 ) ;
#821 = CARTESIAN_POINT ( 'NONE',  ( -0.02100000000000000500, 0.01299999999999996600, -0.02274999999999996500 ) ) ;
#822 = CARTESIAN_POINT ( 'NONE',  ( 0.02902479613201136200, 0.05997093918748582600, -0.01330096994295374600 ) ) ;
#823 = EDGE_CURVE ( 'NONE', #138, #1847, #2076, .T. ) ;
#824 = CARTESIAN_POINT ( 'NONE',  ( 0.02510534529310464900, 0.05663810684018584500, -0.01507148317857846300 ) ) ;
#825 = CARTESIAN_POINT ( 'NONE',  ( 0.0002333649147902779400, 0.06399488385897352000, -0.01309728064358421700 ) ) ;
#826 = CARTESIAN_POINT ( 'NONE',  ( -0.004000000000000000100, 0.01299999999999996600, -0.02274999999999996500 ) ) ;
#827 = DIRECTION ( 'NONE',  ( 1.000000000000000000, 0.0000000000000000000, 0.0000000000000000000 ) ) ;
#828 = PLANE ( 'NONE',  #668 ) ;
#829 = DIRECTION ( 'NONE',  ( -1.000000000000000000, -0.0000000000000000000, -0.0000000000000000000 ) ) ;
#830 = CARTESIAN_POINT ( 'NONE',  ( -0.02100000000000000500, 0.006749999999999960000, -0.02899999999999996700 ) ) ;
#831 = EDGE_CURVE ( 'NONE', #2466, #980, #1320, .T. ) ;
#832 = EDGE_CURVE ( 'NONE', #208, #763, #1949, .T. ) ;
#833 = CARTESIAN_POINT ( 'NONE',  ( -0.02100000000000000500, 0.01049999999999996600, -0.009032006961455339400 ) ) ;
#834 = ORIENTED_EDGE ( 'NONE', *, *, #136, .F. ) ;
#835 = EDGE_CURVE ( 'NONE', #2380, #1818, #1998, .T. ) ;
#836 = ORIENTED_EDGE ( 'NONE', *, *, #350, .F. ) ;
#837 = EDGE_CURVE ( 'NONE', #1675, #716, #1901, .T. ) ;
#838 = LINE ( 'NONE', #2039, #611 ) ;
#839 = CARTESIAN_POINT ( 'NONE',  ( -0.01840887612065407100, 0.02146589699813441700, -0.01629638795944393000 ) ) ;
#840 = LINE ( 'NONE', #1378, #16 ) ;
#841 = LINE ( 'NONE', #680, #992 ) ;
#842 = EDGE_LOOP ( 'NONE', ( #1125, #1467, #1544 ) ) ;
#843 = DIRECTION ( 'NONE',  ( 1.000000000000000000, -8.167843997065574700E-033, 1.333910153156378700E-016 ) ) ;
#844 = AXIS2_PLACEMENT_3D ( 'NONE', #492, #666, #434 ) ;
#845 = CARTESIAN_POINT ( 'NONE',  ( -0.02755253566829549800, 0.06311212318856662700, -0.01312106049514537800 ) ) ;
#846 = ORIENTED_EDGE ( 'NONE', *, *, #1555, .F. ) ;
#847 = EDGE_CURVE ( 'NONE', #2061, #2304, #1780, .T. ) ;
#848 = AXIS2_PLACEMENT_3D ( 'NONE', #2432, #1802, #1667 ) ;
#849 = DIRECTION ( 'NONE',  ( 1.000000000000000000, 8.208677865577715400E-017, 0.0000000000000000000 ) ) ;
#850 = CARTESIAN_POINT ( 'NONE',  ( -0.02126820843944106400, 0.06144004574529420700, -0.01458555862142777600 ) ) ;
#851 = CARTESIAN_POINT ( 'NONE',  ( 0.003276654091869052700, 0.06235167923121218100, -0.01408251092153491200 ) ) ;
#853 = EDGE_LOOP ( 'NONE', ( #255, #914, #231, #346, #484, #1717 ) ) ;
#852 = CARTESIAN_POINT ( 'NONE',  ( 0.02499999999999984900, 0.06900000000000000600, -0.02500000000000005000 ) ) ;
#854 = CARTESIAN_POINT ( 'NONE',  ( 0.02860696978985407000, 0.05822679431412729900, -0.01352273959210635200 ) ) ;
#855 = CARTESIAN_POINT ( 'NONE',  ( -0.02500000000000016800, 0.05400000000000002700, 0.1599999999999999200 ) ) ;
#856 = CARTESIAN_POINT ( 'NONE',  ( -0.02500000000000016400, 0.05999999999999999800, 0.1000000000000000100 ) ) ;
#857 = CARTESIAN_POINT ( 'NONE',  ( 0.02499999999999983500, 0.06599999999999998900, 0.1599999999999999200 ) ) ;
#858 = DIRECTION ( 'NONE',  ( 1.000000000000000000, -7.468797715709439800E-017, 7.468797715707625400E-017 ) ) ;
#859 = VERTEX_POINT ( 'NONE', #728 ) ;
#860 = DIRECTION ( 'NONE',  ( 8.208677865577715400E-017, -1.000000000000000000, 0.0000000000000000000 ) ) ;
#861 = AXIS2_PLACEMENT_3D ( 'NONE', #1763, #1381, #1580 ) ;
#862 = CARTESIAN_POINT ( 'NONE',  ( -0.009334042200648096100, 0.03053471163966083400, -0.01925368677248507100 ) ) ;
#863 = ORIENTED_EDGE ( 'NONE', *, *, #654, .T. ) ;
#864 = CARTESIAN_POINT ( 'NONE',  ( 0.02900000000000000100, -0.02500000000000004000, -0.02649999999999996100 ) ) ;
#865 = DIRECTION ( 'NONE',  ( 0.0000000000000000000, -1.000000000000000000, 0.0000000000000000000 ) ) ;
#866 = DIRECTION ( 'NONE',  ( 2.026496089156995600E-017, 1.000000000000000000, 0.0000000000000000000 ) ) ;
#867 = VECTOR ( 'NONE', #129, 39.37007874015748100 ) ;
#868 = VERTEX_POINT ( 'NONE', #458 ) ;
#869 = CARTESIAN_POINT ( 'NONE',  ( -1.534822521248206600E-016, 0.05999999999999999800, -0.01600000000000003800 ) ) ;
#870 = ORIENTED_EDGE ( 'NONE', *, *, #2282, .F. ) ;
#871 = CARTESIAN_POINT ( 'NONE',  ( -0.02500000000000016800, 0.05099999999999996200, 0.1000000000000000100 ) ) ;
#872 = CARTESIAN_POINT ( 'NONE',  ( -0.004635547213422415400, 0.03529939738272078900, -0.01999999999999999700 ) ) ;
#873 = VECTOR ( 'NONE', #1660, 39.37007874015748100 ) ;
#874 = ORIENTED_EDGE ( 'NONE', *, *, #1702, .T. ) ;
#875 = CARTESIAN_POINT ( 'NONE',  ( 0.02900000000000000100, 0.01049999999999996600, -0.02274999999999996500 ) ) ;
#876 = DIRECTION ( 'NONE',  ( 0.0000000000000000000, 0.0000000000000000000, 1.000000000000000000 ) ) ;
#877 = VECTOR ( 'NONE', #1402, 39.37007874015748100 ) ;
#878 = DIRECTION ( 'NONE',  ( -1.333910153156378400E-016, 0.0000000000000000000, 1.000000000000000000 ) ) ;
#879 = DIRECTION ( 'NONE',  ( 0.0000000000000000000, -1.000000000000000000, 0.0000000000000000000 ) ) ;
#880 = CARTESIAN_POINT ( 'NONE',  ( 0.02182489717838017100, 0.05753717113011246700, -0.01599162238291501300 ) ) ;
#881 = EDGE_CURVE ( 'NONE', #647, #1805, #1945, .T. ) ;
#882 = VERTEX_POINT ( 'NONE', #2463 ) ;
#883 = CARTESIAN_POINT ( 'NONE',  ( -0.02900000000000000100, 0.01299999999999996600, -0.02274999999999996500 ) ) ;
#884 = CARTESIAN_POINT ( 'NONE',  ( 0.02900000000000000100, 0.01299999999999996600, -0.02274999999999996500 ) ) ;
#885 = EDGE_CURVE ( 'NONE', #1483, #1321, #1588, .T. ) ;
#886 = DIRECTION ( 'NONE',  ( -2.026496089157345700E-017, -1.000000000000000000, -1.513548936158882000E-033 ) ) ;
#887 = VERTEX_POINT ( 'NONE', #149 ) ;
#888 = ORIENTED_EDGE ( 'NONE', *, *, #2323, .F. ) ;
#889 = DIRECTION ( 'NONE',  ( 2.026496089157242200E-017, 1.000000000000000000, 0.0000000000000000000 ) ) ;
#890 = AXIS2_PLACEMENT_3D ( 'NONE', #3039, #3065, #1980 ) ;
#891 = LINE ( 'NONE', #177, #206 ) ;
#892 = CARTESIAN_POINT ( 'NONE',  ( -0.008236816025992684700, 0.04552350367099752100, -0.01961527925636318000 ) ) ;
#893 = ORIENTED_EDGE ( 'NONE', *, *, #1080, .F. ) ;
#894 = APPLICATION_PROTOCOL_DEFINITION ( 'draft international standard', 'automotive_design', 1998, #1164 ) ;
#895 = ORIENTED_EDGE ( 'NONE', *, *, #137, .T. ) ;
#896 = ORIENTED_EDGE ( 'NONE', *, *, #630, .F. ) ;
#897 = PLANE ( 'NONE',  #1812 ) ;
#898 = AXIS2_PLACEMENT_3D ( 'NONE', #2964, #72, #1198 ) ;
#899 = CARTESIAN_POINT ( 'NONE',  ( -0.02516332210823041600, 0.06400000000000111200, -0.01305799106096265500 ) ) ;
#900 = CARTESIAN_POINT ( 'NONE',  ( 0.02208752808956090600, 0.05725819268165974900, -0.01598099318497968700 ) ) ;
#901 = EDGE_CURVE ( 'NONE', #1331, #194, #1625, .T. ) ;
#902 = EDGE_LOOP ( 'NONE', ( #577, #226 ) ) ;
#903 = DIRECTION ( 'NONE',  ( 8.881784197001243400E-016, 1.000000000000000000, 0.0000000000000000000 ) ) ;
#904 = ORIENTED_EDGE ( 'NONE', *, *, #1778, .T. ) ;
#905 = EDGE_CURVE ( 'NONE', #909, #2094, #1707, .T. ) ;
#906 = EDGE_LOOP ( 'NONE', ( #3153, #2951, #1138, #3100 ) ) ;
#907 = CARTESIAN_POINT ( 'NONE',  ( 0.02499999999999983500, 0.06900000000000004700, 0.1599999999999999800 ) ) ;
#908 = CIRCLE ( 'NONE', #2657, 0.003999999999999999200 ) ;
#909 = VERTEX_POINT ( 'NONE', #1286 ) ;
#910 = CARTESIAN_POINT ( 'NONE',  ( -0.02900000000000000100, 0.01299999999999996600, -0.01093562738243106100 ) ) ;
#911 = DIRECTION ( 'NONE',  ( 1.000000000000000000, 0.0000000000000000000, 0.0000000000000000000 ) ) ;
#912 = EDGE_CURVE ( 'NONE', #3067, #1888, #1522, .T. ) ;
#913 = DIRECTION ( 'NONE',  ( 2.026496089157240300E-017, 1.000000000000000000, 0.0000000000000000000 ) ) ;
#914 = ORIENTED_EDGE ( 'NONE', *, *, #1578, .F. ) ;
#915 = ORIENTED_EDGE ( 'NONE', *, *, #2878, .F. ) ;
#916 = ORIENTED_EDGE ( 'NONE', *, *, #2311, .F. ) ;
#917 = DIRECTION ( 'NONE',  ( 0.0000000000000000000, 0.0000000000000000000, 1.000000000000000000 ) ) ;
#918 = VERTEX_POINT ( 'NONE', #2338 ) ;
#919 = CARTESIAN_POINT ( 'NONE',  ( 0.0000000000000000000, 0.03999999999999998000, -0.01999999999999999000 ) ) ;
#920 = CARTESIAN_POINT ( 'NONE',  ( 0.02499999999999983500, 0.05400000000000002700, 0.1599999999999999200 ) ) ;
#921 = LINE ( 'NONE', #1452, #877 ) ;
#922 = ORIENTED_EDGE ( 'NONE', *, *, #145, .F. ) ;
#923 = CARTESIAN_POINT ( 'NONE',  ( -0.002476797593769054500, 0.05685314847211750400, -0.01673830447205171300 ) ) ;
#924 = CARTESIAN_POINT ( 'NONE',  ( -0.02348931210901653400, 0.06370884530387595200, -0.01327533599889550900 ) ) ;
#925 = ADVANCED_FACE ( 'NONE', ( #1669, #1557, #1585, #1486 ), #1819, .F. ) ;
#926 = CARTESIAN_POINT ( 'NONE',  ( -0.03891197793938069200, 0.002499999999999973200, 0.0000000000000000000 ) ) ;
#927 = EDGE_CURVE ( 'NONE', #1551, #2178, #1459, .T. ) ;
#928 = EDGE_LOOP ( 'NONE', ( #2693, #2891 ) ) ;
#929 = EDGE_CURVE ( 'NONE', #2140, #358, #297, .T. ) ;
#930 = DIRECTION ( 'NONE',  ( -1.000000000000000000, 0.0000000000000000000, 0.0000000000000000000 ) ) ;
#931 = ORIENTED_EDGE ( 'NONE', *, *, #3069, .F. ) ;
#932 = DIRECTION ( 'NONE',  ( 0.0000000000000000000, 1.000000000000000000, 0.0000000000000000000 ) ) ;
#933 = VECTOR ( 'NONE', #2417, 39.37007874015748100 ) ;
#934 = CARTESIAN_POINT ( 'NONE',  ( 0.04815340792207401000, 0.07043830487658490900, 0.0006783663342007229900 ) ) ;
#935 = ORIENTED_EDGE ( 'NONE', *, *, #2526, .T. ) ;
#936 = DIRECTION ( 'NONE',  ( -7.468797715707625400E-017, -6.842277657836020900E-049, 1.000000000000000000 ) ) ;
#937 = CARTESIAN_POINT ( 'NONE',  ( -0.03150000000000000000, 0.01299999999999996600, 3.414809992080329000E-017 ) ) ;
#938 = UNCERTAINTY_MEASURE_WITH_UNIT (LENGTH_MEASURE( 1.000000000000000100E-005 ), #388, 'distance_accuracy_value', 'NONE');
#939 = AXIS2_PLACEMENT_3D ( 'NONE', #869, #1494, #1450 ) ;
#940 = EDGE_LOOP ( 'NONE', ( #2313, #2778, #2503, #2223 ) ) ;
#941 = ADVANCED_FACE ( 'NONE', ( #1517 ), #733, .F. ) ;
#942 = ORIENTED_EDGE ( 'NONE', *, *, #1638, .F. ) ;
#943 = CARTESIAN_POINT ( 'NONE',  ( -0.001215008764855738700, 0.06382972896198682600, -0.01320049399824670600 ) ) ;
#944 = DIRECTION ( 'NONE',  ( -1.000000000000000000, 0.0000000000000000000, 0.0000000000000000000 ) ) ;
#945 = VERTEX_POINT ( 'NONE', #562 ) ;
#946 = DIRECTION ( 'NONE',  ( 0.0000000000000000000, 0.0000000000000000000, -1.000000000000000000 ) ) ;
#947 = CARTESIAN_POINT ( 'NONE',  ( 0.04629511591019000400, 0.07687753382634013300, -0.001278494253106719400 ) ) ;
#948 = VECTOR ( 'NONE', #1800, 39.37007874015748100 ) ;
#949 = CARTESIAN_POINT ( 'NONE',  ( -0.004000000000000151900, 0.1050000000000000100, -0.02500000000000005000 ) ) ;
#950 = EDGE_LOOP ( 'NONE', ( #2998, #2098, #2641, #1255 ) ) ;
#951 = VECTOR ( 'NONE', #946, 39.37007874015748100 ) ;
#952 = VERTEX_POINT ( 'NONE', #1766 ) ;
#953 = EDGE_CURVE ( 'NONE', #2068, #464, #1425, .T. ) ;
#954 = DIRECTION ( 'NONE',  ( 1.000000000000000000, -1.333910153156378700E-016, -0.0000000000000000000 ) ) ;
#955 = CARTESIAN_POINT ( 'NONE',  ( -0.004000000000000000100, 0.006749999999999967000, -0.02274999999999996500 ) ) ;
#956 = LINE ( 'NONE', #294, #873 ) ;
#957 = EDGE_LOOP ( 'NONE', ( #2268, #2190, #2447, #2990 ) ) ;
#958 = CARTESIAN_POINT ( 'NONE',  ( 0.02836922938478967200, 0.01175298326660688700, -0.01091754726418549400 ) ) ;
#959 = ORIENTED_EDGE ( 'NONE', *, *, #63, .F. ) ;
#960 = CARTESIAN_POINT ( 'NONE',  ( 0.02237978567761214600, 0.05694774343523818100, -0.01596916493621212300 ) ) ;
#961 = ADVANCED_FACE ( 'NONE', ( #1423 ), #1794, .F. ) ;
#962 = DIRECTION ( 'NONE',  ( -0.0000000000000000000, 4.690673066044407900E-017, 1.000000000000000000 ) ) ;
#963 = PLANE ( 'NONE',  #2348 ) ;
#964 = DIRECTION ( 'NONE',  ( 2.026496089157345700E-017, 1.000000000000000000, 1.513548936158882500E-033 ) ) ;
#965 = AXIS2_PLACEMENT_3D ( 'NONE', #1607, #1476, #1632 ) ;
#966 = EDGE_CURVE ( 'NONE', #389, #2197, #1365, .T. ) ;
#967 = ORIENTED_EDGE ( 'NONE', *, *, #2585, .F. ) ;
#968 = CARTESIAN_POINT ( 'NONE',  ( 0.04749999999999999400, 0.2402230518298162400, 0.0000000000000000000 ) ) ;
#969 = CARTESIAN_POINT ( 'NONE',  ( 0.04090207119969113000, 0.07909631159703571500, 0.002560557189864828500 ) ) ;
#970 = CARTESIAN_POINT ( 'NONE',  ( 0.01850000000000000300, 0.01049999999999996800, 3.414809992080329000E-017 ) ) ;
#971 = ORIENTED_EDGE ( 'NONE', *, *, #2805, .F. ) ;
#972 = CARTESIAN_POINT ( 'NONE',  ( -0.02532716664401250500, 0.06398995114893478400, -0.01305241626821379200 ) ) ;
#973 = ORIENTED_EDGE ( 'NONE', *, *, #2293, .F. ) ;
#974 = ADVANCED_FACE ( 'NONE', ( #1363 ), #1254, .T. ) ;
#975 = ORIENTED_EDGE ( 'NONE', *, *, #2717, .F. ) ;
#976 = EDGE_CURVE ( 'NONE', #143, #2683, #1330, .T. ) ;
#977 = DIRECTION ( 'NONE',  ( -7.468797715707625400E-017, -6.842277657836020900E-049, 1.000000000000000000 ) ) ;
#978 = B_SPLINE_CURVE_WITH_KNOTS ( 'NONE', 3,
 ( #2345, #253, #2445, #2334 ),
 .UNSPECIFIED., .F., .F.,
 ( 4, 4 ),
 ( 0.0000000000000000000, 5.388626426018840400E-005 ),
 .UNSPECIFIED. ) ;
#979 = ORIENTED_EDGE ( 'NONE', *, *, #261, .F. ) ;
#980 = VERTEX_POINT ( 'NONE', #2739 ) ;
#981 = DIRECTION ( 'NONE',  ( -7.468797715707625400E-017, -6.842277657836020900E-049, 1.000000000000000000 ) ) ;
#982 = CARTESIAN_POINT ( 'NONE',  ( 0.04749999999999999400, 0.01299999999999997000, -0.01103887279385856200 ) ) ;
#984 = ORIENTED_EDGE ( 'NONE', *, *, #427, .T. ) ;
#983 = CARTESIAN_POINT ( 'NONE',  ( 0.04206104432610808400, 0.06728881528637595300, -0.005737151855755580300 ) ) ;
#985 = CARTESIAN_POINT ( 'NONE',  ( 0.02726736697263218800, 0.05667540321398631400, -0.01414468690207896200 ) ) ;
#986 = ORIENTED_EDGE ( 'NONE', *, *, #409, .T. ) ;
#987 = ORIENTED_EDGE ( 'NONE', *, *, #2979, .F. ) ;
#988 = VERTEX_POINT ( 'NONE', #718 ) ;
#989 = CARTESIAN_POINT ( 'NONE',  ( 0.02900000000000000100, 0.006749999999999960000, -0.02649999999999996100 ) ) ;
#990 = ORIENTED_EDGE ( 'NONE', *, *, #2219, .T. ) ;
#991 = VECTOR ( 'NONE', #1499, 39.37007874015748100 ) ;
#992 = VECTOR ( 'NONE', #634, 39.37007874015748100 ) ;
#993 = CARTESIAN_POINT ( 'NONE',  ( 0.04018356401957232800, 0.07257779067933249600, -0.007221722069535315700 ) ) ;
#994 = ADVANCED_FACE ( 'NONE', ( #1389 ), #1209, .T. ) ;
#995 = AXIS2_PLACEMENT_3D ( 'NONE', #348, #146, #92 ) ;
#996 = EDGE_CURVE ( 'NONE', #1524, #1888, #1242, .T. ) ;
#997 = CARTESIAN_POINT ( 'NONE',  ( 0.01636720025605710400, 0.05098018474423373500, -0.01850357323984486900 ) ) ;
#998 = DIRECTION ( 'NONE',  ( -1.000000000000000000, -0.0000000000000000000, 0.0000000000000000000 ) ) ;
#999 = DIRECTION ( 'NONE',  ( -1.000000000000000000, 0.0000000000000000000, 0.0000000000000000000 ) ) ;
#1000 = VECTOR ( 'NONE', #2284, 39.37007874015748100 ) ;
#1001 = ORIENTED_EDGE ( 'NONE', *, *, #1864, .F. ) ;
#1002 = EDGE_CURVE ( 'NONE', #683, #1321, #1466, .T. ) ;
#1003 = FACE_OUTER_BOUND ( 'NONE', #21, .T. ) ;
#1004 = VERTEX_POINT ( 'NONE', #2984 ) ;
#1005 = PRODUCT_DEFINITION_CONTEXT ( 'detailed design', #1178, 'design' ) ;
#1006 = CARTESIAN_POINT ( 'NONE',  ( -0.02500000000000000100, 0.01999999999999996600, 0.1699999999999999800 ) ) ;
#1007 = CARTESIAN_POINT ( 'NONE',  ( -0.003739808423232766800, 0.05858090417606195300, -0.01600000000000003800 ) ) ;
#1008 = CYLINDRICAL_SURFACE ( 'NONE', #965, 0.009000000000000035700 ) ;
#1009 = DIRECTION ( 'NONE',  ( 1.000000000000000000, 0.0000000000000000000, 0.0000000000000000000 ) ) ;
#1010 = CYLINDRICAL_SURFACE ( 'NONE', #1053, 0.01100000000000000100 ) ;
#1011 = DIRECTION ( 'NONE',  ( -0.0000000000000000000, -1.000000000000000000, -6.123233995736766000E-017 ) ) ;
#1012 = AXIS2_PLACEMENT_3D ( 'NONE', #2709, #1434, #1442 ) ;
#1013 = ADVANCED_FACE ( 'NONE', ( #1324 ), #1071, .T. ) ;
#1014 = DIRECTION ( 'NONE',  ( -7.468797715707625400E-017, -6.842277657836020900E-049, 1.000000000000000000 ) ) ;
#1015 = VERTEX_POINT ( 'NONE', #1412 ) ;
#1016 = ORIENTED_EDGE ( 'NONE', *, *, #1957, .T. ) ;
#1017 = AXIS2_PLACEMENT_3D ( 'NONE', #1236, #40, #2932 ) ;
#1018 = EDGE_CURVE ( 'NONE', #2359, #1039, #1326, .T. ) ;
#1019 = DIRECTION ( 'NONE',  ( -1.000000000000000000, -0.0000000000000000000, 0.0000000000000000000 ) ) ;
#1020 = ORIENTED_EDGE ( 'NONE', *, *, #1386, .T. ) ;
#1021 = PLANE ( 'NONE',  #1404 ) ;
#1022 = ORIENTED_EDGE ( 'NONE', *, *, #3113, .T. ) ;
#1023 = CARTESIAN_POINT ( 'NONE',  ( -0.02500000000000015800, 0.06900000000000000600, -0.02500000000000005000 ) ) ;
#1024 = ORIENTED_EDGE ( 'NONE', *, *, #2308, .F. ) ;
#1025 = DIRECTION ( 'NONE',  ( -7.468797715707625400E-017, -6.842277657836020900E-049, 1.000000000000000000 ) ) ;
#1026 = CARTESIAN_POINT ( 'NONE',  ( -0.02500000000000000100, 0.01999999999999996600, 0.0000000000000000000 ) ) ;
#1027 = VERTEX_POINT ( 'NONE', #105 ) ;
#1028 = ORIENTED_EDGE ( 'NONE', *, *, #152, .F. ) ;
#1029 = CARTESIAN_POINT ( 'NONE',  ( -0.02105514360922849600, 0.06080820844371340900, -0.01492310520619012300 ) ) ;
#1030 = ADVANCED_FACE ( 'NONE', ( #1206 ), #772, .F. ) ;
#1031 = CARTESIAN_POINT ( 'NONE',  ( -0.02898378856206651500, 0.02085625197288344300, -0.01350013170202128700 ) ) ;
#1032 = DIRECTION ( 'NONE',  ( -0.0000000000000000000, 4.690673066044407900E-017, 1.000000000000000000 ) ) ;
#1033 = ORIENTED_EDGE ( 'NONE', *, *, #2506, .T. ) ;
#1034 = AXIS2_PLACEMENT_3D ( 'NONE', #1584, #2341, #866 ) ;
#1035 = CYLINDRICAL_SURFACE ( 'NONE', #861, 0.04515625000000003700 ) ;
#1036 = ORIENTED_EDGE ( 'NONE', *, *, #2439, .F. ) ;
#1037 = LINE ( 'NONE', #324, #1000 ) ;
#1038 = ORIENTED_EDGE ( 'NONE', *, *, #2766, .F. ) ;
#1039 = VERTEX_POINT ( 'NONE', #1376 ) ;
#1040 = CIRCLE ( 'NONE', #43, 0.04515625000000003700 ) ;
#1041 = ORIENTED_EDGE ( 'NONE', *, *, #391, .F. ) ;
#1042 = LINE ( 'NONE', #794, #1462 ) ;
#1043 = EDGE_LOOP ( 'NONE', ( #616, #1431 ) ) ;
#1044 = CARTESIAN_POINT ( 'NONE',  ( 0.02100000000000000500, 0.006749999999999967000, -0.02274999999999996500 ) ) ;
#1045 = FACE_OUTER_BOUND ( 'NONE', #2794, .T. ) ;
#1046 = AXIS2_PLACEMENT_3D ( 'NONE', #2596, #2226, #83 ) ;
#1047 = CARTESIAN_POINT ( 'NONE',  ( -0.04645282323607412300, 0.003011638152456627700, -0.001124614040296802000 ) ) ;
#1048 = CARTESIAN_POINT ( 'NONE',  ( 0.02890452020274175700, 0.06086874736625805200, -0.01325357156946940400 ) ) ;
#1049 = ORIENTED_EDGE ( 'NONE', *, *, #1992, .T. ) ;
#1050 = CARTESIAN_POINT ( 'NONE',  ( 0.02100000000000000500, -0.02500000000000004000, -0.02899999999999996700 ) ) ;
#1051 = CARTESIAN_POINT ( 'NONE',  ( -0.04413712168142496000, 0.01166696315791877200, -0.003442138076925302900 ) ) ;
#1052 = ORIENTED_EDGE ( 'NONE', *, *, #1291, .F. ) ;
#1053 = AXIS2_PLACEMENT_3D ( 'NONE', #1858, #1920, #1869 ) ;
#1054 = B_SPLINE_CURVE_WITH_KNOTS ( 'NONE', 3,
 ( #2212, #3022, #1185, #1031, #1095, #1060, #1051, #1535 ),
 .UNSPECIFIED., .F., .F.,
 ( 4, 2, 2, 4 ),
 ( -8.219976928081076500E-006, 0.0007708179585502213200, 0.001160336926289372600, 0.001549855894028523200 ),
 .UNSPECIFIED. ) ;
#1055 = DIRECTION ( 'NONE',  ( -1.608103329140323500E-016, -0.8571673007021091100, 0.5150380749100594800 ) ) ;
#1056 = ORIENTED_EDGE ( 'NONE', *, *, #2549, .T. ) ;
#1057 = AXIS2_PLACEMENT_3D ( 'NONE', #802, #729, #817 ) ;
#1058 = DIRECTION ( 'NONE',  ( 2.026496089157345700E-017, 1.000000000000000000, 1.513548936158882500E-033 ) ) ;
#1059 = ORIENTED_EDGE ( 'NONE', *, *, #2458, .F. ) ;
#1060 = CARTESIAN_POINT ( 'NONE',  ( -0.04055205879162278300, 0.01373993069601550100, -0.006376194130137614200 ) ) ;
#1061 = B_SPLINE_CURVE_WITH_KNOTS ( 'NONE', 3,
 ( #2711, #2602, #2473, #2464 ),
 .UNSPECIFIED., .F., .F.,
 ( 4, 4 ),
 ( 0.0008982082259720652300, 0.001549855894028524300 ),
 .UNSPECIFIED. ) ;
#1062 = EDGE_CURVE ( 'NONE', #2304, #1460, #1069, .T. ) ;
#1063 = ORIENTED_EDGE ( 'NONE', *, *, #573, .F. ) ;
#1064 = EDGE_CURVE ( 'NONE', #1663, #2075, #1037, .T. ) ;
#1065 = CARTESIAN_POINT ( 'NONE',  ( 0.02499999999999983500, 0.05999999999999999800, 0.1599999999999999800 ) ) ;
#1066 = ORIENTED_EDGE ( 'NONE', *, *, #1798, .T. ) ;
#1067 = AXIS2_PLACEMENT_3D ( 'NONE', #2409, #2692, #1265 ) ;
#1068 = ORIENTED_EDGE ( 'NONE', *, *, #2351, .T. ) ;
#1069 = CIRCLE ( 'NONE', #2943, 0.003749999999999998600 ) ;
#1070 = VECTOR ( 'NONE', #843, 39.37007874015748100 ) ;
#1071 = CYLINDRICAL_SURFACE ( 'NONE', #2751, 0.009000000000000035700 ) ;
#1072 = EDGE_CURVE ( 'NONE', #1015, #814, #1112, .T. ) ;
#1073 = CARTESIAN_POINT ( 'NONE',  ( -0.04089260256435916400, 0.07908890878594104800, 0.002547753278924418100 ) ) ;
#1074 = EDGE_CURVE ( 'NONE', #143, #2721, #956, .T. ) ;
#1075 = VERTEX_POINT ( 'NONE', #2809 ) ;
#1076 = CARTESIAN_POINT ( 'NONE',  ( -1.568780211929990900E-016, 0.05400000000000003400, 0.01799999999999995000 ) ) ;
#1077 = FACE_OUTER_BOUND ( 'NONE', #1554, .T. ) ;
#1078 = ORIENTED_EDGE ( 'NONE', *, *, #6, .T. ) ;
#1079 = CARTESIAN_POINT ( 'NONE',  ( -1.621460574750414800E-016, 0.05999999999999999800, 0.1000000000000000100 ) ) ;
#1080 = EDGE_CURVE ( 'NONE', #2498, #786, #1107, .T. ) ;
#1081 = FACE_BOUND ( 'NONE', #957, .T. ) ;
#1082 = ORIENTED_EDGE ( 'NONE', *, *, #1864, .T. ) ;
#1083 = CARTESIAN_POINT ( 'NONE',  ( 0.0001166056063860776600, 0.06400000000000022300, -0.01309406913674217800 ) ) ;
#1084 = AXIS2_PLACEMENT_3D ( 'NONE', #811, #799, #791 ) ;
#1085 = ORIENTED_EDGE ( 'NONE', *, *, #221, .T. ) ;
#1086 = ORIENTED_EDGE ( 'NONE', *, *, #2216, .F. ) ;
#1087 = CARTESIAN_POINT ( 'NONE',  ( -0.008569857723216679400, 0.03425316169310187900, -0.01999999999999999000 ) ) ;
#1088 = EDGE_LOOP ( 'NONE', ( #904, #2562, #915, #1066 ) ) ;
#1089 = ORIENTED_EDGE ( 'NONE', *, *, #3118, .T. ) ;
#1090 = VERTEX_POINT ( 'NONE', #1192 ) ;
#1091 = EDGE_LOOP ( 'NONE', ( #2028, #3090, #1845, #2978, #1810 ) ) ;
#1092 = AXIS2_PLACEMENT_3D ( 'NONE', #1924, #1124, #1134 ) ;
#1093 = DIRECTION ( 'NONE',  ( 0.0000000000000000000, 0.0000000000000000000, 1.000000000000000000 ) ) ;
#1094 = ORIENTED_EDGE ( 'NONE', *, *, #1308, .F. ) ;
#1095 = CARTESIAN_POINT ( 'NONE',  ( -0.03298080664772221800, 0.01832910689300055700, -0.01141003034953383100 ) ) ;
#1096 = CARTESIAN_POINT ( 'NONE',  ( -0.02817769894738615300, 0.06247038621898707400, -0.01316960824364021000 ) ) ;
#1097 = EDGE_CURVE ( 'NONE', #1523, #1391, #815, .T. ) ;
#1098 = VERTEX_POINT ( 'NONE', #2315 ) ;
#1099 = EDGE_LOOP ( 'NONE', ( #1113, #1056, #750, #2593 ) ) ;
#1100 = LINE ( 'NONE', #1076, #741 ) ;
#1101 = CARTESIAN_POINT ( 'NONE',  ( -0.04628326126234479800, 0.07686919286066097600, -0.001290019502009316600 ) ) ;
#1102 = VECTOR ( 'NONE', #1176, 39.37007874015748100 ) ;
#1103 = EDGE_LOOP ( 'NONE', ( #971, #2981, #1024 ) ) ;
#1104 = CARTESIAN_POINT ( 'NONE',  ( -0.003614391105254701900, 0.05827916013493431000, -0.01613520687118574400 ) ) ;
#1105 = EDGE_LOOP ( 'NONE', ( #1826, #2420, #195 ) ) ;
#1106 = DIRECTION ( 'NONE',  ( 0.0000000000000000000, 0.0000000000000000000, 1.000000000000000000 ) ) ;
#1107 = LINE ( 'NONE', #884, #778 ) ;
#1108 = AXIS2_PLACEMENT_3D ( 'NONE', #1930, #127, #2125 ) ;
#1109 = FACE_OUTER_BOUND ( 'NONE', #2572, .T. ) ;
#1110 = DIRECTION ( 'NONE',  ( 1.000000000000000000, -2.026496089157345700E-017, 7.468797715707625400E-017 ) ) ;
#1111 = ORIENTED_EDGE ( 'NONE', *, *, #514, .T. ) ;
#1112 = LINE ( 'NONE', #2446, #951 ) ;
#1113 = ORIENTED_EDGE ( 'NONE', *, *, #2444, .F. ) ;
#1114 = TOROIDAL_SURFACE ( 'NONE', #1931, 0.008999999999999999300, 0.004000000000000000100 ) ;
#1115 = CARTESIAN_POINT ( 'NONE',  ( 0.03572832925930211100, 0.07505189576345822100, -0.004437313731207615300 ) ) ;
#1116 = CYLINDRICAL_SURFACE ( 'NONE', #1117, 0.009000000000000035700 ) ;
#1117 = AXIS2_PLACEMENT_3D ( 'NONE', #2283, #2264, #2298 ) ;
#1118 = CARTESIAN_POINT ( 'NONE',  ( -0.04814226063671089200, 0.07043254144234166500, 0.0006666306328743759300 ) ) ;
#1119 = LINE ( 'NONE', #1144, #657 ) ;
#1120 = CARTESIAN_POINT ( 'NONE',  ( -1.666273361044660500E-016, 0.05999999999999999800, 0.1599999999999999200 ) ) ;
#1122 = VERTEX_POINT ( 'NONE', #2086 ) ;
#1121 = CARTESIAN_POINT ( 'NONE',  ( -0.003381309147101380400, 0.06217747717682604900, -0.01418110923089359000 ) ) ;
#1123 = EDGE_CURVE ( 'NONE', #1240, #2914, #744, .T. ) ;
#1124 = DIRECTION ( 'NONE',  ( 0.0000000000000000000, 0.0000000000000000000, 1.000000000000000000 ) ) ;
#1125 = ORIENTED_EDGE ( 'NONE', *, *, #1097, .F. ) ;
#1126 = CARTESIAN_POINT ( 'NONE',  ( 0.02500000000000000100, 0.01999999999999996600, 0.0000000000000000000 ) ) ;
#1127 = CARTESIAN_POINT ( 'NONE',  ( 0.03518919959602303400, 0.06308727158922918000, -0.01047031579757188300 ) ) ;
#1128 = VERTEX_POINT ( 'NONE', #132 ) ;
#1129 = CARTESIAN_POINT ( 'NONE',  ( -0.03572128036703815800, 0.07504530207393117500, -0.004443431313398758600 ) ) ;
#1130 = CARTESIAN_POINT ( 'NONE',  ( 0.0003493512272417198800, 0.06398471501114252900, -0.01310365538274726700 ) ) ;
#1131 = CARTESIAN_POINT ( 'NONE',  ( -0.003569843842801936800, 0.06180449852812636100, -0.01438677413826532800 ) ) ;
#1132 = ORIENTED_EDGE ( 'NONE', *, *, #2224, .T. ) ;
#1133 = ORIENTED_EDGE ( 'NONE', *, *, #2153, .F. ) ;
#1134 = DIRECTION ( 'NONE',  ( 1.000000000000000000, 0.0000000000000000000, 0.0000000000000000000 ) ) ;
#1135 = DIRECTION ( 'NONE',  ( 2.026496089157345700E-017, 1.000000000000000000, 1.513548936158882500E-033 ) ) ;
#1136 = DIRECTION ( 'NONE',  ( 1.333910153156378700E-016, 0.0000000000000000000, -1.000000000000000000 ) ) ;
#1137 = DIRECTION ( 'NONE',  ( 1.000000000000000000, 0.0000000000000000000, 0.0000000000000000000 ) ) ;
#1138 = ORIENTED_EDGE ( 'NONE', *, *, #86, .T. ) ;
#1139 = AXIS2_PLACEMENT_3D ( 'NONE', #1711, #2861, #1721 ) ;
#1140 = ORIENTED_EDGE ( 'NONE', *, *, #593, .F. ) ;
#1141 = EDGE_CURVE ( 'NONE', #3106, #2755, #908, .T. ) ;
#1142 = CARTESIAN_POINT ( 'NONE',  ( 0.02499999999999984500, 0.05999999999999999800, 0.01799999999999995000 ) ) ;
#1143 = DIRECTION ( 'NONE',  ( 0.0000000000000000000, -0.0000000000000000000, -1.000000000000000000 ) ) ;
#1144 = CARTESIAN_POINT ( 'NONE',  ( 0.02499999999999984500, 0.05400000000000003400, 0.01799999999999995000 ) ) ;
#1145 = EDGE_CURVE ( 'NONE', #2168, #952, #651, .T. ) ;
#1146 = ORIENTED_EDGE ( 'NONE', *, *, #2680, .T. ) ;
#1147 = DIRECTION ( 'NONE',  ( -2.109669014764322700E-017, 0.8571673007021091100, 0.5150380749100594800 ) ) ;
#1148 = CARTESIAN_POINT ( 'NONE',  ( 0.02499999999999983500, 0.06900000000000003400, 0.1599999999999999200 ) ) ;
#1149 = EDGE_CURVE ( 'NONE', #1075, #2197, #838, .T. ) ;
#1150 = CYLINDRICAL_SURFACE ( 'NONE', #1197, 0.01100000000000000300 ) ;
#1151 = CARTESIAN_POINT ( 'NONE',  ( 0.01590038099125611400, 0.02682674348064374000, -0.01858345774615145100 ) ) ;
#1152 = ORIENTED_EDGE ( 'NONE', *, *, #2009, .T. ) ;
#1153 = CARTESIAN_POINT ( 'NONE',  ( -0.01590311583815633500, 0.02682447501291588800, -0.01858297970649959100 ) ) ;
#1154 = ORIENTED_EDGE ( 'NONE', *, *, #210, .F. ) ;
#1155 = VECTOR ( 'NONE', #1014, 39.37007874015748100 ) ;
#1156 = LINE ( 'NONE', #2047, #2725 ) ;
#1157 = ORIENTED_EDGE ( 'NONE', *, *, #97, .F. ) ;
#1158 = VECTOR ( 'NONE', #2105, 39.37007874015748100 ) ;
#1159 = EDGE_LOOP ( 'NONE', ( #1082, #2319, #2912, #1664 ) ) ;
#1160 = DIRECTION ( 'NONE',  ( 0.0000000000000000000, 0.0000000000000000000, 1.000000000000000000 ) ) ;
#1161 = VECTOR ( 'NONE', #1765, 39.37007874015748100 ) ;
#1162 = EDGE_LOOP ( 'NONE', ( #278, #615, #2460, #1911, #2090, #783, #1507, #1111 ) ) ;
#1163 = CARTESIAN_POINT ( 'NONE',  ( -1.560216433481612500E-016, 0.05999999999999999800, 0.01799999999999995000 ) ) ;
#1164 = APPLICATION_CONTEXT ( 'automotive_design' ) ;
#1165 = EDGE_LOOP ( 'NONE', ( #1777, #2765, #607, #2305 ) ) ;
#1166 = DIRECTION ( 'NONE',  ( -0.0000000000000000000, -8.130499981143647400E-016, 1.000000000000000000 ) ) ;
#1167 = CARTESIAN_POINT ( 'NONE',  ( -1.666273361044660500E-016, 0.05999999999999999800, 0.1599999999999999800 ) ) ;
#1168 = CARTESIAN_POINT ( 'NONE',  ( 0.03326151574638820000, 0.06716901289711768600, -0.01164144724234322100 ) ) ;
#1169 = CYLINDRICAL_SURFACE ( 'NONE', #1589, 0.003999999999999999200 ) ;
#1170 = CARTESIAN_POINT ( 'NONE',  ( 0.004000000000000000100, 0.006749999999999960000, -0.02649999999999996100 ) ) ;
#1171 = ORIENTED_EDGE ( 'NONE', *, *, #210, .T. ) ;
#1172 = AXIS2_PLACEMENT_3D ( 'NONE', #41, #1900, #2882 ) ;
#1173 = EDGE_CURVE ( 'NONE', #2042, #2541, #732, .T. ) ;
#1174 = EDGE_LOOP ( 'NONE', ( #1636, #2031, #1132, #2297 ) ) ;
#1175 = EDGE_CURVE ( 'NONE', #1483, #673, #567, .T. ) ;
#1176 = DIRECTION ( 'NONE',  ( -0.0000000000000000000, -0.0000000000000000000, -1.000000000000000000 ) ) ;
#1177 = CARTESIAN_POINT ( 'NONE',  ( -0.02893647345139130000, 0.06083826076412501100, -0.01325342075396378900 ) ) ;
#1178 = APPLICATION_CONTEXT ( 'automotive_design' ) ;
#1179 = DIRECTION ( 'NONE',  ( 0.0000000000000000000, 1.000000000000000000, 0.0000000000000000000 ) ) ;
#1180 = CARTESIAN_POINT ( 'NONE',  ( -0.01100000000000000100, 0.01999999999999996600, 0.1699999999999999800 ) ) ;
#1181 = VERTEX_POINT ( 'NONE', #833 ) ;
#1182 = CARTESIAN_POINT ( 'NONE',  ( 0.01438313161088163600, 0.02540520277666033800, -0.01827420817630460300 ) ) ;
#1183 = CARTESIAN_POINT ( 'NONE',  ( 0.02142933063178154400, 0.05819713553951843400, -0.01589488298369056600 ) ) ;
#1184 = EDGE_CURVE ( 'NONE', #2849, #859, #614, .T. ) ;
#1185 = CARTESIAN_POINT ( 'NONE',  ( -0.01685011350640774500, 0.02869503026860298300, -0.01841690812878176600 ) ) ;
#1186 = B_SPLINE_CURVE_WITH_KNOTS ( 'NONE', 3,
 ( #618, #199, #601, #850, #1357, #2080, #2312, #320, #1801, #1564, #924, #423, #692 ),
 .UNSPECIFIED., .F., .F.,
 ( 4, 3, 3, 3, 4 ),
 ( 7.638230467799030400E-005, 8.209961593438357600E-005, 0.0001249274639626527100, 0.0001662112188163328200, 0.0001814225880357281700 ),
 .UNSPECIFIED. ) ;
#1187 = ORIENTED_EDGE ( 'NONE', *, *, #3042, .T. ) ;
#1188 = CARTESIAN_POINT ( 'NONE',  ( -0.04017486002265778500, 0.07257093728145128100, -0.007227187755585429700 ) ) ;
#1189 = AXIS2_PLACEMENT_3D ( 'NONE', #2934, #879, #2874 ) ;
#1190 = ADVANCED_FACE ( 'NONE', ( #483 ), #420, .T. ) ;
#1191 = ORIENTED_EDGE ( 'NONE', *, *, #1074, .T. ) ;
#1192 = CARTESIAN_POINT ( 'NONE',  ( 0.004000000000000000100, -0.02500000000000004000, -0.02899999999999996700 ) ) ;
#1193 = CIRCLE ( 'NONE', #2391, 0.005999999999999983600 ) ;
#1194 = PLANE ( 'NONE',  #2010 ) ;
#1195 = ORIENTED_EDGE ( 'NONE', *, *, #2949, .T. ) ;
#1196 = DIRECTION ( 'NONE',  ( 0.0000000000000000000, 0.0000000000000000000, 1.000000000000000000 ) ) ;
#1197 = AXIS2_PLACEMENT_3D ( 'NONE', #1006, #57, #81 ) ;
#1198 = DIRECTION ( 'NONE',  ( 0.0000000000000000000, 1.000000000000000000, 0.0000000000000000000 ) ) ;
#1199 = CARTESIAN_POINT ( 'NONE',  ( 0.02988728630279538200, 0.06965158101737382900, -0.009604592723061437500 ) ) ;
#1200 = EDGE_CURVE ( 'NONE', #745, #3029, #448, .T. ) ;
#1201 = EDGE_LOOP ( 'NONE', ( #990, #76, #1001, #1809 ) ) ;
#1202 = CARTESIAN_POINT ( 'NONE',  ( -0.04104375706014078100, 0.002499999999999975300, 0.0000000000000000000 ) ) ;
#1203 = CARTESIAN_POINT ( 'NONE',  ( 0.02863271043983742600, 0.06173332549655544100, -0.01321192956576315200 ) ) ;
#1204 = ORIENTED_EDGE ( 'NONE', *, *, #2055, .F. ) ;
#1205 = ORIENTED_EDGE ( 'NONE', *, *, #474, .T. ) ;
#1206 = FACE_OUTER_BOUND ( 'NONE', #565, .T. ) ;
#1207 = ORIENTED_EDGE ( 'NONE', *, *, #2623, .T. ) ;
#1208 = VECTOR ( 'NONE', #1147, 39.37007874015748100 ) ;
#1209 = CYLINDRICAL_SURFACE ( 'NONE', #2852, 0.003999999999999999200 ) ;
#1210 = CARTESIAN_POINT ( 'NONE',  ( -1.666273361044660500E-016, 0.05999999999999999800, 0.1599999999999999800 ) ) ;
#1211 = CARTESIAN_POINT ( 'NONE',  ( 0.02309182208435078800, 0.05648448338899825200, -0.01580731025233045300 ) ) ;
#1212 = ADVANCED_FACE ( 'NONE', ( #305 ), #225, .T. ) ;
#1213 = VERTEX_POINT ( 'NONE', #553 ) ;
#1214 = CARTESIAN_POINT ( 'NONE',  ( -0.04749999999999999400, 0.007763561391892969900, 0.0000000000000000000 ) ) ;
#1215 = CYLINDRICAL_SURFACE ( 'NONE', #939, 0.004000000000000003600 ) ;
#1216 = AXIS2_PLACEMENT_3D ( 'NONE', #365, #2121, #641 ) ;
#1217 = LINE ( 'NONE', #1784, #1161 ) ;
#1218 = FILL_AREA_STYLE ('',( #33 ) ) ;
#1219 = CARTESIAN_POINT ( 'NONE',  ( 0.02796536756886059900, 0.05847478836372032400, -0.01382437556375301500 ) ) ;
#1220 = CARTESIAN_POINT ( 'NONE',  ( -0.03340419888717573200, 0.01800489269930270100, -0.01167236724099277200 ) ) ;
#1221 = CARTESIAN_POINT ( 'NONE',  ( 0.02880714885284768900, 0.06130637563150071600, -0.01323155695108718500 ) ) ;
#1222 = CARTESIAN_POINT ( 'NONE',  ( -0.04205275251195207700, 0.06728368508997872900, -0.005742751241042383900 ) ) ;
#1223 = CARTESIAN_POINT ( 'NONE',  ( -0.05000000000000000300, 0.07999999999999996000, 0.1000000000000000200 ) ) ;
#1224 = ADVANCED_FACE ( 'NONE', ( #224 ), #2546, .T. ) ;
#1225 = CARTESIAN_POINT ( 'NONE',  ( 0.04749999999999999400, 0.002499999999999973200, 0.0000000000000000000 ) ) ;
#1226 = DIRECTION ( 'NONE',  ( 0.0000000000000000000, 0.0000000000000000000, 1.000000000000000000 ) ) ;
#1227 = ORIENTED_EDGE ( 'NONE', *, *, #996, .T. ) ;
#1228 = CARTESIAN_POINT ( 'NONE',  ( 0.02375411221731453200, 0.06372983927606744300, -0.01326225650395595500 ) ) ;
#1229 = VERTEX_POINT ( 'NONE', #66 ) ;
#1230 = CARTESIAN_POINT ( 'NONE',  ( 0.004000000000000000100, 0.01049999999999996600, -0.02274999999999996500 ) ) ;
#1231 = ORIENTED_EDGE ( 'NONE', *, *, #2287, .T. ) ;
#1232 = AXIS2_PLACEMENT_3D ( 'NONE', #1167, #981, #913 ) ;
#1233 = ORIENTED_EDGE ( 'NONE', *, *, #1175, .T. ) ;
#1234 = CARTESIAN_POINT ( 'NONE',  ( -0.02988361789796818000, 0.06964803709148233200, -0.009606768015368314200 ) ) ;
#1235 = CARTESIAN_POINT ( 'NONE',  ( -0.004030976417722242600, 0.05995614450105540100, -0.01535486648457516100 ) ) ;
#1236 = CARTESIAN_POINT ( 'NONE',  ( 0.02499999999999984500, 0.05999999999999999800, 0.01799999999999995000 ) ) ;
#1237 = EDGE_LOOP ( 'NONE', ( #1586, #260 ) ) ;
#1238 = ORIENTED_EDGE ( 'NONE', *, *, #178, .T. ) ;
#1239 = CARTESIAN_POINT ( 'NONE',  ( -0.02500000000000015800, 0.06900000000000000600, -0.02500000000000005000 ) ) ;
#1240 = VERTEX_POINT ( 'NONE', #2621 ) ;
#1241 = ADVANCED_FACE ( 'NONE', ( #267 ), #2724, .F. ) ;
#1242 = CIRCLE ( 'NONE', #2889, 0.005999999999999967200 ) ;
#1243 = CARTESIAN_POINT ( 'NONE',  ( -0.03155183111367920000, 0.01416763311910808300, -0.01270644359822807400 ) ) ;
#1244 = DIRECTION ( 'NONE',  ( 0.0000000000000000000, 0.0000000000000000000, 1.000000000000000000 ) ) ;
#1245 = ORIENTED_EDGE ( 'NONE', *, *, #1518, .F. ) ;
#1246 = VERTEX_POINT ( 'NONE', #2873 ) ;
#1247 = CIRCLE ( 'NONE', #1762, 0.006249999999999999500 ) ;
#1248 = VERTEX_POINT ( 'NONE', #2393 ) ;
#1249 = FACE_OUTER_BOUND ( 'NONE', #2405, .T. ) ;
#1250 = CARTESIAN_POINT ( 'NONE',  ( -0.03325712664639198700, 0.06716548580635911500, -0.01164330486149196000 ) ) ;
#1251 = LINE ( 'NONE', #1311, #1155 ) ;
#1252 = FACE_OUTER_BOUND ( 'NONE', #1043, .T. ) ;
#1253 = SURFACE_SIDE_STYLE ('',( #1774 ) ) ;
#1254 = PLANE ( 'NONE',  #3003 ) ;
#1255 = ORIENTED_EDGE ( 'NONE', *, *, #1638, .T. ) ;
#1256 = DIRECTION ( 'NONE',  ( -2.109669014764322700E-017, 0.8571673007021091100, 0.5150380749100594800 ) ) ;
#1257 = DIRECTION ( 'NONE',  ( -1.000000000000000000, -0.0000000000000000000, 0.0000000000000000000 ) ) ;
#1258 = VECTOR ( 'NONE', #2632, 39.37007874015748100 ) ;
#1259 = VERTEX_POINT ( 'NONE', #1972 ) ;
#1260 = ADVANCED_FACE ( 'NONE', ( #188 ), #114, .F. ) ;
#1261 = ORIENTED_EDGE ( 'NONE', *, *, #1145, .T. ) ;
#1262 = AXIS2_PLACEMENT_3D ( 'NONE', #3013, #1135, #277 ) ;
#1263 = DIRECTION ( 'NONE',  ( 0.0000000000000000000, -1.000000000000000000, 0.0000000000000000000 ) ) ;
#1264 = EDGE_CURVE ( 'NONE', #1327, #2416, #2587, .T. ) ;
#1265 = DIRECTION ( 'NONE',  ( 0.0000000000000000000, 0.0000000000000000000, 1.000000000000000000 ) ) ;
#1266 = DIRECTION ( 'NONE',  ( -7.468797715707625400E-017, -6.842277657836020900E-049, 1.000000000000000000 ) ) ;
#1267 = CARTESIAN_POINT ( 'NONE',  ( 0.02900000000000000100, 0.006749999999999967000, -0.02274999999999996500 ) ) ;
#1268 = AXIS2_PLACEMENT_3D ( 'NONE', #1424, #2326, #3148 ) ;
#1269 = EDGE_LOOP ( 'NONE', ( #2246, #2255, #2670, #1333 ) ) ;
#1270 = CARTESIAN_POINT ( 'NONE',  ( -0.03518486808618178500, 0.06308450433495725600, -0.01047231552368106300 ) ) ;
#1271 = LINE ( 'NONE', #2539, #2186 ) ;
#1272 = CARTESIAN_POINT ( 'NONE',  ( -0.02500000000000015800, 0.05999999999999999800, -0.01600000000000003800 ) ) ;
#1273 = DIRECTION ( 'NONE',  ( -0.0000000000000000000, -8.130499981143647400E-016, 1.000000000000000000 ) ) ;
#1274 = ORIENTED_EDGE ( 'NONE', *, *, #2743, .T. ) ;
#1275 = ADVANCED_FACE ( 'NONE', ( #271 ), #198, .F. ) ;
#1276 = ORIENTED_EDGE ( 'NONE', *, *, #1706, .F. ) ;
#1277 = ORIENTED_EDGE ( 'NONE', *, *, #62, .F. ) ;
#1278 = ORIENTED_EDGE ( 'NONE', *, *, #1489, .T. ) ;
#1279 = VERTEX_POINT ( 'NONE', #180 ) ;
#1280 = VERTEX_POINT ( 'NONE', #2302 ) ;
#1281 = EDGE_LOOP ( 'NONE', ( #2636, #2488, #1852, #179 ) ) ;
#1282 = ORIENTED_EDGE ( 'NONE', *, *, #591, .F. ) ;
#1283 = LINE ( 'NONE', #1933, #948 ) ;
#1284 = ORIENTED_EDGE ( 'NONE', *, *, #1481, .T. ) ;
#1285 = ORIENTED_EDGE ( 'NONE', *, *, #1720, .F. ) ;
#1286 = CARTESIAN_POINT ( 'NONE',  ( -1.535108224186348900E-016, 0.06400000000000000100, -0.01600000000000003800 ) ) ;
#1287 = CIRCLE ( 'NONE', #1012, 0.003999999999999999200 ) ;
#1288 = AXIS2_PLACEMENT_3D ( 'NONE', #2810, #1576, #3115 ) ;
#1289 = CARTESIAN_POINT ( 'NONE',  ( 0.02888875119280858200, 0.05906318936789303800, -0.01338697782374690200 ) ) ;
#1290 = FACE_OUTER_BOUND ( 'NONE', #2824, .T. ) ;
#1291 = EDGE_CURVE ( 'NONE', #2683, #389, #116, .T. ) ;
#1292 = ORIENTED_EDGE ( 'NONE', *, *, #2777, .F. ) ;
#1293 = ADVANCED_FACE ( 'NONE', ( #109 ), #2490, .F. ) ;
#1294 = CARTESIAN_POINT ( 'NONE',  ( -0.02500000000000015800, 0.1050000000000000100, -0.02500000000000005000 ) ) ;
#1295 = VERTEX_POINT ( 'NONE', #431 ) ;
#1296 = CARTESIAN_POINT ( 'NONE',  ( -0.02375417876135154200, 0.06372990352608276500, -0.01326221681877484300 ) ) ;
#1297 = ORIENTED_EDGE ( 'NONE', *, *, #1615, .F. ) ;
#1298 = DIRECTION ( 'NONE',  ( 0.0000000000000000000, 1.000000000000000000, 0.0000000000000000000 ) ) ;
#1299 = CARTESIAN_POINT ( 'NONE',  ( 0.02760182250254278300, 0.05696182297005898700, -0.01399184130759533100 ) ) ;
#1300 = FACE_OUTER_BOUND ( 'NONE', #1269, .T. ) ;
#1301 = ORIENTED_EDGE ( 'NONE', *, *, #1062, .F. ) ;
#1302 =( GEOMETRIC_REPRESENTATION_CONTEXT ( 3 ) GLOBAL_UNCERTAINTY_ASSIGNED_CONTEXT ( ( #2352 ) ) GLOBAL_UNIT_ASSIGNED_CONTEXT ( ( #2674, #2663, #413 ) ) REPRESENTATION_CONTEXT ( 'NONE', 'WORKASPACE' ) );
#1303 = B_SPLINE_CURVE_WITH_KNOTS ( 'NONE', 3,
 ( #2126, #724, #2977, #2942, #2697, #2876 ),
 .UNSPECIFIED., .F., .F.,
 ( 4, 2, 4 ),
 ( 0.0007176306701246407000, 0.001106198483122517800, 0.001494766296120394900 ),
 .UNSPECIFIED. ) ;
#1304 = DIRECTION ( 'NONE',  ( 1.000000000000000000, 0.0000000000000000000, -0.0000000000000000000 ) ) ;
#1305 = ORIENTED_EDGE ( 'NONE', *, *, #748, .T. ) ;
#1306 = CARTESIAN_POINT ( 'NONE',  ( 0.02900185927100123700, 0.06043126418841286000, -0.01327557888932010300 ) ) ;
#1307 = ORIENTED_EDGE ( 'NONE', *, *, #69, .T. ) ;
#1308 = EDGE_CURVE ( 'NONE', #882, #1886, #2783, .T. ) ;
#1309 = ORIENTED_EDGE ( 'NONE', *, *, #1961, .F. ) ;
#1310 = ORIENTED_EDGE ( 'NONE', *, *, #589, .T. ) ;
#1311 = CARTESIAN_POINT ( 'NONE',  ( -0.02500000000000016800, 0.06900000000000003400, 0.1599999999999999200 ) ) ;
#1312 = DIRECTION ( 'NONE',  ( 1.333910153156378700E-016, 0.0000000000000000000, -1.000000000000000000 ) ) ;
#1313 = CARTESIAN_POINT ( 'NONE',  ( -0.02100000000000000500, 0.03999999999999998000, 0.02515625000000004300 ) ) ;
#1314 = B_SPLINE_CURVE_WITH_KNOTS ( 'NONE', 3,
 ( #218, #238, #205, #193 ),
 .UNSPECIFIED., .F., .F.,
 ( 4, 4 ),
 ( 0.0000000000000000000, 0.0006468932590382747200 ),
 .UNSPECIFIED. ) ;
#1315 = DIRECTION ( 'NONE',  ( 1.000000000000000000, -4.268512490100410900E-016, 2.002219656938814700E-032 ) ) ;
#1316 = VECTOR ( 'NONE', #977, 39.37007874015748100 ) ;
#1317 = DIRECTION ( 'NONE',  ( 0.0000000000000000000, 1.000000000000000000, 0.0000000000000000000 ) ) ;
#1318 = CARTESIAN_POINT ( 'NONE',  ( 0.02839577379372581700, 0.06211393480075520800, -0.01318997723039860700 ) ) ;
#1319 = ORIENTED_EDGE ( 'NONE', *, *, #2949, .F. ) ;
#1320 = B_SPLINE_CURVE_WITH_KNOTS ( 'NONE', 3,
 ( #2838, #1413, #2217, #2629, #1561, #854, #286, #2817, #2825, #1299, #985, #790, #424, #3095, #2976, #2350, #2202, #1569, #1797 ),
 .UNSPECIFIED., .F., .F.,
 ( 4, 3, 3, 3, 3, 3, 4 ),
 ( 0.0002561191623814074900, 0.0002580117251105924900, 0.0002887682201354081200, 0.0003211863345866880500, 0.0003566002650934397600, 0.0003950024537479216500, 0.0003980792954443179600 ),
 .UNSPECIFIED. ) ;
#1321 = VERTEX_POINT ( 'NONE', #2612 ) ;
#1322 = ORIENTED_EDGE ( 'NONE', *, *, #2097, .T. ) ;
#1323 = CARTESIAN_POINT ( 'NONE',  ( -0.02796544591017840700, 0.05847483838535855200, -0.01382433918944247900 ) ) ;
#1324 = FACE_OUTER_BOUND ( 'NONE', #1771, .T. ) ;
#1325 = DIRECTION ( 'NONE',  ( -1.000000000000000000, 0.0000000000000000000, -1.333910153156378700E-016 ) ) ;
#1326 = LINE ( 'NONE', #3111, #1070 ) ;
#1327 = VERTEX_POINT ( 'NONE', #2854 ) ;
#1328 = DIRECTION ( 'NONE',  ( -1.608103329140323500E-016, -0.8571673007021091100, 0.5150380749100594800 ) ) ;
#1329 = ORIENTED_EDGE ( 'NONE', *, *, #1915, .F. ) ;
#1330 = CIRCLE ( 'NONE', #3037, 0.006249999999999999500 ) ;
#1331 = VERTEX_POINT ( 'NONE', #1451 ) ;
#1332 = DIRECTION ( 'NONE',  ( 0.0000000000000000000, 0.0000000000000000000, 1.000000000000000000 ) ) ;
#1333 = ORIENTED_EDGE ( 'NONE', *, *, #953, .T. ) ;
#1334 = DIRECTION ( 'NONE',  ( -7.468797715707625400E-017, -6.842277657836020900E-049, 1.000000000000000000 ) ) ;
#1335 = VERTEX_POINT ( 'NONE', #2833 ) ;
#1336 = EDGE_CURVE ( 'NONE', #2608, #242, #46, .T. ) ;
#1337 = CIRCLE ( 'NONE', #1497, 0.003999999999999999200 ) ;
#1338 = CARTESIAN_POINT ( 'NONE',  ( 0.004000000000000000100, 0.01299999999999996600, -0.02274999999999996500 ) ) ;
#1339 = CARTESIAN_POINT ( 'NONE',  ( -0.03433112174718080300, 0.07373882096956942100, -0.005606726504989664900 ) ) ;
#1340 = CARTESIAN_POINT ( 'NONE',  ( 0.01400000000000000200, 0.01999999999999996600, 0.1699999999999999800 ) ) ;
#1341 = CARTESIAN_POINT ( 'NONE',  ( 0.04413699128758940400, 0.01166703159057029400, -0.003442271544016238500 ) ) ;
#1342 = CARTESIAN_POINT ( 'NONE',  ( -0.02500000000000016800, 0.05999999999999999800, 0.1599999999999999200 ) ) ;
#1343 = CARTESIAN_POINT ( 'NONE',  ( 0.02499999999999984900, 0.06900000000000000600, -0.02900000000000004300 ) ) ;
#1344 = CARTESIAN_POINT ( 'NONE',  ( -1.666273361044660500E-016, 0.05999999999999999800, 0.1599999999999999200 ) ) ;
#1345 = CARTESIAN_POINT ( 'NONE',  ( -0.05000000000000000300, 0.07999999999999996000, 0.0000000000000000000 ) ) ;
#1346 = CIRCLE ( 'NONE', #2703, 0.009000000000000035700 ) ;
#1347 = CARTESIAN_POINT ( 'NONE',  ( 0.04749999999999999400, 0.009902073896872164200, 0.0000000000000000000 ) ) ;
#1348 = EDGE_LOOP ( 'NONE', ( #272, #604, #2344, #2328, #1541, #279, #1146 ) ) ;
#1349 = DIRECTION ( 'NONE',  ( 0.0000000000000000000, 1.000000000000000000, 0.0000000000000000000 ) ) ;
#1350 = EDGE_CURVE ( 'NONE', #426, #1879, #51, .T. ) ;
#1351 = EDGE_CURVE ( 'NONE', #3086, #673, #352, .T. ) ;
#1352 = DIRECTION ( 'NONE',  ( -2.109669014764322700E-017, 0.8571673007021091100, 0.5150380749100594800 ) ) ;
#1353 = ORIENTED_EDGE ( 'NONE', *, *, #2766, .T. ) ;
#1354 = DIRECTION ( 'NONE',  ( -1.000000000000000000, 1.333910153156378400E-016, 0.0000000000000000000 ) ) ;
#1355 = EDGE_CURVE ( 'NONE', #1947, #2359, #1371, .T. ) ;
#1356 = EDGE_CURVE ( 'NONE', #1295, #2122, #1795, .T. ) ;
#1357 = CARTESIAN_POINT ( 'NONE',  ( -0.02144876511371897700, 0.06190794745985764300, -0.01433313341702646500 ) ) ;
#1358 = B_SPLINE_CURVE_WITH_KNOTS ( 'NONE', 3,
 ( #1732, #1536, #1756, #2023 ),
 .UNSPECIFIED., .F., .F.,
 ( 4, 4 ),
 ( 0.0003980792954443179600, 0.0004191009722402136300 ),
 .UNSPECIFIED. ) ;
#1359 = ORIENTED_EDGE ( 'NONE', *, *, #37, .T. ) ;
#1360 = CARTESIAN_POINT ( 'NONE',  ( -0.04749999999999999400, 0.07749999999999999900, 0.0000000000000000000 ) ) ;
#1361 = MECHANICAL_DESIGN_GEOMETRIC_PRESENTATION_REPRESENTATION (  '', ( #1411 ), #1302 ) ;
#1362 = CARTESIAN_POINT ( 'NONE',  ( 0.02499999999999983500, 0.05099999999999996200, 0.1599999999999999200 ) ) ;
#1363 = FACE_OUTER_BOUND ( 'NONE', #1174, .T. ) ;
#1364 = FACE_OUTER_BOUND ( 'NONE', #2607, .T. ) ;
#1365 = LINE ( 'NONE', #2434, #1393 ) ;
#1366 = EDGE_CURVE ( 'NONE', #909, #1335, #625, .T. ) ;
#1367 = VECTOR ( 'NONE', #2808, 39.37007874015748100 ) ;
#1368 = VERTEX_POINT ( 'NONE', #907 ) ;
#1369 = CARTESIAN_POINT ( 'NONE',  ( 0.02499999999999983500, 0.05999999999999999800, 0.1599999999999999200 ) ) ;
#1370 = DIRECTION ( 'NONE',  ( -7.468797715707625400E-017, -6.842277657836020900E-049, 1.000000000000000000 ) ) ;
#1371 = CIRCLE ( 'NONE', #1649, 0.006249999999999999500 ) ;
#1372 = CIRCLE ( 'NONE', #2110, 0.009000000000000044400 ) ;
#1373 = PLANE ( 'NONE',  #2248 ) ;
#1374 = LINE ( 'NONE', #172, #3073 ) ;
#1375 = CARTESIAN_POINT ( 'NONE',  ( -0.02613118612840727200, 0.06144100702591581000, -0.01467599768062867600 ) ) ;
#1376 = CARTESIAN_POINT ( 'NONE',  ( 0.004000000000000000100, 0.006749999999999960000, -0.02899999999999996700 ) ) ;
#1377 = AXIS2_PLACEMENT_3D ( 'NONE', #93, #1379, #635 ) ;
#1378 = CARTESIAN_POINT ( 'NONE',  ( 0.05000000000000000300, 0.07999999999999996000, 0.1000000000000000200 ) ) ;
#1379 = DIRECTION ( 'NONE',  ( 1.000000000000000000, -2.026496089157345700E-017, 7.468797715707625400E-017 ) ) ;
#1380 = CARTESIAN_POINT ( 'NONE',  ( 0.02613111123079964200, 0.06144094685844975200, -0.01467602955587520000 ) ) ;
#1381 = DIRECTION ( 'NONE',  ( -1.000000000000000000, -0.0000000000000000000, -0.0000000000000000000 ) ) ;
#1382 = EDGE_CURVE ( 'NONE', #2369, #1229, #414, .T. ) ;
#1383 = ORIENTED_EDGE ( 'NONE', *, *, #2009, .F. ) ;
#1384 = CARTESIAN_POINT ( 'NONE',  ( -0.02717315382656532900, 0.01299999999999997500, -0.01103887279385856200 ) ) ;
#1385 = DIRECTION ( 'NONE',  ( -7.468797715707625400E-017, -6.842277657836020900E-049, 1.000000000000000000 ) ) ;
#1386 = EDGE_CURVE ( 'NONE', #1551, #2566, #1337, .T. ) ;
#1387 = ORIENTED_EDGE ( 'NONE', *, *, #2052, .T. ) ;
#1388 = ORIENTED_EDGE ( 'NONE', *, *, #1578, .T. ) ;
#1389 = FACE_OUTER_BOUND ( 'NONE', #2070, .T. ) ;
#1390 = CARTESIAN_POINT ( 'NONE',  ( 0.04749999999999999400, 0.01299999999999997500, -0.01103887279385856200 ) ) ;
#1391 = VERTEX_POINT ( 'NONE', #2639 ) ;
#1392 = CARTESIAN_POINT ( 'NONE',  ( 0.001276512344315206600, 0.06381775225018251900, -0.01320846970905598500 ) ) ;
#1393 = VECTOR ( 'NONE', #1890, 39.37007874015748100 ) ;
#1394 = ORIENTED_EDGE ( 'NONE', *, *, #502, .T. ) ;
#1395 = CARTESIAN_POINT ( 'NONE',  ( -1.666273361044660500E-016, 0.05999999999999999800, 0.1599999999999999200 ) ) ;
#1396 = PRESENTATION_LAYER_ASSIGNMENT (  '', '', ( #1411 ) ) ;
#1397 = CARTESIAN_POINT ( 'NONE',  ( 0.02499999999999984900, 0.06900000000000000600, -0.02500000000000005000 ) ) ;
#1398 = DIRECTION ( 'NONE',  ( 1.000000000000000000, -2.026496089157345700E-017, 7.468797715707625400E-017 ) ) ;
#1399 = EDGE_LOOP ( 'NONE', ( #2937, #148, #600, #2058, #2360, #412, #2728 ) ) ;
#1400 = CIRCLE ( 'NONE', #3007, 0.04515625000000003700 ) ;
#1401 = ORIENTED_EDGE ( 'NONE', *, *, #2163, .T. ) ;
#1402 = DIRECTION ( 'NONE',  ( 0.0000000000000000000, 0.0000000000000000000, -1.000000000000000000 ) ) ;
#1403 = CARTESIAN_POINT ( 'NONE',  ( -0.02837391937031932100, 0.01174850631879152500, -0.01091436767907111000 ) ) ;
#1404 = AXIS2_PLACEMENT_3D ( 'NONE', #2560, #1865, #2340 ) ;
#1405 = CARTESIAN_POINT ( 'NONE',  ( 0.02717315382588108100, 0.01299999999999996600, -0.01103887279385856400 ) ) ;
#1406 = CARTESIAN_POINT ( 'NONE',  ( -0.02900000000000000100, 0.01299999999999996600, -0.01093562738243106100 ) ) ;
#1407 = CARTESIAN_POINT ( 'NONE',  ( 0.05000000000000000300, 0.03799999999999999200, 0.1699999999999999800 ) ) ;
#1408 = CARTESIAN_POINT ( 'NONE',  ( 0.0000000000000000000, 0.0000000000000000000, 0.0000000000000000000 ) ) ;
#1409 = B_SPLINE_CURVE_WITH_KNOTS ( 'NONE', 3,
 ( #2181, #1844, #2107, #1999 ),
 .UNSPECIFIED., .F., .F.,
 ( 4, 4 ),
 ( 0.001077338378868104400, 0.001496865913521979400 ),
 .UNSPECIFIED. ) ;
#1410 = CARTESIAN_POINT ( 'NONE',  ( 0.0008142435344887636600, 0.06394395658861597200, -0.01312920639074960400 ) ) ;
#1411 = STYLED_ITEM ( 'NONE', ( #2325 ), #1421 ) ;
#1412 = CARTESIAN_POINT ( 'NONE',  ( -0.01400000000000000200, 0.01999999999999996600, 0.1699999999999999800 ) ) ;
#1413 = CARTESIAN_POINT ( 'NONE',  ( 0.02888288396531071100, 0.05903883419177861200, -0.01338981254067968300 ) ) ;
#1414 = FILL_AREA_STYLE ('',( #2842 ) ) ;
#1415 = CARTESIAN_POINT ( 'NONE',  ( -0.02100000000000000500, 0.006749999999999960000, -0.02649999999999996100 ) ) ;
#1416 = EDGE_CURVE ( 'NONE', #1280, #1984, #2074, .T. ) ;
#1417 = DIRECTION ( 'NONE',  ( -2.026496089157345700E-017, -1.000000000000000000, 4.441346491206618400E-047 ) ) ;
#1418 = CARTESIAN_POINT ( 'NONE',  ( -0.02100000000000000500, 0.01049999999999996600, -0.02274999999999996500 ) ) ;
#1419 = AXIS2_PLACEMENT_3D ( 'NONE', #462, #2582, #139 ) ;
#1420 = ORIENTED_EDGE ( 'NONE', *, *, #2685, .T. ) ;
#1421 = MANIFOLD_SOLID_BREP ( 'Join1', #2077 ) ;
#1422 = ADVANCED_FACE ( 'NONE', ( #1432 ), #2648, .F. ) ;
#1423 = FACE_OUTER_BOUND ( 'NONE', #115, .T. ) ;
#1424 = CARTESIAN_POINT ( 'NONE',  ( -0.02500000000000015800, 0.05999999999999999800, -0.01600000000000003800 ) ) ;
#1425 = CIRCLE ( 'NONE', #561, 0.005999999999999983600 ) ;
#1426 = DIRECTION ( 'NONE',  ( -1.000000000000000000, -0.0000000000000000000, 0.0000000000000000000 ) ) ;
#1427 = CARTESIAN_POINT ( 'NONE',  ( 0.04055178099376000000, 0.01374009096874651000, -0.006376422297454743600 ) ) ;
#1428 = CIRCLE ( 'NONE', #402, 0.004000000000000000100 ) ;
#1429 = ORIENTED_EDGE ( 'NONE', *, *, #2619, .T. ) ;
#1430 = CARTESIAN_POINT ( 'NONE',  ( -0.02386308434902534000, 0.06383502578903521600, -0.01319708700864274600 ) ) ;
#1431 = ORIENTED_EDGE ( 'NONE', *, *, #1416, .T. ) ;
#1432 = FACE_OUTER_BOUND ( 'NONE', #1990, .T. ) ;
#1433 = DIRECTION ( 'NONE',  ( -1.000000000000000000, -0.0000000000000000000, 0.0000000000000000000 ) ) ;
#1434 = DIRECTION ( 'NONE',  ( 7.468797715709441000E-017, 1.000000000000000000, -6.123233995736766000E-017 ) ) ;
#1435 = VERTEX_POINT ( 'NONE', #2225 ) ;
#1436 = DIRECTION ( 'NONE',  ( 0.0000000000000000000, 0.0000000000000000000, 1.000000000000000000 ) ) ;
#1437 = ORIENTED_EDGE ( 'NONE', *, *, #136, .T. ) ;
#1438 = CARTESIAN_POINT ( 'NONE',  ( 0.02815967659868882200, 0.06249319563102887600, -0.01316810267072564100 ) ) ;
#1439 = CARTESIAN_POINT ( 'NONE',  ( 0.02899999999999984900, 0.1050000000000000100, -0.02500000000000005000 ) ) ;
#1440 = AXIS2_PLACEMENT_3D ( 'NONE', #1788, #753, #2451 ) ;
#1441 = ADVANCED_FACE ( 'NONE', ( #548 ), #525, .T. ) ;
#1442 = DIRECTION ( 'NONE',  ( 1.000000000000000000, 0.0000000000000000000, 0.0000000000000000000 ) ) ;
#1443 = DIRECTION ( 'NONE',  ( 1.000000000000000000, 0.0000000000000000000, 0.0000000000000000000 ) ) ;
#1444 = CARTESIAN_POINT ( 'NONE',  ( -0.05000000000000000300, 0.0000000000000000000, 0.0000000000000000000 ) ) ;
#1445 = CARTESIAN_POINT ( 'NONE',  ( 0.02512033084759084800, 0.06399818965121940900, -0.01306099133763114600 ) ) ;
#1446 = CARTESIAN_POINT ( 'NONE',  ( -0.02900000000000000100, 0.006749999999999960000, -0.02899999999999996700 ) ) ;
#1447 = ORIENTED_EDGE ( 'NONE', *, *, #2859, .F. ) ;
#1448 = CARTESIAN_POINT ( 'NONE',  ( -0.0009268572592066874800, 0.05612572293572015700, -0.01702254930506347200 ) ) ;
#1449 = AXIS2_PLACEMENT_3D ( 'NONE', #2394, #1196, #1137 ) ;
#1450 = DIRECTION ( 'NONE',  ( 2.026496089156995600E-017, 1.000000000000000000, 0.0000000000000000000 ) ) ;
#1451 = CARTESIAN_POINT ( 'NONE',  ( 0.02499999999999983800, 0.06900000000000003400, 0.1000000000000000100 ) ) ;
#1452 = CARTESIAN_POINT ( 'NONE',  ( 0.01400000000000000200, 0.01999999999999996600, 0.1699999999999999800 ) ) ;
#1453 = ADVANCED_FACE ( 'NONE', ( #1953 ), #1010, .F. ) ;
#1454 = DIRECTION ( 'NONE',  ( 2.026496089157255700E-017, 1.000000000000000000, 0.0000000000000000000 ) ) ;
#1455 = ORIENTED_EDGE ( 'NONE', *, *, #587, .F. ) ;
#1456 = CARTESIAN_POINT ( 'NONE',  ( 0.02785510472817054000, 0.06283687214337234400, -0.01314323406618534400 ) ) ;
#1457 = DIRECTION ( 'NONE',  ( 0.0000000000000000000, 0.0000000000000000000, -1.000000000000000000 ) ) ;
#1458 = EDGE_CURVE ( 'NONE', #334, #1435, #2853, .T. ) ;
#1459 = LINE ( 'NONE', #2517, #1484 ) ;
#1460 = VERTEX_POINT ( 'NONE', #1470 ) ;
#1461 = CARTESIAN_POINT ( 'NONE',  ( -0.02898045911111914900, 0.06039489905635463800, -0.01327883171816883700 ) ) ;
#1462 = VECTOR ( 'NONE', #829, 39.37007874015748100 ) ;
#1463 = CARTESIAN_POINT ( 'NONE',  ( -0.02900000000000001500, 0.01182748648795197400, -0.01014100887684795900 ) ) ;
#1464 = DIRECTION ( 'NONE',  ( 2.026496089157345700E-017, 1.000000000000000000, 1.513548936158882500E-033 ) ) ;
#1465 = PRODUCT ( 'A79607-001', 'A79607-001', '', ( #2630 ) ) ;
#1466 = LINE ( 'NONE', #2182, #1208 ) ;
#1467 = ORIENTED_EDGE ( 'NONE', *, *, #593, .T. ) ;
#1468 = ADVANCED_FACE ( 'NONE', ( #3068 ), #1215, .T. ) ;
#1469 = EDGE_CURVE ( 'NONE', #2178, #1027, #1287, .T. ) ;
#1470 = CARTESIAN_POINT ( 'NONE',  ( 0.02100000000000000500, 0.006749999999999960000, -0.02649999999999996100 ) ) ;
#1471 = DIRECTION ( 'NONE',  ( -1.333910153156378400E-016, 0.0000000000000000000, 1.000000000000000000 ) ) ;
#1472 = CARTESIAN_POINT ( 'NONE',  ( 0.02500000000000000100, 0.01999999999999996600, 0.1699999999999999800 ) ) ;
#1473 = AXIS2_PLACEMENT_3D ( 'NONE', #176, #250, #184 ) ;
#1474 = EDGE_CURVE ( 'NONE', #473, #330, #2243, .T. ) ;
#1475 = CARTESIAN_POINT ( 'NONE',  ( 0.02499999999999983500, 0.05099999999999996200, 0.1000000000000000100 ) ) ;
#1476 = DIRECTION ( 'NONE',  ( -7.468797715707625400E-017, -6.842277657836020900E-049, 1.000000000000000000 ) ) ;
#1477 = ADVANCED_FACE ( 'NONE', ( #2372 ), #78, .T. ) ;
#1478 = PLANE ( 'NONE',  #168 ) ;
#1479 = DIRECTION ( 'NONE',  ( -1.000000000000000000, 0.0000000000000000000, 0.0000000000000000000 ) ) ;
#1480 = ORIENTED_EDGE ( 'NONE', *, *, #2846, .F. ) ;
#1481 = EDGE_CURVE ( 'NONE', #1259, #473, #1645, .T. ) ;
#1482 = VERTEX_POINT ( 'NONE', #392 ) ;
#1483 = VERTEX_POINT ( 'NONE', #163 ) ;
#1484 = VECTOR ( 'NONE', #1058, 39.37007874015748100 ) ;
#1485 = ORIENTED_EDGE ( 'NONE', *, *, #669, .F. ) ;
#1486 = FACE_BOUND ( 'NONE', #2941, .T. ) ;
#1487 = B_SPLINE_CURVE_WITH_KNOTS ( 'NONE', 3,
 ( #2361, #2241, #2183, #1211, #1963, #960, #900, #880, #773, #1183, #762, #693, #710, #506, #3, #3156, #3146, #3133, #3122 ),
 .UNSPECIFIED., .F., .F.,
 ( 4, 3, 3, 3, 3, 3, 4 ),
 ( 0.0000000000000000000, 3.233754944255905600E-005, 6.495554878077294400E-005, 9.418287608141474400E-005, 0.0001221657068746044000, 0.0001531976163168692200, 0.0001793799163812463500 ),
 .UNSPECIFIED. ) ;
#1488 = ADVANCED_FACE ( 'NONE', ( #2578 ), #101, .T. ) ;
#1489 = EDGE_CURVE ( 'NONE', #1954, #745, #1409, .T. ) ;
#1490 = CIRCLE ( 'NONE', #1697, 0.003999999999999999200 ) ;
#1491 = FACE_OUTER_BOUND ( 'NONE', #1492, .T. ) ;
#1492 = EDGE_LOOP ( 'NONE', ( #1862, #1205, #2909, #3019, #2062 ) ) ;
#1493 = DIRECTION ( 'NONE',  ( 0.0000000000000000000, 0.0000000000000000000, 1.000000000000000000 ) ) ;
#1494 = DIRECTION ( 'NONE',  ( -7.468797715707625400E-017, -6.842277657836020900E-049, 1.000000000000000000 ) ) ;
#1495 = DIRECTION ( 'NONE',  ( 0.0000000000000000000, 1.000000000000000000, 0.0000000000000000000 ) ) ;
#1496 = DIRECTION ( 'NONE',  ( 2.026496089157345700E-017, 1.000000000000000000, 1.513548936158882500E-033 ) ) ;
#1497 = AXIS2_PLACEMENT_3D ( 'NONE', #1239, #353, #2884 ) ;
#1498 = EDGE_LOOP ( 'NONE', ( #1353, #2913, #1292, #1319 ) ) ;
#1499 = DIRECTION ( 'NONE',  ( 0.0000000000000000000, -1.000000000000000000, 0.0000000000000000000 ) ) ;
#1500 = AXIS2_PLACEMENT_3D ( 'NONE', #2719, #2557, #1298 ) ;
#1501 = DIRECTION ( 'NONE',  ( -1.000000000000000000, 4.268512490100410900E-016, -2.002219656938814700E-032 ) ) ;
#1502 = ADVANCED_FACE ( 'NONE', ( #711 ), #1811, .F. ) ;
#1503 = EDGE_LOOP ( 'NONE', ( #3130, #863, #220, #1814, #2215 ) ) ;
#1504 = DIRECTION ( 'NONE',  ( 1.000000000000000000, 0.0000000000000000000, 0.0000000000000000000 ) ) ;
#1505 = DIRECTION ( 'NONE',  ( 4.268512490100411900E-016, 6.123233995736766000E-017, -1.000000000000000000 ) ) ;
#1506 = CARTESIAN_POINT ( 'NONE',  ( 0.002160851002212977300, 0.06340647693086438900, -0.01346098303018020700 ) ) ;
#1507 = ORIENTED_EDGE ( 'NONE', *, *, #2279, .F. ) ;
#1508 = CARTESIAN_POINT ( 'NONE',  ( -0.03891197793938069200, 0.07749999999999999900, 0.0000000000000000000 ) ) ;
#1509 = DIRECTION ( 'NONE',  ( -7.468797715707625400E-017, -6.842277657836020900E-049, 1.000000000000000000 ) ) ;
#1510 = CARTESIAN_POINT ( 'NONE',  ( 0.02499999999999984900, 0.05999999999999999800, -0.01600000000000003800 ) ) ;
#1511 = ORIENTED_EDGE ( 'NONE', *, *, #1386, .F. ) ;
#1512 = CARTESIAN_POINT ( 'NONE',  ( 0.02100000000000000500, 0.006749999999999960000, -0.02899999999999996700 ) ) ;
#1513 = ORIENTED_EDGE ( 'NONE', *, *, #901, .F. ) ;
#1514 = ADVANCED_FACE ( 'NONE', ( #2948 ), #2643, .T. ) ;
#1515 = CARTESIAN_POINT ( 'NONE',  ( -0.02500000000000000100, 0.006749999999999967000, -0.02274999999999996500 ) ) ;
#1516 = ORIENTED_EDGE ( 'NONE', *, *, #654, .F. ) ;
#1517 = FACE_OUTER_BOUND ( 'NONE', #265, .T. ) ;
#1518 = EDGE_CURVE ( 'NONE', #2304, #602, #534, .T. ) ;
#1519 = DIRECTION ( 'NONE',  ( -7.468797715707625400E-017, -6.842277657836020900E-049, 1.000000000000000000 ) ) ;
#1520 = CARTESIAN_POINT ( 'NONE',  ( 0.02716848444698620100, 0.06338917772332565400, -0.01309520427876170200 ) ) ;
#1521 = VECTOR ( 'NONE', #1352, 39.37007874015748100 ) ;
#1522 = LINE ( 'NONE', #1751, #1521 ) ;
#1523 = VERTEX_POINT ( 'NONE', #2819 ) ;
#1524 = VERTEX_POINT ( 'NONE', #2700 ) ;
#1525 = CIRCLE ( 'NONE', #2895, 0.009000000000000035700 ) ;
#1526 = VECTOR ( 'NONE', #592, 39.37007874015748100 ) ;
#1527 = VECTOR ( 'NONE', #2801, 39.37007874015748100 ) ;
#1528 = LINE ( 'NONE', #2556, #1635 ) ;
#1529 = DIRECTION ( 'NONE',  ( 4.268512490100411900E-016, 6.123233995736766000E-017, -1.000000000000000000 ) ) ;
#1530 = CARTESIAN_POINT ( 'NONE',  ( 0.001686771308080847000, 0.06362695499754748900, -0.01332561471061874600 ) ) ;
#1531 = EDGE_LOOP ( 'NONE', ( #1429, #2429, #357, #1620, #2152 ) ) ;
#1532 = DIRECTION ( 'NONE',  ( 2.026496089157242200E-017, 1.000000000000000000, 0.0000000000000000000 ) ) ;
#1533 = CARTESIAN_POINT ( 'NONE',  ( -0.004000000000000000100, 0.01299999999999996600, -0.02274999999999996500 ) ) ;
#1534 = DIMENSIONAL_EXPONENTS ( 1.000000000000000000, 0.0000000000000000000, 0.0000000000000000000, 0.0000000000000000000, 0.0000000000000000000, 0.0000000000000000000, 0.0000000000000000000 ) ;
#1535 = CARTESIAN_POINT ( 'NONE',  ( -0.04749999999999999400, 0.009902073896872155500, 0.0000000000000000000 ) ) ;
#1536 = CARTESIAN_POINT ( 'NONE',  ( 0.02474402711204952800, 0.05599999999999999400, -0.01521841635554828200 ) ) ;
#1537 = AXIS2_PLACEMENT_3D ( 'NONE', #605, #2551, #1834 ) ;
#1538 = CARTESIAN_POINT ( 'NONE',  ( 0.02898301270921002000, 0.02085674461516091200, -0.01350051807512435600 ) ) ;
#1539 = CARTESIAN_POINT ( 'NONE',  ( -6.724703003814316200E-014, 0.05604280765369853300, -0.01705411882863038300 ) ) ;
#1540 = EDGE_CURVE ( 'NONE', #2849, #566, #2965, .T. ) ;
#1541 = ORIENTED_EDGE ( 'NONE', *, *, #1969, .F. ) ;
#1542 = CARTESIAN_POINT ( 'NONE',  ( 0.02839377693502904600, 0.01299999999999996600, -0.01100268367582106300 ) ) ;
#1543 = DIRECTION ( 'NONE',  ( -7.468797715707625400E-017, -6.842277657836020900E-049, 1.000000000000000000 ) ) ;
#1544 = ORIENTED_EDGE ( 'NONE', *, *, #2485, .T. ) ;
#1545 = EDGE_CURVE ( 'NONE', #464, #2068, #3154, .T. ) ;
#1546 = CARTESIAN_POINT ( 'NONE',  ( 0.02089356580178754200, 0.02608282730899253200, -0.01677835884578888400 ) ) ;
#1547 = CARTESIAN_POINT ( 'NONE',  ( -0.02500000000000048000, 0.05599999999999743400, -0.01511439725815633500 ) ) ;
#1548 = CARTESIAN_POINT ( 'NONE',  ( 0.05000000000000000300, 0.0000000000000000000, 0.0000000000000000000 ) ) ;
#1549 = CARTESIAN_POINT ( 'NONE',  ( -1.621460574750414800E-016, 0.05999999999999999800, 0.1000000000000000100 ) ) ;
#1550 = CARTESIAN_POINT ( 'NONE',  ( -0.03600000000000000400, 0.01999999999999996600, 0.0000000000000000000 ) ) ;
#1551 = VERTEX_POINT ( 'NONE', #2844 ) ;
#1552 = ORIENTED_EDGE ( 'NONE', *, *, #140, .T. ) ;
#1553 = B_SPLINE_CURVE_WITH_KNOTS ( 'NONE', 3,
 ( #1611, #1851, #1572, #1547 ),
 .UNSPECIFIED., .F., .F.,
 ( 4, 4 ),
 ( 4.489613535119075700E-005, 6.592742067970989300E-005 ),
 .UNSPECIFIED. ) ;
#1554 = EDGE_LOOP ( 'NONE', ( #1420, #469, #142, #804, #1261, #1860, #670, #1437, #1278, #1986, #2408, #2139, #3041 ) ) ;
#1555 = EDGE_CURVE ( 'NONE', #558, #3060, #490, .T. ) ;
#1556 = AXIS2_PLACEMENT_3D ( 'NONE', #1023, #460, #164 ) ;
#1557 = FACE_OUTER_BOUND ( 'NONE', #2486, .T. ) ;
#1558 = VECTOR ( 'NONE', #1889, 39.37007874015748100 ) ;
#1559 = AXIS2_PLACEMENT_3D ( 'NONE', #374, #303, #295 ) ;
#1560 = LINE ( 'NONE', #230, #1527 ) ;
#1561 = CARTESIAN_POINT ( 'NONE',  ( 0.02876897549239215700, 0.05860124700065148800, -0.01344480505305873200 ) ) ;
#1562 = LINE ( 'NONE', #2314, #541 ) ;
#1563 = ORIENTED_EDGE ( 'NONE', *, *, #373, .F. ) ;
#1564 = CARTESIAN_POINT ( 'NONE',  ( -0.02331322869191917700, 0.06362695499754750200, -0.01332561471061874200 ) ) ;
#1565 = AXIS2_PLACEMENT_3D ( 'NONE', #2736, #1496, #1946 ) ;
#1566 = CIRCLE ( 'NONE', #2276, 0.003999999999999999200 ) ;
#1567 = CARTESIAN_POINT ( 'NONE',  ( 0.02900000000000000100, 0.006749999999999960000, -0.02649999999999996100 ) ) ;
#1568 = DIRECTION ( 'NONE',  ( 0.0000000000000000000, 1.000000000000000000, 0.0000000000000000000 ) ) ;
#1569 = CARTESIAN_POINT ( 'NONE',  ( 0.02503788127016197400, 0.05599999999999999400, -0.01509900353594669500 ) ) ;
#1570 = DIRECTION ( 'NONE',  ( 0.0000000000000000000, 0.0000000000000000000, 1.000000000000000000 ) ) ;
#1571 = CARTESIAN_POINT ( 'NONE',  ( 0.01679588526708450000, 0.02878419404010169900, -0.01798023295985711600 ) ) ;
#1572 = CARTESIAN_POINT ( 'NONE',  ( -0.02474402711204706100, 0.05599999999999997300, -0.01521841635554928800 ) ) ;
#1573 = EDGE_LOOP ( 'NONE', ( #1893, #2707, #2508, #2193 ) ) ;
#1574 = EDGE_CURVE ( 'NONE', #2094, #340, #2278, .T. ) ;
#1575 = CARTESIAN_POINT ( 'NONE',  ( 0.04749999999999999400, 0.01049999999999997100, -0.009032006961455339400 ) ) ;
#1576 = DIRECTION ( 'NONE',  ( 7.468797715709441000E-017, 1.000000000000000000, -6.123233995736766000E-017 ) ) ;
#1577 = CARTESIAN_POINT ( 'NONE',  ( -1.200697847754806800E-016, 0.05999999999999999800, 0.01439483628583458100 ) ) ;
#1578 = EDGE_CURVE ( 'NONE', #716, #3137, #1666, .T. ) ;
#1579 = ORIENTED_EDGE ( 'NONE', *, *, #140, .F. ) ;
#1580 = DIRECTION ( 'NONE',  ( 0.0000000000000000000, 0.0000000000000000000, 1.000000000000000000 ) ) ;
#1581 = ORIENTED_EDGE ( 'NONE', *, *, #2979, .T. ) ;
#1582 = CARTESIAN_POINT ( 'NONE',  ( -0.002556730430848848000, 0.06309942027573969800, -0.01364580779703200900 ) ) ;
#1583 = AXIS2_PLACEMENT_3D ( 'NONE', #2509, #22, #705 ) ;
#1584 = CARTESIAN_POINT ( 'NONE',  ( -1.534822521248206600E-016, 0.05999999999999999800, -0.01600000000000003800 ) ) ;
#1585 = FACE_BOUND ( 'NONE', #2443, .T. ) ;
#1586 = ORIENTED_EDGE ( 'NONE', *, *, #953, .F. ) ;
#1587 = ORIENTED_EDGE ( 'NONE', *, *, #2665, .T. ) ;
#1588 = CIRCLE ( 'NONE', #1419, 0.005999999999999967200 ) ;
#1589 = AXIS2_PLACEMENT_3D ( 'NONE', #2521, #2542, #2831 ) ;
#1590 = DIRECTION ( 'NONE',  ( -1.000000000000000000, -0.0000000000000000000, 0.0000000000000000000 ) ) ;
#1591 = CYLINDRICAL_SURFACE ( 'NONE', #2436, 0.009000000000000035700 ) ;
#1592 = ORIENTED_EDGE ( 'NONE', *, *, #912, .F. ) ;
#1593 = LINE ( 'NONE', #296, #1595 ) ;
#1594 = ORIENTED_EDGE ( 'NONE', *, *, #112, .F. ) ;
#1595 = VECTOR ( 'NONE', #241, 39.37007874015748100 ) ;
#1596 = ORIENTED_EDGE ( 'NONE', *, *, #2585, .T. ) ;
#1597 = EDGE_CURVE ( 'NONE', #2481, #1295, #1750, .T. ) ;
#1598 = CARTESIAN_POINT ( 'NONE',  ( 0.02900000000000000100, 0.006749999999999960000, -0.02899999999999996700 ) ) ;
#1599 = FACE_OUTER_BOUND ( 'NONE', #134, .T. ) ;
#1600 = CARTESIAN_POINT ( 'NONE',  ( 0.04749999999999999400, 0.07009792610312783100, 0.0000000000000000000 ) ) ;
#1601 = FACE_OUTER_BOUND ( 'NONE', #594, .T. ) ;
#1602 = DIRECTION ( 'NONE',  ( 1.000000000000000000, 8.208677865577715400E-017, 0.0000000000000000000 ) ) ;
#1603 = CARTESIAN_POINT ( 'NONE',  ( 0.02386308434902636000, 0.06383502578903617300, -0.01319708700864215300 ) ) ;
#1604 = EDGE_CURVE ( 'NONE', #2395, #1015, #1676, .T. ) ;
#1605 = DIRECTION ( 'NONE',  ( 1.000000000000000000, 0.0000000000000000000, 0.0000000000000000000 ) ) ;
#1606 = AXIS2_PLACEMENT_3D ( 'NONE', #636, #494, #478 ) ;
#1607 = CARTESIAN_POINT ( 'NONE',  ( 0.02499999999999983500, 0.05999999999999999800, 0.1599999999999999200 ) ) ;
#1608 = EDGE_CURVE ( 'NONE', #2532, #558, #2916, .T. ) ;
#1609 = CARTESIAN_POINT ( 'NONE',  ( -0.02900000000000000100, -0.02500000000000004000, -0.02899999999999996700 ) ) ;
#1610 = CARTESIAN_POINT ( 'NONE',  ( -0.02899263921060184900, 0.05949443410323767400, -0.01333678493055185900 ) ) ;
#1611 = CARTESIAN_POINT ( 'NONE',  ( -0.02423324509012734000, 0.05607417691328481200, -0.01542044222483375000 ) ) ;
#1612 = AXIS2_PLACEMENT_3D ( 'NONE', #1344, #1618, #1454 ) ;
#1613 = CARTESIAN_POINT ( 'NONE',  ( -0.03891197793938069200, 0.07749999999999999900, 0.0000000000000000000 ) ) ;
#1614 = DIRECTION ( 'NONE',  ( 2.026496089157261300E-017, 1.000000000000000000, 0.0000000000000000000 ) ) ;
#1615 = EDGE_CURVE ( 'NONE', #801, #1327, #1374, .T. ) ;
#1616 = VERTEX_POINT ( 'NONE', #1550 ) ;
#1617 = CARTESIAN_POINT ( 'NONE',  ( 0.04102196450571127900, 0.0008101251604617596300, 0.002723224699701548700 ) ) ;
#1618 = DIRECTION ( 'NONE',  ( -7.468797715707625400E-017, -6.842277657836020900E-049, 1.000000000000000000 ) ) ;
#1619 = EDGE_LOOP ( 'NONE', ( #984, #2975, #1656, #2066, #1690, #331, #576, #2537 ) ) ;
#1620 = ORIENTED_EDGE ( 'NONE', *, *, #1685, .F. ) ;
#1621 = CARTESIAN_POINT ( 'NONE',  ( 0.002924174076752448500, 0.06272932335366260300, -0.01386252463410591600 ) ) ;
#1622 = CIRCLE ( 'NONE', #2592, 0.005999999999999967200 ) ;
#1623 = DIRECTION ( 'NONE',  ( 4.726380611875883600E-016, 1.000000000000000000, -1.417914183562765400E-014 ) ) ;
#1624 = EDGE_LOOP ( 'NONE', ( #338, #1743, #2567, #1634 ) ) ;
#1625 = CIRCLE ( 'NONE', #1172, 0.009000000000000035700 ) ;
#1626 = VECTOR ( 'NONE', #2245, 39.37007874015748100 ) ;
#1627 = CARTESIAN_POINT ( 'NONE',  ( 0.0000000000000000000, 0.01999999999999996600, 0.1699999999999999800 ) ) ;
#1628 = SURFACE_STYLE_USAGE ( .BOTH. , #3079 ) ;
#1629 = DIRECTION ( 'NONE',  ( -1.000000000000000000, 8.167843997065571900E-033, -1.333910153156378400E-016 ) ) ;
#1630 = VECTOR ( 'NONE', #3132, 39.37007874015748100 ) ;
#1631 = CIRCLE ( 'NONE', #1084, 0.004000000000000000100 ) ;
#1632 = DIRECTION ( 'NONE',  ( 0.0000000000000000000, 1.000000000000000000, 0.0000000000000000000 ) ) ;
#1633 = CYLINDRICAL_SURFACE ( 'NONE', #1565, 0.003999999999999999200 ) ;
#1634 = ORIENTED_EDGE ( 'NONE', *, *, #797, .F. ) ;
#1635 = VECTOR ( 'NONE', #329, 39.37007874015748100 ) ;
#1636 = ORIENTED_EDGE ( 'NONE', *, *, #2237, .T. ) ;
#1637 = AXIS2_PLACEMENT_3D ( 'NONE', #1848, #1835, #1829 ) ;
#1638 = EDGE_CURVE ( 'NONE', #174, #3137, #2543, .T. ) ;
#1639 = CIRCLE ( 'NONE', #1556, 0.003999999999999999200 ) ;
#1640 = DIRECTION ( 'NONE',  ( 0.0000000000000000000, 1.000000000000000000, 8.130499981143646400E-016 ) ) ;
#1641 = ADVANCED_FACE ( 'NONE', ( #2041, #274, #316, #2959 ), #161, .F. ) ;
#1642 = CIRCLE ( 'NONE', #2084, 0.003749999999999998600 ) ;
#1643 = DIRECTION ( 'NONE',  ( 0.0000000000000000000, 0.0000000000000000000, 1.000000000000000000 ) ) ;
#1644 = EDGE_CURVE ( 'NONE', #340, #2369, #54, .T. ) ;
#1645 = CIRCLE ( 'NONE', #890, 0.003749999999999998600 ) ;
#1646 = CARTESIAN_POINT ( 'NONE',  ( 0.05000000000000000300, 0.03799999999999999200, 0.1699999999999999800 ) ) ;
#1647 = EDGE_CURVE ( 'NONE', #298, #1327, #660, .T. ) ;
#1648 = PLANE ( 'NONE',  #369 ) ;
#1649 = AXIS2_PLACEMENT_3D ( 'NONE', #955, #1019, #876 ) ;
#1650 = CARTESIAN_POINT ( 'NONE',  ( -0.02123963864213458300, 0.05863629825171652600, -0.01579130944706261600 ) ) ;
#1651 = CARTESIAN_POINT ( 'NONE',  ( 0.04644532193508033700, 0.003016903921883351400, -0.001131956770517385900 ) ) ;
#1652 = AXIS2_PLACEMENT_3D ( 'NONE', #515, #1315, #44 ) ;
#1653 = ADVANCED_FACE ( 'NONE', ( #400 ), #2885, .T. ) ;
#1654 = EDGE_CURVE ( 'NONE', #1482, #1748, #461, .T. ) ;
#1655 = CARTESIAN_POINT ( 'NONE',  ( -0.05000000000000000300, 0.03799999999999999200, 0.1699999999999999800 ) ) ;
#1656 = ORIENTED_EDGE ( 'NONE', *, *, #2597, .T. ) ;
#1657 = CARTESIAN_POINT ( 'NONE',  ( -0.02109490346198212100, 0.05903540060621163100, -0.01568280867584531700 ) ) ;
#1658 = ORIENTED_EDGE ( 'NONE', *, *, #1720, .T. ) ;
#1659 = FACE_OUTER_BOUND ( 'NONE', #1758, .T. ) ;
#1660 = DIRECTION ( 'NONE',  ( 1.000000000000000000, -1.333910153156378700E-016, -0.0000000000000000000 ) ) ;
#1661 = DIRECTION ( 'NONE',  ( 1.000000000000000000, 0.0000000000000000000, 0.0000000000000000000 ) ) ;
#1662 = CARTESIAN_POINT ( 'NONE',  ( 0.0002679260083818902200, 0.05604280765382890100, -0.01705411882858917600 ) ) ;
#1663 = VERTEX_POINT ( 'NONE', #1345 ) ;
#1664 = ORIENTED_EDGE ( 'NONE', *, *, #1474, .F. ) ;
#1665 = CARTESIAN_POINT ( 'NONE',  ( 0.05000000000000000300, 0.0000000000000000000, 0.1699999999999999600 ) ) ;
#1666 = LINE ( 'NONE', #676, #1705 ) ;
#1667 = DIRECTION ( 'NONE',  ( 1.000000000000000000, 0.0000000000000000000, 0.0000000000000000000 ) ) ;
#1668 = VERTEX_POINT ( 'NONE', #421 ) ;
#1669 = FACE_BOUND ( 'NONE', #2347, .T. ) ;
#1670 = AXIS2_PLACEMENT_3D ( 'NONE', #100, #1833, #349 ) ;
#1671 = ADVANCED_FACE ( 'NONE', ( #2763 ), #2505, .T. ) ;
#1672 = CYLINDRICAL_SURFACE ( 'NONE', #1731, 0.003749999999999998600 ) ;
#1673 = CARTESIAN_POINT ( 'NONE',  ( -0.02101717736379823300, 0.05945227969911102300, -0.01553167259529082200 ) ) ;
#1674 = VECTOR ( 'NONE', #160, 39.37007874015748100 ) ;
#1675 = VERTEX_POINT ( 'NONE', #315 ) ;
#1676 = CIRCLE ( 'NONE', #313, 0.01100000000000000100 ) ;
#1677 = CIRCLE ( 'NONE', #2756, 0.003999999999999999200 ) ;
#1678 = ORIENTED_EDGE ( 'NONE', *, *, #1062, .T. ) ;
#1679 = DIRECTION ( 'NONE',  ( 7.468797715709441000E-017, 1.000000000000000000, -6.123233995736766000E-017 ) ) ;
#1680 = FACE_OUTER_BOUND ( 'NONE', #2005, .T. ) ;
#1681 = ORIENTED_EDGE ( 'NONE', *, *, #379, .F. ) ;
#1682 = CARTESIAN_POINT ( 'NONE',  ( 0.02900000000000000100, 0.006749999999999960000, -0.02649999999999996100 ) ) ;
#1683 = ORIENTED_EDGE ( 'NONE', *, *, #409, .F. ) ;
#1684 = CARTESIAN_POINT ( 'NONE',  ( 0.0005373010088260983900, 0.05606931030203899500, -0.01704407326911687100 ) ) ;
#1685 = EDGE_CURVE ( 'NONE', #2566, #3106, #1639, .T. ) ;
#1686 = CARTESIAN_POINT ( 'NONE',  ( 0.02499999999999984900, 0.06900000000000000600, -0.02500000000000005000 ) ) ;
#1687 = ADVANCED_FACE ( 'NONE', ( #1252 ), #1194, .F. ) ;
#1688 = CARTESIAN_POINT ( 'NONE',  ( -1.518981370902861600E-016, 0.1050000000000000100, -0.02500000000000005000 ) ) ;
#1689 = CARTESIAN_POINT ( 'NONE',  ( 0.0007993712423923927300, 0.05612134844140986200, -0.01702418430896782500 ) ) ;
#1690 = ORIENTED_EDGE ( 'NONE', *, *, #379, .T. ) ;
#1691 = B_SPLINE_CURVE_WITH_KNOTS ( 'NONE', 3,
 ( #2043, #2173, #1925, #1909, #1894, #1767, #1733, #1724, #1713, #1689, #1684, #1662, #1539 ),
 .UNSPECIFIED., .F., .F.,
 ( 4, 3, 3, 3, 4 ),
 ( 5.070253226635660700E-007, 3.566915595889593800E-005, 7.146972487238068300E-005, 0.0001054805828727269600, 0.0001258464894883287100 ),
 .UNSPECIFIED. ) ;
#1692 = ORIENTED_EDGE ( 'NONE', *, *, #3135, .F. ) ;
#1693 = CARTESIAN_POINT ( 'NONE',  ( -0.03150000000000000000, 0.01049999999999996800, 3.414809992080329000E-017 ) ) ;
#1694 = DIRECTION ( 'NONE',  ( 7.468797715709441000E-017, 1.000000000000000000, -6.123233995736766000E-017 ) ) ;
#1695 = CARTESIAN_POINT ( 'NONE',  ( -0.003920839460562378800, 0.06092108697411709900, -0.01486461929974802400 ) ) ;
#1696 = CARTESIAN_POINT ( 'NONE',  ( -1.532998674767964900E-016, 0.06900000000000000600, -0.01600000000000003800 ) ) ;
#1697 = AXIS2_PLACEMENT_3D ( 'NONE', #1397, #2614, #1009 ) ;
#1698 = CARTESIAN_POINT ( 'NONE',  ( 0.008244325609702108500, 0.04552854091855180300, -0.01999999999999999000 ) ) ;
#1699 = ORIENTED_EDGE ( 'NONE', *, *, #2993, .F. ) ;
#1700 = VERTEX_POINT ( 'NONE', #597 ) ;
#1701 = ADVANCED_FACE ( 'NONE', ( #2923 ), #2651, .F. ) ;
#1702 = EDGE_CURVE ( 'NONE', #422, #1886, #627, .T. ) ;
#1703 = DIRECTION ( 'NONE',  ( 2.026496089157345700E-017, 1.000000000000000000, 1.513548936158882500E-033 ) ) ;
#1704 = ORIENTED_EDGE ( 'NONE', *, *, #63, .T. ) ;
#1705 = VECTOR ( 'NONE', #2905, 39.37007874015748100 ) ;
#1706 = EDGE_CURVE ( 'NONE', #2359, #735, #282, .T. ) ;
#1707 = CIRCLE ( 'NONE', #1046, 0.004999999999999997500 ) ;
#1708 = EDGE_LOOP ( 'NONE', ( #2986, #2155, #1094 ) ) ;
#1709 = ORIENTED_EDGE ( 'NONE', *, *, #837, .T. ) ;
#1710 = DIRECTION ( 'NONE',  ( 0.0000000000000000000, 8.986342084421920000E-016, -1.000000000000000000 ) ) ;
#1711 = CARTESIAN_POINT ( 'NONE',  ( -0.02500000000000000100, 0.01999999999999996600, 0.1699999999999999800 ) ) ;
#1712 = DIRECTION ( 'NONE',  ( 1.000000000000000000, -2.026496089157345700E-017, 7.468797715707625400E-017 ) ) ;
#1713 = CARTESIAN_POINT ( 'NONE',  ( 0.001235779905802222100, 0.05620800419983055400, -0.01699106450593968300 ) ) ;
#1714 = EDGE_LOOP ( 'NONE', ( #3074, #626, #395, #1277 ) ) ;
#1715 = AXIS2_PLACEMENT_3D ( 'NONE', #1955, #1509, #1568 ) ;
#1716 = VECTOR ( 'NONE', #153, 39.37007874015748100 ) ;
#1717 = ORIENTED_EDGE ( 'NONE', *, *, #1778, .F. ) ;
#1718 = VECTOR ( 'NONE', #1974, 39.37007874015748100 ) ;
#1719 = ORIENTED_EDGE ( 'NONE', *, *, #1149, .F. ) ;
#1720 = EDGE_CURVE ( 'NONE', #2292, #1675, #2890, .T. ) ;
#1721 = DIRECTION ( 'NONE',  ( -1.000000000000000000, 0.0000000000000000000, 0.0000000000000000000 ) ) ;
#1722 = ADVANCED_FACE ( 'NONE', ( #2610 ), #707, .T. ) ;
#1723 = CARTESIAN_POINT ( 'NONE',  ( 0.02900000000000000100, 0.006749999999999960000, -0.02899999999999996700 ) ) ;
#1724 = CARTESIAN_POINT ( 'NONE',  ( 0.001661825844821328100, 0.05636893671178037200, -0.01692938197131686800 ) ) ;
#1725 = EDGE_CURVE ( 'NONE', #1675, #174, #1896, .T. ) ;
#1726 = DIRECTION ( 'NONE',  ( -7.468797715707625400E-017, -5.131708243377015600E-049, 1.000000000000000000 ) ) ;
#1727 = ORIENTED_EDGE ( 'NONE', *, *, #1647, .T. ) ;
#1728 = PRESENTATION_LAYER_ASSIGNMENT (  '', '', ( #2691 ) ) ;
#1729 = CARTESIAN_POINT ( 'NONE',  ( 0.04829455655104512900, 0.009488851768525581300, 0.0008274627563665069200 ) ) ;
#1730 = CARTESIAN_POINT ( 'NONE',  ( -0.003993221186624211700, 0.05943730942798264300, -0.01560616124780484100 ) ) ;
#1731 = AXIS2_PLACEMENT_3D ( 'NONE', #2431, #2228, #2247 ) ;
#1732 = CARTESIAN_POINT ( 'NONE',  ( 0.02499999999999984500, 0.05599999999999999400, -0.01511439725815639400 ) ) ;
#1733 = CARTESIAN_POINT ( 'NONE',  ( 0.002040593882568652100, 0.05658823387645079600, -0.01684276678518997800 ) ) ;
#1734 = EDGE_LOOP ( 'NONE', ( #1692, #2568, #2054, #1447, #916 ) ) ;
#1735 = ADVANCED_FACE ( 'NONE', ( #1960 ), #3151, .T. ) ;
#1736 = CARTESIAN_POINT ( 'NONE',  ( -0.02900000000000000100, 0.006749999999999960000, -0.02899999999999996700 ) ) ;
#1737 = AXIS2_PLACEMENT_3D ( 'NONE', #300, #284, #269 ) ;
#1738 = EDGE_CURVE ( 'NONE', #952, #602, #1400, .T. ) ;
#1739 = ORIENTED_EDGE ( 'NONE', *, *, #1382, .T. ) ;
#1740 = EDGE_LOOP ( 'NONE', ( #2944, #2512, #1926, #2555 ) ) ;
#1741 = FACE_BOUND ( 'NONE', #451, .T. ) ;
#1742 = EDGE_CURVE ( 'NONE', #2197, #330, #2637, .T. ) ;
#1743 = ORIENTED_EDGE ( 'NONE', *, *, #112, .T. ) ;
#1744 = ORIENTED_EDGE ( 'NONE', *, *, #2805, .T. ) ;
#1745 = CARTESIAN_POINT ( 'NONE',  ( 0.02499999999998935700, 0.06400000000000000100, -0.01306703615889885300 ) ) ;
#1746 = ORIENTED_EDGE ( 'NONE', *, *, #550, .T. ) ;
#1747 = VECTOR ( 'NONE', #4, 39.37007874015748100 ) ;
#1748 = VERTEX_POINT ( 'NONE', #3143 ) ;
#1749 = DIRECTION ( 'NONE',  ( -2.026496089157345700E-017, -1.000000000000000000, -1.513548936158882000E-033 ) ) ;
#1750 = B_SPLINE_CURVE_WITH_KNOTS ( 'NONE', 3,
 ( #3131, #2435, #2924, #202 ),
 .UNSPECIFIED., .F., .F.,
 ( 4, 4 ),
 ( -7.585058811340730200E-006, 0.0007745619591523439200 ),
 .UNSPECIFIED. ) ;
#1751 = CARTESIAN_POINT ( 'NONE',  ( -1.559000535828118200E-016, 0.06599999999999996100, 0.01799999999999995000 ) ) ;
#1752 = ADVANCED_FACE ( 'NONE', ( #1045 ), #162, .F. ) ;
#1753 = VECTOR ( 'NONE', #556, 39.37007874015748100 ) ;
#1754 = FACE_BOUND ( 'NONE', #1619, .T. ) ;
#1755 = DIRECTION ( 'NONE',  ( 1.000000000000000000, 0.0000000000000000000, 0.0000000000000000000 ) ) ;
#1756 = CARTESIAN_POINT ( 'NONE',  ( 0.02448634091674169500, 0.05602474461248158100, -0.01532124019773302100 ) ) ;
#1757 = AXIS2_PLACEMENT_3D ( 'NONE', #852, #807, #740 ) ;
#1758 = EDGE_LOOP ( 'NONE', ( #482, #1020, #1903, #2019, #2222 ) ) ;
#1759 = LINE ( 'NONE', #1987, #1718 ) ;
#1760 = CARTESIAN_POINT ( 'NONE',  ( -0.02548948619074812800, 0.06396993743893617000, -0.01304963400262051100 ) ) ;
#1761 = PLANE ( 'NONE',  #1968 ) ;
#1762 = AXIS2_PLACEMENT_3D ( 'NONE', #2091, #2067, #2045 ) ;
#1763 = CARTESIAN_POINT ( 'NONE',  ( 0.04749999999999999400, 0.03999999999999998000, 0.02515625000000004300 ) ) ;
#1764 = EDGE_CURVE ( 'NONE', #868, #2785, #2655, .T. ) ;
#1765 = DIRECTION ( 'NONE',  ( -1.000000000000000000, 8.167843997065571900E-033, -1.333910153156378400E-016 ) ) ;
#1766 = CARTESIAN_POINT ( 'NONE',  ( 0.02100000000000000500, 0.01299999999999996800, -0.01103887279385856200 ) ) ;
#1767 = CARTESIAN_POINT ( 'NONE',  ( 0.002438888894968215200, 0.05681883666817808000, -0.01675168624725025700 ) ) ;
#1768 = ORIENTED_EDGE ( 'NONE', *, *, #1336, .F. ) ;
#1769 = AXIS2_PLACEMENT_3D ( 'NONE', #1686, #1679, #1661 ) ;
#1770 = DIRECTION ( 'NONE',  ( 8.208677865577715400E-017, -1.000000000000000000, 0.0000000000000000000 ) ) ;
#1771 = EDGE_LOOP ( 'NONE', ( #212, #2454, #931, #3028 ) ) ;
#1772 = CARTESIAN_POINT ( 'NONE',  ( 0.02386308434902636000, 0.06383502578903617300, -0.01319708700864215300 ) ) ;
#1773 = CARTESIAN_POINT ( 'NONE',  ( -0.02404375213989251200, 0.05611118689737420300, -0.01549471482361996500 ) ) ;
#1774 = SURFACE_STYLE_FILL_AREA ( #1218 ) ;
#1775 = CARTESIAN_POINT ( 'NONE',  ( -0.007929501576484879200, 0.03343177168230632900, -0.01999999999828701300 ) ) ;
#1776 = CARTESIAN_POINT ( 'NONE',  ( 0.02750710086291781300, 0.06311680048497750300, -0.01311889084165684100 ) ) ;
#1777 = ORIENTED_EDGE ( 'NONE', *, *, #1072, .F. ) ;
#1778 = EDGE_CURVE ( 'NONE', #688, #1663, #2002, .T. ) ;
#1779 = VERTEX_POINT ( 'NONE', #1793 ) ;
#1780 = LINE ( 'NONE', #3121, #1674 ) ;
#1781 = DIRECTION ( 'NONE',  ( 0.0000000000000000000, 1.000000000000000000, 0.0000000000000000000 ) ) ;
#1782 = CONICAL_SURFACE ( 'NONE', #1017, 0.005999999999999967200, 1.029744258676648300 ) ;
#1783 = VERTEX_POINT ( 'NONE', #864 ) ;
#1784 = CARTESIAN_POINT ( 'NONE',  ( 0.004000000000000000100, 0.006749999999999960000, -0.02649999999999996100 ) ) ;
#1785 = FACE_OUTER_BOUND ( 'NONE', #2368, .T. ) ;
#1786 = CARTESIAN_POINT ( 'NONE',  ( 0.03891197793938067800, 0.002499999999999973200, 0.0000000000000000000 ) ) ;
#1787 = B_SPLINE_CURVE_WITH_KNOTS ( 'NONE', 3,
 ( #3108, #201, #649, #292 ),
 .UNSPECIFIED., .F., .F.,
 ( 4, 4 ),
 ( 2.438551126932090000E-020, 0.0004168132044770528400 ),
 .UNSPECIFIED. ) ;
#1788 = CARTESIAN_POINT ( 'NONE',  ( 0.02499999999999984900, 0.05999999999999999800, -0.01600000000000003800 ) ) ;
#1789 = DIRECTION ( 'NONE',  ( -7.468797715707625400E-017, -6.842277657836020900E-049, 1.000000000000000000 ) ) ;
#1790 = CARTESIAN_POINT ( 'NONE',  ( 0.003551234886281034100, 0.06190794745985762200, -0.01433313341702647500 ) ) ;
#1791 = AXIS2_PLACEMENT_3D ( 'NONE', #1970, #1948, #1938 ) ;
#1792 = EDGE_CURVE ( 'NONE', #2122, #2481, #1988, .T. ) ;
#1793 = CARTESIAN_POINT ( 'NONE',  ( 0.003999999999999848300, 0.1050000000000000100, -0.02500000000000005000 ) ) ;
#1794 = PLANE ( 'NONE',  #15 ) ;
#1795 = B_SPLINE_CURVE_WITH_KNOTS ( 'NONE', 3,
 ( #639, #1029, #761, #1929, #1673, #1657, #1650, #2867, #1922, #2382, #2291, #2102, #2423, #2257, #2059, #2240, #1854, #1773, #2349 ),
 .UNSPECIFIED., .F., .F.,
 ( 4, 3, 3, 3, 3, 3, 4 ),
 ( 0.0000000000000000000, 3.961692351119462200E-005, 7.296449827019597900E-005, 0.0001066456305506626700, 0.0001354987561642924100, 0.0001635857858032163600, 0.0001791490220078751300 ),
 .UNSPECIFIED. ) ;
#1796 = ORIENTED_EDGE ( 'NONE', *, *, #2806, .F. ) ;
#1797 = CARTESIAN_POINT ( 'NONE',  ( 0.02499999999999984500, 0.05599999999999999400, -0.01511439725815639400 ) ) ;
#1798 = EDGE_CURVE ( 'NONE', #1668, #688, #2930, .T. ) ;
#1799 = VERTEX_POINT ( 'NONE', #1567 ) ;
#1800 = DIRECTION ( 'NONE',  ( -0.0000000000000000000, -1.000000000000000000, -8.130499981143646400E-016 ) ) ;
#1801 = CARTESIAN_POINT ( 'NONE',  ( -0.02283914899778704800, 0.06340647693086440300, -0.01346098303018020300 ) ) ;
#1802 = DIRECTION ( 'NONE',  ( 0.0000000000000000000, 0.0000000000000000000, 1.000000000000000000 ) ) ;
#1803 = B_SPLINE_CURVE_WITH_KNOTS ( 'NONE', 3,
 ( #2603, #2855, #2172, #60 ),
 .UNSPECIFIED., .F., .F.,
 ( 4, 4 ),
 ( -7.585058811340812400E-006, 0.001005032682871800900 ),
 .UNSPECIFIED. ) ;
#1804 = CARTESIAN_POINT ( 'NONE',  ( -0.02500000000000015800, 0.06900000000000000600, -0.01600000000000003800 ) ) ;
#1805 = VERTEX_POINT ( 'NONE', #2799 ) ;
#1806 = DIRECTION ( 'NONE',  ( 1.000000000000000000, 0.0000000000000000000, 0.0000000000000000000 ) ) ;
#1807 = AXIS2_PLACEMENT_3D ( 'NONE', #1548, #2472, #2531 ) ;
#1808 = ORIENTED_EDGE ( 'NONE', *, *, #514, .F. ) ;
#1809 = ORIENTED_EDGE ( 'NONE', *, *, #1481, .F. ) ;
#1810 = ORIENTED_EDGE ( 'NONE', *, *, #1074, .F. ) ;
#1811 = CONICAL_SURFACE ( 'NONE', #1108, 0.005999999999999967200, 1.029744258676648300 ) ;
#1812 = AXIS2_PLACEMENT_3D ( 'NONE', #2952, #2973, #2983 ) ;
#1813 = EDGE_CURVE ( 'NONE', #3029, #2140, #1787, .T. ) ;
#1814 = ORIENTED_EDGE ( 'NONE', *, *, #2840, .T. ) ;
#1815 = CARTESIAN_POINT ( 'NONE',  ( 0.002585123535248591500, 0.06309257925107909800, -0.01365091981488928700 ) ) ;
#1816 = TOROIDAL_SURFACE ( 'NONE', #2570, 0.008999999999999999300, 0.004000000000000000100 ) ;
#1817 = VECTOR ( 'NONE', #2440, 39.37007874015748100 ) ;
#1818 = VERTEX_POINT ( 'NONE', #1050 ) ;
#1819 = PLANE ( 'NONE',  #648 ) ;
#1820 = ORIENTED_EDGE ( 'NONE', *, *, #2549, .F. ) ;
#1821 = LINE ( 'NONE', #2301, #2374 ) ;
#1822 = CARTESIAN_POINT ( 'NONE',  ( 0.02499999999999984900, 0.06900000000000000600, -0.01600000000000003800 ) ) ;
#1823 = CARTESIAN_POINT ( 'NONE',  ( -0.02500000000000000100, 0.01999999999999996600, 0.1699999999999999800 ) ) ;
#1824 = EDGE_LOOP ( 'NONE', ( #1592, #2595, #1227 ) ) ;
#1825 = VECTOR ( 'NONE', #64, 39.37007874015748100 ) ;
#1826 = ORIENTED_EDGE ( 'NONE', *, *, #1002, .F. ) ;
#1827 = LINE ( 'NONE', #875, #715 ) ;
#1828 = ORIENTED_EDGE ( 'NONE', *, *, #2439, .T. ) ;
#1829 = DIRECTION ( 'NONE',  ( 0.0000000000000000000, 0.0000000000000000000, 1.000000000000000000 ) ) ;
#1830 = VECTOR ( 'NONE', #2750, 39.37007874015748100 ) ;
#1831 = ORIENTED_EDGE ( 'NONE', *, *, #3135, .T. ) ;
#1832 = CARTESIAN_POINT ( 'NONE',  ( -0.05000000000000000300, 0.03799999999999999200, 0.1699999999999999800 ) ) ;
#1833 = DIRECTION ( 'NONE',  ( -7.468797715707625400E-017, -6.842277657836020900E-049, 1.000000000000000000 ) ) ;
#1834 = DIRECTION ( 'NONE',  ( 1.000000000000000000, 0.0000000000000000000, 0.0000000000000000000 ) ) ;
#1835 = DIRECTION ( 'NONE',  ( -1.000000000000000000, -0.0000000000000000000, 0.0000000000000000000 ) ) ;
#1836 = VERTEX_POINT ( 'NONE', #1180 ) ;
#1837 = ORIENTED_EDGE ( 'NONE', *, *, #2559, .T. ) ;
#1838 = EDGE_CURVE ( 'NONE', #2061, #1279, #1827, .T. ) ;
#1839 = CARTESIAN_POINT ( 'NONE',  ( 0.004000000000000000100, 0.006749999999999960000, -0.02649999999999996100 ) ) ;
#1840 = ORIENTED_EDGE ( 'NONE', *, *, #2063, .T. ) ;
#1841 = ORIENTED_EDGE ( 'NONE', *, *, #2035, .T. ) ;
#1842 = CARTESIAN_POINT ( 'NONE',  ( -1.534011922812543900E-016, 0.06400000000000000100, -0.01600000000000003800 ) ) ;
#1843 = EDGE_CURVE ( 'NONE', #1849, #1663, #1156, .T. ) ;
#1844 = CARTESIAN_POINT ( 'NONE',  ( 0.03250907250118451100, 0.008003447481326633400, -0.006989574040664167500 ) ) ;
#1845 = ORIENTED_EDGE ( 'NONE', *, *, #1654, .F. ) ;
#1846 = DIRECTION ( 'NONE',  ( 0.0000000000000000000, 1.000000000000000000, 0.0000000000000000000 ) ) ;
#1847 = VERTEX_POINT ( 'NONE', #1508 ) ;
#1848 = CARTESIAN_POINT ( 'NONE',  ( -0.02100000000000000500, 0.006749999999999967000, -0.02274999999999996500 ) ) ;
#1849 = VERTEX_POINT ( 'NONE', #2048 ) ;
#1850 = VERTEX_POINT ( 'NONE', #8 ) ;
#1851 = CARTESIAN_POINT ( 'NONE',  ( -0.02448634091673593900, 0.05602474461248215000, -0.01532124019773531400 ) ) ;
#1852 = ORIENTED_EDGE ( 'NONE', *, *, #2033, .T. ) ;
#1853 = EDGE_LOOP ( 'NONE', ( #1310, #2099, #1285, #986 ) ) ;
#1854 = CARTESIAN_POINT ( 'NONE',  ( -0.02385476082231766800, 0.05616240119321978800, -0.01556488875248243300 ) ) ;
#1855 = DIRECTION ( 'NONE',  ( 7.468797715709441000E-017, 1.000000000000000000, -6.123233995736766000E-017 ) ) ;
#1856 = CARTESIAN_POINT ( 'NONE',  ( 0.02461520285973933800, 0.06399999999999900200, -0.01308834697750710200 ) ) ;
#1857 = CIRCLE ( 'NONE', #513, 0.01100000000000000100 ) ;
#1858 = CARTESIAN_POINT ( 'NONE',  ( 0.0000000000000000000, 0.01999999999999996600, 0.1699999999999999800 ) ) ;
#1859 = CARTESIAN_POINT ( 'NONE',  ( 0.003999999999999847400, 0.06900000000000000600, -0.02500000000000005000 ) ) ;
#1860 = ORIENTED_EDGE ( 'NONE', *, *, #1738, .T. ) ;
#1861 = ORIENTED_EDGE ( 'NONE', *, *, #1725, .T. ) ;
#1862 = ORIENTED_EDGE ( 'NONE', *, *, #1350, .T. ) ;
#1863 = ORIENTED_EDGE ( 'NONE', *, *, #1937, .T. ) ;
#1864 = EDGE_CURVE ( 'NONE', #473, #2785, #2150, .T. ) ;
#1865 = DIRECTION ( 'NONE',  ( -7.468797715707625400E-017, -5.131708243377015600E-049, 1.000000000000000000 ) ) ;
#1866 =( LENGTH_UNIT ( ) NAMED_UNIT ( * ) SI_UNIT ( $, .METRE. ) );
#1867 = FACE_OUTER_BOUND ( 'NONE', #2672, .T. ) ;
#1868 = ORIENTED_EDGE ( 'NONE', *, *, #2093, .T. ) ;
#1869 = DIRECTION ( 'NONE',  ( -1.000000000000000000, 0.0000000000000000000, 0.0000000000000000000 ) ) ;
#1870 = CARTESIAN_POINT ( 'NONE',  ( -0.004000000000000000100, 0.006749999999999960000, -0.02899999999999996700 ) ) ;
#1871 = VECTOR ( 'NONE', #2908, 39.37007874015748100 ) ;
#1872 = EDGE_CURVE ( 'NONE', #1128, #2414, #20, .T. ) ;
#1873 = ORIENTED_EDGE ( 'NONE', *, *, #2311, .T. ) ;
#1874 = AXIS2_PLACEMENT_3D ( 'NONE', #856, #1273, #2014 ) ;
#1875 = DIRECTION ( 'NONE',  ( -0.0000000000000000000, 4.690673066044407900E-017, 1.000000000000000000 ) ) ;
#1876 = CARTESIAN_POINT ( 'NONE',  ( -0.02888875119589863800, 0.05906318936609893800, -0.01338697782227643200 ) ) ;
#1877 =( CONVERSION_BASED_UNIT ( 'INCH', #2280 ) LENGTH_UNIT ( ) NAMED_UNIT ( #1534 ) );
#1878 = VERTEX_POINT ( 'NONE', #2857 ) ;
#1879 = VERTEX_POINT ( 'NONE', #1343 ) ;
#1880 = EDGE_CURVE ( 'NONE', #745, #1240, #2267, .T. ) ;
#1881 =( LENGTH_UNIT ( ) NAMED_UNIT ( * ) SI_UNIT ( $, .METRE. ) );
#1882 = AXIS2_PLACEMENT_3D ( 'NONE', #2631, #2843, #3080 ) ;
#1883 = PLANE ( 'NONE',  #111 ) ;
#1884 = CARTESIAN_POINT ( 'NONE',  ( -0.02778307427232141000, 0.01299999999999996600, -0.01103887279385857600 ) ) ;
#1885 = CARTESIAN_POINT ( 'NONE',  ( 0.01587765674992316900, 0.05315405958458432900, -0.01858404134445053300 ) ) ;
#1886 = VERTEX_POINT ( 'NONE', #1007 ) ;
#1887 = AXIS2_PLACEMENT_3D ( 'NONE', #2036, #2027, #2017 ) ;
#1888 = VERTEX_POINT ( 'NONE', #48 ) ;
#1889 = DIRECTION ( 'NONE',  ( -0.0000000000000000000, 1.000000000000000000, -0.0000000000000000000 ) ) ;
#1890 = DIRECTION ( 'NONE',  ( 0.0000000000000000000, -1.000000000000000000, 0.0000000000000000000 ) ) ;
#1891 = ORIENTED_EDGE ( 'NONE', *, *, #633, .T. ) ;
#1892 = ORIENTED_EDGE ( 'NONE', *, *, #2623, .F. ) ;
#1893 = ORIENTED_EDGE ( 'NONE', *, *, #350, .T. ) ;
#1894 = CARTESIAN_POINT ( 'NONE',  ( 0.002796830565400096700, 0.05712096361844634700, -0.01663007682069013100 ) ) ;
#1895 = CARTESIAN_POINT ( 'NONE',  ( 0.008481708036757915400, 0.03431226800962727800, -0.01959209527186445800 ) ) ;
#1896 = LINE ( 'NONE', #122, #2079 ) ;
#1897 = ADVANCED_FACE ( 'NONE', ( #1680 ), #897, .T. ) ;
#1898 = LINE ( 'NONE', #1609, #3025 ) ;
#1899 = ORIENTED_EDGE ( 'NONE', *, *, #2548, .T. ) ;
#1900 = DIRECTION ( 'NONE',  ( 0.0000000000000000000, 8.130499981143647400E-016, -1.000000000000000000 ) ) ;
#1901 = LINE ( 'NONE', #1407, #1747 ) ;
#1902 = LINE ( 'NONE', #2286, #1825 ) ;
#1903 = ORIENTED_EDGE ( 'NONE', *, *, #1685, .T. ) ;
#1904 = ORIENTED_EDGE ( 'NONE', *, *, #178, .F. ) ;
#1905 = CARTESIAN_POINT ( 'NONE',  ( -0.0003346189318396858900, 0.05605304810035747300, -0.01705023095064738300 ) ) ;
#1906 = LINE ( 'NONE', #3116, #1871 ) ;
#1907 = AXIS2_PLACEMENT_3D ( 'NONE', #56, #526, #1928 ) ;
#1908 = CARTESIAN_POINT ( 'NONE',  ( 0.02100000000000000500, 0.006749999999999960000, -0.02899999999999996700 ) ) ;
#1909 = CARTESIAN_POINT ( 'NONE',  ( 0.003084096821082945700, 0.05746303506451311300, -0.01648662838752364800 ) ) ;
#1910 = VERTEX_POINT ( 'NONE', #2836 ) ;
#1911 = ORIENTED_EDGE ( 'NONE', *, *, #881, .T. ) ;
#1912 = EDGE_CURVE ( 'NONE', #138, #2234, #2947, .T. ) ;
#1913 = CIRCLE ( 'NONE', #2401, 0.003749999999999998600 ) ;
#1914 = ORIENTED_EDGE ( 'NONE', *, *, #1872, .T. ) ;
#1915 = EDGE_CURVE ( 'NONE', #1391, #1246, #2270, .T. ) ;
#1916 = ORIENTED_EDGE ( 'NONE', *, *, #1416, .F. ) ;
#1917 = CARTESIAN_POINT ( 'NONE',  ( -0.003739808423232766800, 0.05858090417606195300, -0.01600000000000003800 ) ) ;
#1918 = VECTOR ( 'NONE', #2671, 39.37007874015748100 ) ;
#1919 = DIRECTION ( 'NONE',  ( -0.0000000000000000000, 0.0000000000000000000, -1.000000000000000000 ) ) ;
#1920 = DIRECTION ( 'NONE',  ( 0.0000000000000000000, 0.0000000000000000000, -1.000000000000000000 ) ) ;
#1921 = DIRECTION ( 'NONE',  ( -7.468797715707625400E-017, -6.842277657836020900E-049, 1.000000000000000000 ) ) ;
#1922 = CARTESIAN_POINT ( 'NONE',  ( -0.02160517148945950400, 0.05783915310217192100, -0.01596834072970818700 ) ) ;
#1923 = ADVANCED_FACE ( 'NONE', ( #1003 ), #151, .F. ) ;
#1924 = CARTESIAN_POINT ( 'NONE',  ( 0.0000000000000000000, 0.01999999999999996600, 0.1699999999999999800 ) ) ;
#1925 = CARTESIAN_POINT ( 'NONE',  ( 0.003366639415475470700, 0.05779948166040570200, -0.01634553874797633000 ) ) ;
#1926 = ORIENTED_EDGE ( 'NONE', *, *, #307, .T. ) ;
#1927 = AXIS2_PLACEMENT_3D ( 'NONE', #3011, #2675, #1093 ) ;
#1928 = DIRECTION ( 'NONE',  ( 1.000000000000000000, 0.0000000000000000000, 0.0000000000000000000 ) ) ;
#1929 = CARTESIAN_POINT ( 'NONE',  ( -0.02100260753242061100, 0.05985559272823602600, -0.01536099834520109400 ) ) ;
#1930 = CARTESIAN_POINT ( 'NONE',  ( -1.560216433481612500E-016, 0.05999999999999999800, 0.01799999999999995000 ) ) ;
#1931 = AXIS2_PLACEMENT_3D ( 'NONE', #1804, #2324, #1749 ) ;
#1932 = CARTESIAN_POINT ( 'NONE',  ( -0.03959044135354330300, 0.007828637420573148600, -0.007843001889471231500 ) ) ;
#1933 = CARTESIAN_POINT ( 'NONE',  ( 0.05000000000000000300, 0.03799999999999999200, 0.09999999999999999200 ) ) ;
#1934 = ORIENTED_EDGE ( 'NONE', *, *, #1458, .T. ) ;
#1935 = ORIENTED_EDGE ( 'NONE', *, *, #1064, .T. ) ;
#1936 = ADVANCED_FACE ( 'NONE', ( #2696 ), #1782, .F. ) ;
#1937 = EDGE_CURVE ( 'NONE', #673, #3086, #628, .T. ) ;
#1938 = DIRECTION ( 'NONE',  ( 1.000000000000000000, 0.0000000000000000000, 0.0000000000000000000 ) ) ;
#1939 = ORIENTED_EDGE ( 'NONE', *, *, #2548, .F. ) ;
#1940 = CARTESIAN_POINT ( 'NONE',  ( -0.002119440077515568400, 0.05660874059598137300, -0.01683511064603398400 ) ) ;
#1941 = FACE_OUTER_BOUND ( 'NONE', #3016, .T. ) ;
#1942 = AXIS2_PLACEMENT_3D ( 'NONE', #810, #998, #30 ) ;
#1943 = DIRECTION ( 'NONE',  ( 2.026496089157258800E-017, 1.000000000000000000, 0.0000000000000000000 ) ) ;
#1944 = CARTESIAN_POINT ( 'NONE',  ( 0.004000000000000000100, 0.006749999999999960000, -0.02899999999999996700 ) ) ;
#1945 = LINE ( 'NONE', #1839, #1630 ) ;
#1946 = DIRECTION ( 'NONE',  ( 1.000000000000000000, 0.0000000000000000000, 0.0000000000000000000 ) ) ;
#1947 = VERTEX_POINT ( 'NONE', #826 ) ;
#1948 = DIRECTION ( 'NONE',  ( 1.291109934225971900E-016, -1.102880296222247400E-033, -1.000000000000000000 ) ) ;
#1949 = CIRCLE ( 'NONE', #1288, 0.003999999999999999200 ) ;
#1950 = LINE ( 'NONE', #133, #867 ) ;
#1951 = ORIENTED_EDGE ( 'NONE', *, *, #885, .F. ) ;
#1952 = EDGE_LOOP ( 'NONE', ( #429, #2803, #1022 ) ) ;
#1953 = FACE_OUTER_BOUND ( 'NONE', #2251, .T. ) ;
#1954 = VERTEX_POINT ( 'NONE', #2307 ) ;
#1955 = CARTESIAN_POINT ( 'NONE',  ( 0.02499999999999983500, 0.05999999999999999800, 0.1599999999999999200 ) ) ;
#1956 = EDGE_LOOP ( 'NONE', ( #1868, #1207 ) ) ;
#1957 = EDGE_CURVE ( 'NONE', #1616, #814, #1857, .T. ) ;
#1958 = CIRCLE ( 'NONE', #2871, 0.01100000000000000100 ) ;
#1959 = AXIS2_PLACEMENT_3D ( 'NONE', #144, #135, #1436 ) ;
#1960 = FACE_OUTER_BOUND ( 'NONE', #235, .T. ) ;
#1961 = EDGE_CURVE ( 'NONE', #2785, #2320, #1562, .T. ) ;
#1962 = CARTESIAN_POINT ( 'NONE',  ( 0.02386308434902636000, 0.06383502578903617300, -0.01319708700864215300 ) ) ;
#1963 = CARTESIAN_POINT ( 'NONE',  ( 0.02272719086769359500, 0.05668240059775330600, -0.01590633547216793400 ) ) ;
#1964 = ADVANCED_FACE ( 'NONE', ( #2823 ), #1150, .F. ) ;
#1965 = CIRCLE ( 'NONE', #200, 0.009000000000000044400 ) ;
#1966 = CARTESIAN_POINT ( 'NONE',  ( 0.02499999999999988300, 0.05999999999999999800, 0.01439483628583458100 ) ) ;
#1967 = CARTESIAN_POINT ( 'NONE',  ( 0.004000000000000000100, -0.02500000000000004000, -0.02649999999999996100 ) ) ;
#1968 = AXIS2_PLACEMENT_3D ( 'NONE', #1977, #1726, #1703 ) ;
#1969 = EDGE_CURVE ( 'NONE', #1295, #2416, #1186, .T. ) ;
#1970 = CARTESIAN_POINT ( 'NONE',  ( -0.02500000000000015800, 0.05999999999999999800, -0.01600000000000003800 ) ) ;
#1971 = DIRECTION ( 'NONE',  ( -1.000000000000000000, -0.0000000000000000000, -0.0000000000000000000 ) ) ;
#1972 = CARTESIAN_POINT ( 'NONE',  ( -0.02100000000000000500, 0.01049999999999996600, -0.02274999999999996500 ) ) ;
#1973 = DIRECTION ( 'NONE',  ( -1.000000000000000000, -0.0000000000000000000, -0.0000000000000000000 ) ) ;
#1974 = DIRECTION ( 'NONE',  ( 1.000000000000000000, -8.167843997065574700E-033, 1.333910153156378700E-016 ) ) ;
#1975 =( BOUNDED_SURFACE ( )  B_SPLINE_SURFACE ( 3, 2, ( 
 ( #2784, #2807, #3053 ),
 ( #3075, #283, #131 ),
 ( #321, #1885, #359 ),
 ( #819, #684, #824 ) ),
 .UNSPECIFIED., .F., .F., .T. ) 
 B_SPLINE_SURFACE_WITH_KNOTS ( ( 4, 4 ),
 ( 3, 3 ),
 ( -7.570264315365136900E-006, 0.0006875915406287418400 ),
 ( 0.0000000000000000000, 1.000000000000000000 ),
 .UNSPECIFIED. ) 
 GEOMETRIC_REPRESENTATION_ITEM ( )  RATIONAL_B_SPLINE_SURFACE ( (
 ( 1.000000000000000000, 1.000000000000000000, 1.000000000000000000),
 ( 1.000000000000000000, 0.9999329507337809700, 1.000000000000000000),
 ( 1.000000000000000000, 0.9840633958361682000, 1.000000000000000000),
 ( 1.000000000000000000, 0.9527701492418906300, 1.000000000000000000) ) ) 
 REPRESENTATION_ITEM ( '' )  SURFACE ( )  );
#1976 = ADVANCED_FACE ( 'NONE', ( #2230 ), #2661, .F. ) ;
#1977 = CARTESIAN_POINT ( 'NONE',  ( 0.01599999999999979600, 0.05999999999999999800, 0.1599999999999999200 ) ) ;
#1978 = EDGE_LOOP ( 'NONE', ( #2957, #2645, #2373, #575, #690, #2357 ) ) ;
#1979 = CARTESIAN_POINT ( 'NONE',  ( -0.01631639887515844200, 0.05089827625059444700, -0.01809539797384326600 ) ) ;
#1980 = DIRECTION ( 'NONE',  ( 0.0000000000000000000, 0.0000000000000000000, 1.000000000000000000 ) ) ;
#1981 = CARTESIAN_POINT ( 'NONE',  ( 0.04104286684086184300, 0.002499999999999977900, 0.0000000000000000000 ) ) ;
#1983 = ORIENTED_EDGE ( 'NONE', *, *, #1518, .T. ) ;
#1982 = DIRECTION ( 'NONE',  ( -0.0000000000000000000, 1.000000000000000000, -0.0000000000000000000 ) ) ;
#1984 = VERTEX_POINT ( 'NONE', #2868 ) ;
#1985 = EDGE_CURVE ( 'NONE', #2168, #786, #631, .T. ) ;
#1986 = ORIENTED_EDGE ( 'NONE', *, *, #1200, .T. ) ;
#1987 = CARTESIAN_POINT ( 'NONE',  ( 0.004000000000000000100, -0.02500000000000004000, -0.02899999999999996700 ) ) ;
#1988 = B_SPLINE_CURVE_WITH_KNOTS ( 'NONE', 3,
 ( #322, #236, #1979, #892, #686, #73 ),
 .UNSPECIFIED., .F., .F.,
 ( 4, 2, 4 ),
 ( 0.0007958352170272262100, 0.001171301684461689600, 0.001546768151896153200 ),
 .UNSPECIFIED. ) ;
#1989 = CARTESIAN_POINT ( 'NONE',  ( -0.02718020067487073400, 0.06338344126217551600, -0.01309468479076855200 ) ) ;
#1990 = EDGE_LOOP ( 'NONE', ( #1935, #612, #1563, #351 ) ) ;
#1991 = VERTEX_POINT ( 'NONE', #2396 ) ;
#1992 = EDGE_CURVE ( 'NONE', #1321, #3086, #1902, .T. ) ;
#1993 = CARTESIAN_POINT ( 'NONE',  ( -0.02900000000000000100, 0.01299999999999996600, -0.02274999999999996500 ) ) ;
#1994 = ORIENTED_EDGE ( 'NONE', *, *, #1184, .T. ) ;
#1995 = FACE_OUTER_BOUND ( 'NONE', #2529, .T. ) ;
#1996 = EDGE_CURVE ( 'NONE', #814, #1616, #662, .T. ) ;
#1997 = VECTOR ( 'NONE', #2430, 39.37007874015748100 ) ;
#1998 = LINE ( 'NONE', #1908, #1817 ) ;
#1999 = CARTESIAN_POINT ( 'NONE',  ( 0.03891197793938067800, 0.002499999999999973200, 0.0000000000000000000 ) ) ;
#2000 = DIRECTION ( 'NONE',  ( 4.268512490100410900E-016, 1.000000000000000000, 0.0000000000000000000 ) ) ;
#2001 = ADVANCED_FACE ( 'NONE', ( #31 ), #2161, .F. ) ;
#2002 = LINE ( 'NONE', #2699, #1558 ) ;
#2003 = DIRECTION ( 'NONE',  ( 1.000000000000000000, -8.167843997065574700E-033, 1.333910153156378700E-016 ) ) ;
#2004 = VECTOR ( 'NONE', #2143, 39.37007874015748100 ) ;
#2005 = EDGE_LOOP ( 'NONE', ( #2176, #734, #1238, #535 ) ) ;
#2006 = AXIS2_PLACEMENT_3D ( 'NONE', #1395, #2710, #1943 ) ;
#2007 = VECTOR ( 'NONE', #954, 39.37007874015748100 ) ;
#2008 = LINE ( 'NONE', #2774, #1830 ) ;
#2009 = EDGE_CURVE ( 'NONE', #1799, #1460, #2758, .T. ) ;
#2010 = AXIS2_PLACEMENT_3D ( 'NONE', #35, #675, #944 ) ;
#2011 = EDGE_CURVE ( 'NONE', #1984, #1280, #2928, .T. ) ;
#2012 = EDGE_LOOP ( 'NONE', ( #834, #2154, #722, #2845, #2037, #1699, #3050, #2030, #217 ) ) ;
#2013 = CARTESIAN_POINT ( 'NONE',  ( 0.04318546394236058600, 0.003016457339235389900, -0.0000000000000000000 ) ) ;
#2014 = DIRECTION ( 'NONE',  ( 0.0000000000000000000, 1.000000000000000000, 0.0000000000000000000 ) ) ;
#2015 = CARTESIAN_POINT ( 'NONE',  ( 0.02499999999999984900, 0.06900000000000000600, -0.02500000000000005000 ) ) ;
#2016 = ADVANCED_FACE ( 'NONE', ( #1741, #1995 ), #757, .T. ) ;
#2017 = DIRECTION ( 'NONE',  ( 0.0000000000000000000, 0.0000000000000000000, 1.000000000000000000 ) ) ;
#2018 = EDGE_LOOP ( 'NONE', ( #1581, #306, #582, #2495 ) ) ;
#2019 = ORIENTED_EDGE ( 'NONE', *, *, #457, .T. ) ;
#2020 = CARTESIAN_POINT ( 'NONE',  ( 0.04654336695052131000, 0.005655610811148777600, -0.0000000000000000000 ) ) ;
#2021 = EDGE_LOOP ( 'NONE', ( #922, #2087, #3054, #1873, #701 ) ) ;
#2022 = CARTESIAN_POINT ( 'NONE',  ( 0.02499999999999984900, 0.05999999999999999800, -0.01600000000000003800 ) ) ;
#2023 = CARTESIAN_POINT ( 'NONE',  ( 0.02423324509013619400, 0.05607417691328301500, -0.01542044222483028100 ) ) ;
#2024 = CARTESIAN_POINT ( 'NONE',  ( 0.02677982341934893900, 0.06360852607092588900, -0.01307155283857508600 ) ) ;
#2025 = ORIENTED_EDGE ( 'NONE', *, *, #929, .F. ) ;
#2026 = ORIENTED_EDGE ( 'NONE', *, *, #45, .T. ) ;
#2027 = DIRECTION ( 'NONE',  ( 1.000000000000000000, 0.0000000000000000000, -0.0000000000000000000 ) ) ;
#2028 = ORIENTED_EDGE ( 'NONE', *, *, #2055, .T. ) ;
#2029 = CARTESIAN_POINT ( 'NONE',  ( -0.02500000000000015800, 0.06900000000000000600, -0.02100000000000005000 ) ) ;
#2030 = ORIENTED_EDGE ( 'NONE', *, *, #1080, .T. ) ;
#2031 = ORIENTED_EDGE ( 'NONE', *, *, #2134, .T. ) ;
#2032 = DIRECTION ( 'NONE',  ( 1.000000000000000000, -8.167843997065574700E-033, 1.333910153156378700E-016 ) ) ;
#2033 = EDGE_CURVE ( 'NONE', #1128, #334, #1821, .T. ) ;
#2034 = DIRECTION ( 'NONE',  ( 0.0000000000000000000, 0.0000000000000000000, -1.000000000000000000 ) ) ;
#2035 = EDGE_CURVE ( 'NONE', #1391, #464, #2194, .T. ) ;
#2036 = CARTESIAN_POINT ( 'NONE',  ( 0.02900000000000000100, 0.03999999999999998000, 0.02515625000000004300 ) ) ;
#2037 = ORIENTED_EDGE ( 'NONE', *, *, #2237, .F. ) ;
#2038 = VECTOR ( 'NONE', #1354, 39.37007874015748100 ) ;
#2039 = CARTESIAN_POINT ( 'NONE',  ( -0.02100000000000000500, -0.02500000000000004000, -0.02899999999999996700 ) ) ;
#2040 = LINE ( 'NONE', #2956, #1918 ) ;
#2041 = FACE_BOUND ( 'NONE', #268, .T. ) ;
#2042 = VERTEX_POINT ( 'NONE', #619 ) ;
#2043 = CARTESIAN_POINT ( 'NONE',  ( 0.003739808423232459300, 0.05858090417606195300, -0.01600000000000003800 ) ) ;
#2044 = CARTESIAN_POINT ( 'NONE',  ( 0.004214768055837940000, 0.03717362962575508600, -0.01999999999999999000 ) ) ;
#2045 = DIRECTION ( 'NONE',  ( 0.0000000000000000000, 0.0000000000000000000, 1.000000000000000000 ) ) ;
#2046 = AXIS2_PLACEMENT_3D ( 'NONE', #2705, #2955, #3084 ) ;
#2047 = CARTESIAN_POINT ( 'NONE',  ( 0.05000000000000000300, 0.07999999999999996000, 0.0000000000000000000 ) ) ;
#2048 = CARTESIAN_POINT ( 'NONE',  ( 0.05000000000000000300, 0.07999999999999996000, 0.0000000000000000000 ) ) ;
#2049 = DIRECTION ( 'NONE',  ( -1.000000000000000000, -0.0000000000000000000, -0.0000000000000000000 ) ) ;
#2050 = DIRECTION ( 'NONE',  ( 0.0000000000000000000, 1.000000000000000000, 0.0000000000000000000 ) ) ;
#2051 = CARTESIAN_POINT ( 'NONE',  ( 0.02637117231060659400, 0.06375764374237703800, -0.01305814829624960700 ) ) ;
#2052 = EDGE_CURVE ( 'NONE', #2988, #735, #3152, .T. ) ;
#2053 = CARTESIAN_POINT ( 'NONE',  ( -0.02100000000000000500, 0.01299999999999996600, -0.02274999999999996500 ) ) ;
#2054 = ORIENTED_EDGE ( 'NONE', *, *, #427, .F. ) ;
#2055 = EDGE_CURVE ( 'NONE', #143, #358, #2534, .T. ) ;
#2056 = ORIENTED_EDGE ( 'NONE', *, *, #929, .T. ) ;
#2057 = CARTESIAN_POINT ( 'NONE',  ( 0.003731791560558944700, 0.06144004574529418600, -0.01458555862142778100 ) ) ;
#2058 = ORIENTED_EDGE ( 'NONE', *, *, #823, .F. ) ;
#2059 = CARTESIAN_POINT ( 'NONE',  ( -0.02333682890675623700, 0.05634513335207713700, -0.01574261471218278300 ) ) ;
#2060 =( BOUNDED_SURFACE ( )  B_SPLINE_SURFACE ( 3, 2, ( 
 ( #2626, #2088, #3085 ),
 ( #2780, #1775, #1087 ),
 ( #229, #1153, #764 ),
 ( #1403, #1243, #1220 ),
 ( #3070, #1932, #2482 ),
 ( #2863, #1047, #2875 ) ),
 .UNSPECIFIED., .F., .F., .T. ) 
 B_SPLINE_SURFACE_WITH_KNOTS ( ( 4, 2, 4 ),
 ( 3, 3 ),
 ( -7.570264315365072500E-006, 0.0006894167619309404200, 0.001386403788177245900 ),
 ( 0.0000000000000000000, 1.000000000000000000 ),
 .UNSPECIFIED. ) 
 GEOMETRIC_REPRESENTATION_ITEM ( )  RATIONAL_B_SPLINE_SURFACE ( (
 ( 1.000000000000000000, 1.000000000000000000, 1.000000000000000000),
 ( 1.000000000000000000, 0.9998816716651847100, 1.000000000000000000),
 ( 1.000000000000000000, 0.9840482310824636400, 1.000000000000000000),
 ( 1.000000000000000000, 0.9209973811962730600, 1.000000000000000000),
 ( 1.000000000000000000, 0.8730189556030498700, 1.000000000000000000),
 ( 1.000000000000000000, 0.8187784665919285400, 1.000000000000000000) ) ) 
 REPRESENTATION_ITEM ( '' )  SURFACE ( )  );
#2061 = VERTEX_POINT ( 'NONE', #2690 ) ;
#2062 = ORIENTED_EDGE ( 'NONE', *, *, #2840, .F. ) ;
#2063 = EDGE_CURVE ( 'NONE', #1039, #1090, #3066, .T. ) ;
#2064 = CONICAL_SURFACE ( 'NONE', #2798, 0.005999999999999967200, 1.029744258676648300 ) ;
#2065 = CARTESIAN_POINT ( 'NONE',  ( 0.02499999999999984900, 0.05599999999999999400, -0.01600000000000003800 ) ) ;
#2066 = ORIENTED_EDGE ( 'NONE', *, *, #2216, .T. ) ;
#2067 = DIRECTION ( 'NONE',  ( -1.000000000000000000, -0.0000000000000000000, 0.0000000000000000000 ) ) ;
#2068 = VERTEX_POINT ( 'NONE', #2092 ) ;
#2069 = VECTOR ( 'NONE', #1032, 39.37007874015748100 ) ;
#2070 = EDGE_LOOP ( 'NONE', ( #2332, #935, #2159, #870, #396 ) ) ;
#2071 = AXIS2_PLACEMENT_3D ( 'NONE', #2175, #2149, #2128 ) ;
#2072 = DIRECTION ( 'NONE',  ( 1.000000000000000000, 0.0000000000000000000, 0.0000000000000000000 ) ) ;
#2073 = CYLINDRICAL_SURFACE ( 'NONE', #995, 0.06640625000000002800 ) ;
#2074 = CIRCLE ( 'NONE', #1449, 0.01100000000000000100 ) ;
#2075 = VERTEX_POINT ( 'NONE', #1223 ) ;
#2076 = LINE ( 'NONE', #2518, #2004 ) ;
#2077 = CLOSED_SHELL ( 'NONE', ( #3089, #2938, #3147, #2249, #29, #1013, #792, #994, #1468, #522, #1735, #2927, #248, #2633, #1260, #2200, #1701, #703, #1964, #1502, #2227, #2734, #2450, #2669, #1722, #1752, #1687, #1241, #1936, #752, #3159, #485, #767, #974, #3126, #1441, #1212, #2897, #2468, #507, #2433, #2910, #1453, #196, #1976, #456, #1671, #1653, #720, #2480, #1923, #961, #941, #2744, #2177, #437, #170, #183, #1224, #1897, #2162, #2869, #2001, #925, #156, #2016, #2392, #1477, #1293, #1422, #1275, #419, #1190, #2660, #2716, #1641, #678, #1488, #2684, #1030, #232, #2214, #2258, #2954, #216, #2411, #547, #10, #471, #3112, #1514, #2880, #2497, #780, #731, #2702 ) ) ;
#2078 = LINE ( 'NONE', #1338, #2007 ) ;
#2079 = VECTOR ( 'NONE', #2673, 39.37007874015748100 ) ;
#2080 = CARTESIAN_POINT ( 'NONE',  ( -0.02172334590813096100, 0.06235167923121220900, -0.01408251092153489100 ) ) ;
#2081 = CARTESIAN_POINT ( 'NONE',  ( 0.0000000000000000000, 0.03999999999999998000, -0.01999999999999999000 ) ) ;
#2082 = CARTESIAN_POINT ( 'NONE',  ( 0.003999922899096738400, 0.06002483548429798900, -0.01531711010129748600 ) ) ;
#2083 = CYLINDRICAL_SURFACE ( 'NONE', #3018, 0.004000000000000003600 ) ;
#2084 = AXIS2_PLACEMENT_3D ( 'NONE', #1267, #1257, #1244 ) ;
#2085 = LINE ( 'NONE', #2797, #1367 ) ;
#2086 = CARTESIAN_POINT ( 'NONE',  ( 0.02099999999999984900, 0.06900000000000000600, -0.02500000000000005000 ) ) ;
#2087 = ORIENTED_EDGE ( 'NONE', *, *, #1184, .F. ) ;
#2088 = CARTESIAN_POINT ( 'NONE',  ( 0.0000000000000000000, 0.03999999999999998000, -0.01999999999999999000 ) ) ;
#2089 = CIRCLE ( 'NONE', #381, 0.003999999999999999200 ) ;
#2090 = ORIENTED_EDGE ( 'NONE', *, *, #2743, .F. ) ;
#2091 = CARTESIAN_POINT ( 'NONE',  ( 0.02100000000000000500, 0.006749999999999967000, -0.02274999999999996500 ) ) ;
#2092 = CARTESIAN_POINT ( 'NONE',  ( -0.02500000000000016800, 0.06599999999999998900, 0.1599999999999999200 ) ) ;
#2093 = EDGE_CURVE ( 'NONE', #1368, #1991, #3071, .T. ) ;
#2094 = VERTEX_POINT ( 'NONE', #3125 ) ;
#2095 = CARTESIAN_POINT ( 'NONE',  ( -0.02500000000000015800, 0.05599999999999999400, -0.01600000000000003800 ) ) ;
#2096 = DIRECTION ( 'NONE',  ( 1.000000000000000000, 0.0000000000000000000, 0.0000000000000000000 ) ) ;
#2097 = EDGE_CURVE ( 'NONE', #2721, #1482, #3027, .T. ) ;
#2098 = ORIENTED_EDGE ( 'NONE', *, *, #1798, .F. ) ;
#2099 = ORIENTED_EDGE ( 'NONE', *, *, #837, .F. ) ;
#2100 = CARTESIAN_POINT ( 'NONE',  ( -0.02677868418493031500, 0.06358277581914907600, -0.01307496696577434600 ) ) ;
#2101 = CARTESIAN_POINT ( 'NONE',  ( 0.003904962236363943700, 0.06099128439960972700, -0.01482765791468961500 ) ) ;
#2102 = CARTESIAN_POINT ( 'NONE',  ( -0.02240357006751148000, 0.05693429667177099500, -0.01596224562730406300 ) ) ;
#2103 = AXIS2_PLACEMENT_3D ( 'NONE', #672, #2667, #3128 ) ;
#2104 = ORIENTED_EDGE ( 'NONE', *, *, #1647, .F. ) ;
#2105 = DIRECTION ( 'NONE',  ( 1.000000000000000000, -1.333910153156378700E-016, -0.0000000000000000000 ) ) ;
#2106 = CARTESIAN_POINT ( 'NONE',  ( -0.009000000000000207500, 0.05999999999999999800, 0.1599999999999999200 ) ) ;
#2107 = CARTESIAN_POINT ( 'NONE',  ( 0.03581470156809323000, 0.005043064102071253200, -0.003790903009298797400 ) ) ;
#2109 = ORIENTED_EDGE ( 'NONE', *, *, #610, .F. ) ;
#2108 = CARTESIAN_POINT ( 'NONE',  ( 0.05000000000000000300, 0.07999999999999996000, 0.0000000000000000000 ) ) ;
#2110 = AXIS2_PLACEMENT_3D ( 'NONE', #2504, #2356, #2346 ) ;
#2111 = DIRECTION ( 'NONE',  ( 0.0000000000000000000, 0.0000000000000000000, -1.000000000000000000 ) ) ;
#2112 = CYLINDRICAL_SURFACE ( 'NONE', #1268, 0.004000000000000003600 ) ;
#2113 = DIRECTION ( 'NONE',  ( -0.0000000000000000000, 4.690673066044407900E-017, 1.000000000000000000 ) ) ;
#2114 = LINE ( 'NONE', #3046, #2038 ) ;
#2115 = ORIENTED_EDGE ( 'NONE', *, *, #1608, .F. ) ;
#2116 = DIRECTION ( 'NONE',  ( -7.468797715707625400E-017, -6.842277657836020900E-049, 1.000000000000000000 ) ) ;
#2117 = LINE ( 'NONE', #107, #2424 ) ;
#2118 = EDGE_CURVE ( 'NONE', #1435, #334, #1965, .T. ) ;
#2119 = CYLINDRICAL_SURFACE ( 'NONE', #55, 0.005999999999999975000 ) ;
#2120 = DIRECTION ( 'NONE',  ( -1.000000000000000000, 0.0000000000000000000, 0.0000000000000000000 ) ) ;
#2121 = DIRECTION ( 'NONE',  ( -7.468797715707625400E-017, -6.842277657836020900E-049, 1.000000000000000000 ) ) ;
#2122 = VERTEX_POINT ( 'NONE', #435 ) ;
#2123 = LINE ( 'NONE', #2712, #1997 ) ;
#2124 = ORIENTED_EDGE ( 'NONE', *, *, #1351, .T. ) ;
#2125 = DIRECTION ( 'NONE',  ( 2.026496089157261300E-017, 1.000000000000000000, 0.0000000000000000000 ) ) ;
#2126 = CARTESIAN_POINT ( 'NONE',  ( 0.02119993693785442200, 0.06124880772141933600, -0.01468813585901806500 ) ) ;
#2127 = ORIENTED_EDGE ( 'NONE', *, *, #373, .T. ) ;
#2128 = DIRECTION ( 'NONE',  ( 0.0000000000000000000, 0.0000000000000000000, 1.000000000000000000 ) ) ;
#2129 = PLANE ( 'NONE',  #2904 ) ;
#2130 = CARTESIAN_POINT ( 'NONE',  ( 0.003996926119058446700, 0.06050748719967801600, -0.01507831052615696300 ) ) ;
#2131 = CARTESIAN_POINT ( 'NONE',  ( 0.02499999999999984900, 0.06900000000000000600, -0.01600000000000003800 ) ) ;
#2132 = EDGE_CURVE ( 'NONE', #2416, #1847, #2668, .T. ) ;
#2133 = AXIS2_PLACEMENT_3D ( 'NONE', #2211, #1973, #2375 ) ;
#2134 = EDGE_CURVE ( 'NONE', #1783, #1098, #3101, .T. ) ;
#2135 = CARTESIAN_POINT ( 'NONE',  ( 0.004000000000000000100, 0.01299999999999996600, -0.02274999999999996500 ) ) ;
#2136 =( NAMED_UNIT ( * ) PLANE_ANGLE_UNIT ( ) SI_UNIT ( $, .RADIAN. ) );
#2137 = EDGE_CURVE ( 'NONE', #3137, #688, #3033, .T. ) ;
#2138 = CARTESIAN_POINT ( 'NONE',  ( 0.0000000000000000000, 0.03999999999999998000, -0.01999999999999999000 ) ) ;
#2139 = ORIENTED_EDGE ( 'NONE', *, *, #2958, .T. ) ;
#2140 = VERTEX_POINT ( 'NONE', #418 ) ;
#2141 = EDGE_LOOP ( 'NONE', ( #125, #645, #2127, #2501, #1658, #1861 ) ) ;
#2142 = CIRCLE ( 'NONE', #1791, 0.003999999999999999200 ) ;
#2143 = DIRECTION ( 'NONE',  ( -1.000000000000000000, -0.0000000000000000000, -0.0000000000000000000 ) ) ;
#2144 =( NAMED_UNIT ( * ) SI_UNIT ( $, .STERADIAN. ) SOLID_ANGLE_UNIT ( ) );
#2145 = VECTOR ( 'NONE', #1789, 39.37007874015748100 ) ;
#2146 = CARTESIAN_POINT ( 'NONE',  ( 0.004000000000000000100, 0.01299999999999996600, -0.02274999999999996500 ) ) ;
#2147 = VERTEX_POINT ( 'NONE', #659 ) ;
#2148 = CIRCLE ( 'NONE', #301, 0.04515625000000003700 ) ;
#2149 = DIRECTION ( 'NONE',  ( -1.000000000000000000, -0.0000000000000000000, 0.0000000000000000000 ) ) ;
#2150 = LINE ( 'NONE', #1415, #87 ) ;
#2151 = CARTESIAN_POINT ( 'NONE',  ( -0.02100000000000000500, 0.01299999999999996600, -0.02274999999999996500 ) ) ;
#2152 = ORIENTED_EDGE ( 'NONE', *, *, #3064, .F. ) ;
#2153 = EDGE_CURVE ( 'NONE', #1748, #2481, #2987, .T. ) ;
#2154 = ORIENTED_EDGE ( 'NONE', *, *, #1838, .F. ) ;
#2155 = ORIENTED_EDGE ( 'NONE', *, *, #2740, .F. ) ;
#2156 = LINE ( 'NONE', #2511, #2069 ) ;
#2157 = DIRECTION ( 'NONE',  ( 0.0000000000000000000, -1.000000000000000000, 0.0000000000000000000 ) ) ;
#2158 = DIRECTION ( 'NONE',  ( 1.000000000000000000, 8.208677865577715400E-017, 0.0000000000000000000 ) ) ;
#2159 = ORIENTED_EDGE ( 'NONE', *, *, #927, .T. ) ;
#2160 = CARTESIAN_POINT ( 'NONE',  ( 0.03517596584510809800, 0.005364442986316730200, -0.005233042597530058700 ) ) ;
#2161 = PLANE ( 'NONE',  #758 ) ;
#2162 = ADVANCED_FACE ( 'NONE', ( #2996 ), #428, .T. ) ;
#2163 = EDGE_CURVE ( 'NONE', #1240, #2481, #671, .T. ) ;
#2164 = DIRECTION ( 'NONE',  ( 0.0000000000000000000, 0.0000000000000000000, -1.000000000000000000 ) ) ;
#2165 = DIRECTION ( 'NONE',  ( -1.000000000000000000, 0.0000000000000000000, 0.0000000000000000000 ) ) ;
#2166 = CARTESIAN_POINT ( 'NONE',  ( -0.02499999999997325900, 0.06400000000000000100, -0.01306703615890028900 ) ) ;
#2167 = VECTOR ( 'NONE', #2111, 39.37007874015748100 ) ;
#2168 = VERTEX_POINT ( 'NONE', #1405 ) ;
#2169 = DIRECTION ( 'NONE',  ( -0.0000000000000000000, 4.690673066044407900E-017, 1.000000000000000000 ) ) ;
#2170 = AXIS2_PLACEMENT_3D ( 'NONE', #1079, #1166, #1179 ) ;
#2171 = DIRECTION ( 'NONE',  ( -7.468797715707625400E-017, -6.842277657836020900E-049, 1.000000000000000000 ) ) ;
#2172 = CARTESIAN_POINT ( 'NONE',  ( 0.01858880777423885200, 0.02112571968951784700, -0.01710030910577539600 ) ) ;
#2173 = CARTESIAN_POINT ( 'NONE',  ( 0.003588985039702972900, 0.05818343238407348200, -0.01617944747832046600 ) ) ;
#2174 = ORIENTED_EDGE ( 'NONE', *, *, #679, .F. ) ;
#2175 = CARTESIAN_POINT ( 'NONE',  ( -0.004000000000000001000, 0.006749999999999967000, -0.02274999999999996500 ) ) ;
#2176 = ORIENTED_EDGE ( 'NONE', *, *, #1742, .T. ) ;
#2177 = ADVANCED_FACE ( 'NONE', ( #2883 ), #2129, .F. ) ;
#2178 = VERTEX_POINT ( 'NONE', #291 ) ;
#2179 = DIRECTION ( 'NONE',  ( 1.000000000000000000, 0.0000000000000000000, 0.0000000000000000000 ) ) ;
#2180 = EDGE_LOOP ( 'NONE', ( #3014, #2208 ) ) ;
#2181 = CARTESIAN_POINT ( 'NONE',  ( 0.02900000000000000500, 0.01128175743101508100, -0.009691267240277589400 ) ) ;
#2182 = CARTESIAN_POINT ( 'NONE',  ( 0.02499999999999984500, 0.06599999999999996100, 0.01799999999999995000 ) ) ;
#2184 = CIRCLE ( 'NONE', #1637, 0.006249999999999997700 ) ;
#2183 = CARTESIAN_POINT ( 'NONE',  ( 0.02345460771212102100, 0.05628756794252885000, -0.01570878625081140900 ) ) ;
#2185 = B_SPLINE_CURVE_WITH_KNOTS ( 'NONE', 3,
 ( #2815, #2336, #2306, #2082, #2130, #2101, #2057, #1790, #851, #1621, #1815, #1506, #1530, #1392, #1410, #1130, #825, #1083, #560 ),
 .UNSPECIFIED., .F., .F.,
 ( 4, 3, 3, 3, 3, 3, 4 ),
 ( 7.110880689801366800E-019, 4.110514087098835000E-005, 8.209961593438372500E-005, 0.0001249274639626523900, 0.0001662112188163328500, 0.0002018820138472064700, 0.0002106695897450954200 ),
 .UNSPECIFIED. ) ;
#2186 = VECTOR ( 'NONE', #2577, 39.37007874015748100 ) ;
#2187 = DIRECTION ( 'NONE',  ( 0.0000000000000000000, 0.0000000000000000000, 1.000000000000000000 ) ) ;
#2188 = CARTESIAN_POINT ( 'NONE',  ( 0.03891197793938066400, 0.07749999999999999900, -2.134256245050205600E-018 ) ) ;
#2189 = ORIENTED_EDGE ( 'NONE', *, *, #818, .F. ) ;
#2190 = ORIENTED_EDGE ( 'NONE', *, *, #2935, .T. ) ;
#2191 = CARTESIAN_POINT ( 'NONE',  ( 0.02900000000000000100, 0.006749999999999960000, -0.02899999999999996700 ) ) ;
#2192 = CYLINDRICAL_SURFACE ( 'NONE', #742, 0.003749999999999998600 ) ;
#2193 = ORIENTED_EDGE ( 'NONE', *, *, #2642, .F. ) ;
#2194 = LINE ( 'NONE', #855, #537 ) ;
#2195 = ORIENTED_EDGE ( 'NONE', *, *, #1264, .F. ) ;
#2196 = FACE_OUTER_BOUND ( 'NONE', #2732, .T. ) ;
#2197 = VERTEX_POINT ( 'NONE', #2580 ) ;
#2198 = DIRECTION ( 'NONE',  ( 7.468797715709441000E-017, 1.000000000000000000, -6.123233995736766000E-017 ) ) ;
#2199 = DIRECTION ( 'NONE',  ( 0.0000000000000000000, 1.000000000000000000, 0.0000000000000000000 ) ) ;
#2200 = ADVANCED_FACE ( 'NONE', ( #2888 ), #2768, .F. ) ;
#2201 = CONICAL_SURFACE ( 'NONE', #3051, 0.005999999999999967200, 1.029744258676648300 ) ;
#2202 = CARTESIAN_POINT ( 'NONE',  ( 0.02507575159968429900, 0.05600053819961081600, -0.01508357347978501800 ) ) ;
#2203 = DIRECTION ( 'NONE',  ( -1.000000000000000000, -0.0000000000000000000, 0.0000000000000000000 ) ) ;
#2204 = AXIS2_PLACEMENT_3D ( 'NONE', #2303, #1712, #2034 ) ;
#2205 = EDGE_CURVE ( 'NONE', #2498, #2299, #2795, .T. ) ;
#2206 = CARTESIAN_POINT ( 'NONE',  ( 0.02275796194629692600, 0.06333588553589698800, -0.01350343297069645500 ) ) ;
#2207 = ORIENTED_EDGE ( 'NONE', *, *, #2421, .F. ) ;
#2208 = ORIENTED_EDGE ( 'NONE', *, *, #1469, .T. ) ;
#2209 = DIRECTION ( 'NONE',  ( 1.000000000000000000, 0.0000000000000000000, 0.0000000000000000000 ) ) ;
#2210 = DIRECTION ( 'NONE',  ( 1.000000000000000000, -4.268512490100410900E-016, 2.002219656938814700E-032 ) ) ;
#2211 = CARTESIAN_POINT ( 'NONE',  ( 0.04749999999999999400, 0.03999999999999998000, 0.02515625000000004300 ) ) ;
#2212 = CARTESIAN_POINT ( 'NONE',  ( 0.0000000000000000000, 0.03999999999999998000, -0.01999999999999999000 ) ) ;
#2213 = CARTESIAN_POINT ( 'NONE',  ( 0.004000000000000000100, 0.006749999999999967000, -0.02274999999999996500 ) ) ;
#2214 = ADVANCED_FACE ( 'NONE', ( #2894 ), #1975, .T. ) ;
#2215 = ORIENTED_EDGE ( 'NONE', *, *, #691, .F. ) ;
#2216 = EDGE_CURVE ( 'NONE', #820, #1700, #2753, .T. ) ;
#2217 = CARTESIAN_POINT ( 'NONE',  ( 0.02887679046315336600, 0.05901454475568090200, -0.01339275551695806900 ) ) ;
#2218 = CIRCLE ( 'NONE', #2759, 0.01300000000000000100 ) ;
#2219 = EDGE_CURVE ( 'NONE', #1259, #868, #2735, .T. ) ;
#2220 = ORIENTED_EDGE ( 'NONE', *, *, #502, .F. ) ;
#2221 = DIRECTION ( 'NONE',  ( 2.026496089157255700E-017, 1.000000000000000000, 0.0000000000000000000 ) ) ;
#2222 = ORIENTED_EDGE ( 'NONE', *, *, #1469, .F. ) ;
#2223 = ORIENTED_EDGE ( 'NONE', *, *, #800, .F. ) ;
#2224 = EDGE_CURVE ( 'NONE', #1098, #1818, #2762, .T. ) ;
#2225 = CARTESIAN_POINT ( 'NONE',  ( -1.656712635570105600E-016, 0.05099999999999995500, 0.1599999999999999800 ) ) ;
#2226 = DIRECTION ( 'NONE',  ( 1.000000000000000000, -2.026496089157345700E-017, 7.468797715707625400E-017 ) ) ;
#2227 = ADVANCED_FACE ( 'NONE', ( #2337 ), #2201, .F. ) ;
#2228 = DIRECTION ( 'NONE',  ( -1.000000000000000000, -0.0000000000000000000, 0.0000000000000000000 ) ) ;
#2229 = AXIS2_PLACEMENT_3D ( 'NONE', #285, #2370, #2687 ) ;
#2230 = FACE_OUTER_BOUND ( 'NONE', #2422, .T. ) ;
#2231 = FACE_BOUND ( 'NONE', #1237, .T. ) ;
#2232 = DIRECTION ( 'NONE',  ( -7.468797715707625400E-017, -6.842277657836020900E-049, 1.000000000000000000 ) ) ;
#2233 = CONICAL_SURFACE ( 'NONE', #2594, 0.005999999999999967200, 1.029744258676648300 ) ;
#2234 = VERTEX_POINT ( 'NONE', #1962 ) ;
#2235 = AXIS2_PLACEMENT_3D ( 'NONE', #779, #1919, #2165 ) ;
#2236 = FACE_OUTER_BOUND ( 'NONE', #2920, .T. ) ;
#2237 = EDGE_CURVE ( 'NONE', #918, #1783, #2547, .T. ) ;
#2238 = EDGE_LOOP ( 'NONE', ( #325, #383 ) ) ;
#2239 = ORIENTED_EDGE ( 'NONE', *, *, #881, .F. ) ;
#2240 = CARTESIAN_POINT ( 'NONE',  ( -0.02366915565667446600, 0.05622788476662787800, -0.01562857831321074600 ) ) ;
#2241 = CARTESIAN_POINT ( 'NONE',  ( 0.02384450879612287600, 0.05615010123679250300, -0.01557280913221712400 ) ) ;
#2242 = VECTOR ( 'NONE', #2261, 39.37007874015748100 ) ;
#2243 = LINE ( 'NONE', #643, #1716 ) ;
#2244 = CARTESIAN_POINT ( 'NONE',  ( 0.03891197793938067800, 0.002499999999999973200, 0.0000000000000000000 ) ) ;
#2245 = DIRECTION ( 'NONE',  ( -1.000000000000000000, -0.0000000000000000000, -0.0000000000000000000 ) ) ;
#2246 = ORIENTED_EDGE ( 'NONE', *, *, #2035, .F. ) ;
#2247 = DIRECTION ( 'NONE',  ( 0.0000000000000000000, 0.0000000000000000000, 1.000000000000000000 ) ) ;
#2248 = AXIS2_PLACEMENT_3D ( 'NONE', #1682, #1471, #2377 ) ;
#2249 = ADVANCED_FACE ( 'NONE', ( #2236 ), #2119, .F. ) ;
#2250 = CARTESIAN_POINT ( 'NONE',  ( -1.666273361044660500E-016, 0.05999999999999999800, 0.1599999999999999200 ) ) ;
#2251 = EDGE_LOOP ( 'NONE', ( #1594, #1746, #598, #1916 ) ) ;
#2252 = DIRECTION ( 'NONE',  ( -1.000000000000000000, -0.0000000000000000000, 0.0000000000000000000 ) ) ;
#2253 = AXIS2_PLACEMENT_3D ( 'NONE', #2713, #2513, #2492 ) ;
#2254 = CARTESIAN_POINT ( 'NONE',  ( -0.02900000000000000500, 0.01049999999999996900, -0.009032006961455339400 ) ) ;
#2255 = ORIENTED_EDGE ( 'NONE', *, *, #2485, .F. ) ;
#2256 = AXIS2_PLACEMENT_3D ( 'NONE', #646, #638, #632 ) ;
#2257 = CARTESIAN_POINT ( 'NONE',  ( -0.02300982225301423400, 0.05651107826266847000, -0.01583728183621767000 ) ) ;
#2258 = ADVANCED_FACE ( 'NONE', ( #2609 ), #2083, .T. ) ;
#2259 = ORIENTED_EDGE ( 'NONE', *, *, #2806, .T. ) ;
#2260 = CARTESIAN_POINT ( 'NONE',  ( -0.02843918286759242200, 0.06209111351217170400, -0.01319239050289823300 ) ) ;
#2261 = DIRECTION ( 'NONE',  ( 0.0000000000000000000, -6.123233995736766000E-017, 1.000000000000000000 ) ) ;
#2262 = EDGE_CURVE ( 'NONE', #980, #1878, #1358, .T. ) ;
#2263 = CARTESIAN_POINT ( 'NONE',  ( 0.01100000000000000100, 0.01999999999999996600, 0.1699999999999999800 ) ) ;
#2264 = DIRECTION ( 'NONE',  ( -7.468797715707625400E-017, -6.842277657836020900E-049, 1.000000000000000000 ) ) ;
#2265 = ORIENTED_EDGE ( 'NONE', *, *, #1574, .F. ) ;
#2266 = CARTESIAN_POINT ( 'NONE',  ( -0.003537018884769704400, 0.05813380140335844300, -0.01619894508751051600 ) ) ;
#2267 = B_SPLINE_CURVE_WITH_KNOTS ( 'NONE', 3,
 ( #1786, #1981, #2013, #2020, #2747, #2761 ),
 .UNSPECIFIED., .F., .F.,
 ( 4, 2, 4 ),
 ( 0.0000000000000000000, 0.0001598807563604610200, 0.0003197615127209220400 ),
 .UNSPECIFIED. ) ;
#2268 = ORIENTED_EDGE ( 'NONE', *, *, #1173, .F. ) ;
#2269 = CARTESIAN_POINT ( 'NONE',  ( -0.02500000000000016800, 0.05999999999999999800, 0.1599999999999999200 ) ) ;
#2270 = CIRCLE ( 'NONE', #1882, 0.005999999999999967200 ) ;
#2271 = DIRECTION ( 'NONE',  ( 1.000000000000000000, -2.026496089157345700E-017, 7.468797715707625400E-017 ) ) ;
#2272 = CIRCLE ( 'NONE', #2581, 0.009000000000000044400 ) ;
#2273 = AXIS2_PLACEMENT_3D ( 'NONE', #2770, #2953, #1106 ) ;
#2274 = ORIENTED_EDGE ( 'NONE', *, *, #768, .T. ) ;
#2275 = ORIENTED_EDGE ( 'NONE', *, *, #901, .T. ) ;
#2276 = AXIS2_PLACEMENT_3D ( 'NONE', #2757, #2746, #2737 ) ;
#2277 = EDGE_LOOP ( 'NONE', ( #3114, #1739, #1307, #2771, #652 ) ) ;
#2278 = CIRCLE ( 'NONE', #364, 0.004000000000000000100 ) ;
#2279 = EDGE_CURVE ( 'NONE', #2400, #1039, #2649, .T. ) ;
#2280 = LENGTH_MEASURE_WITH_UNIT ( LENGTH_MEASURE( 0.02539999999999999900 ), #141 );
#2281 = DIRECTION ( 'NONE',  ( 7.468797715709441000E-017, 1.000000000000000000, -6.123233995736766000E-017 ) ) ;
#2282 = EDGE_CURVE ( 'NONE', #1027, #2178, #2089, .T. ) ;
#2283 = CARTESIAN_POINT ( 'NONE',  ( 0.02499999999999983500, 0.05999999999999999800, 0.1599999999999999200 ) ) ;
#2284 = DIRECTION ( 'NONE',  ( -0.0000000000000000000, -0.0000000000000000000, 1.000000000000000000 ) ) ;
#2285 = CARTESIAN_POINT ( 'NONE',  ( 0.02597249892527919000, 0.06390312052102210800, -0.01304507104244229500 ) ) ;
#2286 = CARTESIAN_POINT ( 'NONE',  ( 0.02499999999999983500, 0.06599999999999997500, 0.1599999999999999200 ) ) ;
#2287 = EDGE_CURVE ( 'NONE', #868, #102, #2156, .T. ) ;
#2288 = CARTESIAN_POINT ( 'NONE',  ( -0.02500000000000000100, 0.01999999999999996600, 0.0000000000000000000 ) ) ;
#2289 = DIRECTION ( 'NONE',  ( -1.000000000000000000, -0.0000000000000000000, 0.0000000000000000000 ) ) ;
#2290 = EDGE_LOOP ( 'NONE', ( #2538, #1678, #1383, #1059 ) ) ;
#2291 = CARTESIAN_POINT ( 'NONE',  ( -0.02211850292585877700, 0.05719984963518270900, -0.01599169242214154900 ) ) ;
#2292 = VERTEX_POINT ( 'NONE', #252 ) ;
#2293 = EDGE_CURVE ( 'NONE', #1947, #2400, #2078, .T. ) ;
#2294 = ORIENTED_EDGE ( 'NONE', *, *, #2118, .T. ) ;
#2295 = ORIENTED_EDGE ( 'NONE', *, *, #2469, .F. ) ;
#2296 = ORIENTED_EDGE ( 'NONE', *, *, #430, .F. ) ;
#2297 = ORIENTED_EDGE ( 'NONE', *, *, #2387, .T. ) ;
#2298 = DIRECTION ( 'NONE',  ( 0.0000000000000000000, 1.000000000000000000, 0.0000000000000000000 ) ) ;
#2299 = VERTEX_POINT ( 'NONE', #2191 ) ;
#2300 = VECTOR ( 'NONE', #1464, 39.37007874015748100 ) ;
#2301 = CARTESIAN_POINT ( 'NONE',  ( -1.664449514564419100E-016, 0.06900000000000003400, 0.1599999999999999200 ) ) ;
#2302 = CARTESIAN_POINT ( 'NONE',  ( 0.01100000000000000100, 0.01999999999999996600, 0.0000000000000000000 ) ) ;
#2303 = CARTESIAN_POINT ( 'NONE',  ( -0.02500000000000015800, 0.06900000000000000600, -0.01600000000000003800 ) ) ;
#2304 = VERTEX_POINT ( 'NONE', #2355 ) ;
#2305 = ORIENTED_EDGE ( 'NONE', *, *, #1996, .F. ) ;
#2306 = CARTESIAN_POINT ( 'NONE',  ( 0.004002924872567734800, 0.05954134733141779700, -0.01555632351712956200 ) ) ;
#2307 = CARTESIAN_POINT ( 'NONE',  ( 0.02900000000000000500, 0.01128175743101508100, -0.009691267240277589400 ) ) ;
#2308 = EDGE_CURVE ( 'NONE', #1248, #2481, #1303, .T. ) ;
#2309 = CARTESIAN_POINT ( 'NONE',  ( -0.05000000000000000300, 0.0000000000000000000, 0.1699999999999999600 ) ) ;
#2310 = DIRECTION ( 'NONE',  ( 0.0000000000000000000, 0.0000000000000000000, -1.000000000000000000 ) ) ;
#2311 = EDGE_CURVE ( 'NONE', #566, #2466, #405, .T. ) ;
#2312 = CARTESIAN_POINT ( 'NONE',  ( -0.02207582592324756900, 0.06272932335366261700, -0.01386252463410589400 ) ) ;
#2313 = ORIENTED_EDGE ( 'NONE', *, *, #3001, .T. ) ;
#2314 = CARTESIAN_POINT ( 'NONE',  ( -0.02900000000000000100, 0.006749999999999960000, -0.02649999999999996100 ) ) ;
#2315 = CARTESIAN_POINT ( 'NONE',  ( 0.02100000000000000500, -0.02500000000000004000, -0.02649999999999996100 ) ) ;
#2316 = DIRECTION ( 'NONE',  ( -7.468797715707625400E-017, -6.842277657836020900E-049, 1.000000000000000000 ) ) ;
#2317 = CARTESIAN_POINT ( 'NONE',  ( 0.01400000000000000200, 0.01999999999999996600, 0.0000000000000000000 ) ) ;
#2318 = CARTESIAN_POINT ( 'NONE',  ( -0.02500000000000000100, 0.01999999999999996600, 0.1699999999999999800 ) ) ;
#2319 = ORIENTED_EDGE ( 'NONE', *, *, #1961, .T. ) ;
#2320 = VERTEX_POINT ( 'NONE', #440 ) ;
#2321 = AXIS2_PLACEMENT_3D ( 'NONE', #2385, #1433, #1493 ) ;
#2322 = DIRECTION ( 'NONE',  ( 2.026496089157345700E-017, 1.000000000000000000, 1.513548936158882500E-033 ) ) ;
#2323 = EDGE_CURVE ( 'NONE', #1836, #2398, #1958, .T. ) ;
#2324 = DIRECTION ( 'NONE',  ( 1.000000000000000000, -2.026496089157345700E-017, 7.468797715707625400E-017 ) ) ;
#2325 = PRESENTATION_STYLE_ASSIGNMENT (( #2617 ) ) ;
#2326 = DIRECTION ( 'NONE',  ( -7.468797715707625400E-017, -6.842277657836020900E-049, 1.000000000000000000 ) ) ;
#2327 = FACE_OUTER_BOUND ( 'NONE', #3044, .T. ) ;
#2328 = ORIENTED_EDGE ( 'NONE', *, *, #1264, .T. ) ;
#2329 = DIRECTION ( 'NONE',  ( 2.026496089157345700E-017, 1.000000000000000000, 1.513548936158882500E-033 ) ) ;
#2330 = EDGE_LOOP ( 'NONE', ( #75, #404, #554, #2533 ) ) ;
#2331 = FACE_OUTER_BOUND ( 'NONE', #1088, .T. ) ;
#2332 = ORIENTED_EDGE ( 'NONE', *, *, #1141, .T. ) ;
#2333 = EDGE_LOOP ( 'NONE', ( #1951, #1233, #1863, #803 ) ) ;
#2334 = CARTESIAN_POINT ( 'NONE',  ( 0.02900000000000000500, 0.01128175743101508100, -0.009691267240277589400 ) ) ;
#2335 = CONICAL_SURFACE ( 'NONE', #3012, 0.005999999999999967200, 1.029744258676648300 ) ;
#2336 = CARTESIAN_POINT ( 'NONE',  ( 0.003916123093087217300, 0.05904555432606555000, -0.01579022335823578400 ) ) ;
#2337 = FACE_OUTER_BOUND ( 'NONE', #1105, .T. ) ;
#2338 = CARTESIAN_POINT ( 'NONE',  ( 0.02900000000000000100, -0.02500000000000004000, -0.02899999999999996700 ) ) ;
#2339 = AXIS2_PLACEMENT_3D ( 'NONE', #1598, #1136, #2826 ) ;
#2340 = DIRECTION ( 'NONE',  ( 2.026496089157345700E-017, 1.000000000000000000, 1.513548936158882500E-033 ) ) ;
#2341 = DIRECTION ( 'NONE',  ( -7.468797715707625400E-017, -6.842277657836020900E-049, 1.000000000000000000 ) ) ;
#2342 = ORIENTED_EDGE ( 'NONE', *, *, #610, .T. ) ;
#2343 = DIRECTION ( 'NONE',  ( 1.000000000000000000, -2.026496089157345700E-017, 7.468797715707625400E-017 ) ) ;
#2344 = ORIENTED_EDGE ( 'NONE', *, *, #1615, .T. ) ;
#2345 = CARTESIAN_POINT ( 'NONE',  ( 0.02900000000000000100, 0.01299999999999996600, -0.01093562738243171500 ) ) ;
#2346 = DIRECTION ( 'NONE',  ( 0.0000000000000000000, 1.000000000000000000, 0.0000000000000000000 ) ) ;
#2347 = EDGE_LOOP ( 'NONE', ( #1038, #975 ) ) ;
#2348 = AXIS2_PLACEMENT_3D ( 'NONE', #937, #860, #849 ) ;
#2349 = CARTESIAN_POINT ( 'NONE',  ( -0.02423324509012734000, 0.05607417691328481200, -0.01542044222483375000 ) ) ;
#2350 = CARTESIAN_POINT ( 'NONE',  ( 0.02511359128791902000, 0.05600161319788732300, -0.01506811515886811000 ) ) ;
#2351 = EDGE_CURVE ( 'NONE', #2414, #1435, #2040, .T. ) ;
#2352 = UNCERTAINTY_MEASURE_WITH_UNIT (LENGTH_MEASURE( 1.000000000000000100E-005 ), #2674, 'distance_accuracy_value', 'NONE');
#2353 = LINE ( 'NONE', #2263, #2167 ) ;
#2354 = CARTESIAN_POINT ( 'NONE',  ( 0.02499999999999984900, 0.06400000000000000100, -0.01600000000000003800 ) ) ;
#2355 = CARTESIAN_POINT ( 'NONE',  ( 0.02100000000000000500, 0.01049999999999996800, -0.02274999999999996500 ) ) ;
#2356 = DIRECTION ( 'NONE',  ( -7.468797715707625400E-017, -6.842277657836020900E-049, 1.000000000000000000 ) ) ;
#2357 = ORIENTED_EDGE ( 'NONE', *, *, #67, .F. ) ;
#2358 = ORIENTED_EDGE ( 'NONE', *, *, #976, .T. ) ;
#2359 = VERTEX_POINT ( 'NONE', #3097 ) ;
#2360 = ORIENTED_EDGE ( 'NONE', *, *, #1912, .T. ) ;
#2362 = VERTEX_POINT ( 'NONE', #167 ) ;
#2361 = CARTESIAN_POINT ( 'NONE',  ( 0.02423324509013619400, 0.05607417691328301500, -0.01542044222483028100 ) ) ;
#2363 = CARTESIAN_POINT ( 'NONE',  ( -0.004000000000000000100, -0.02500000000000004000, -0.02899999999999996700 ) ) ;
#2364 = ORIENTED_EDGE ( 'NONE', *, *, #2387, .F. ) ;
#2365 = ORIENTED_EDGE ( 'NONE', *, *, #1764, .F. ) ;
#2366 = ADVANCED_BREP_SHAPE_REPRESENTATION ( 'A79607-001', ( #1421, #2564 ), #169 ) ;
#2367 = AXIS2_PLACEMENT_3D ( 'NONE', #581, #865, #1143 ) ;
#2368 = EDGE_LOOP ( 'NONE', ( #737, #323, #2456, #2207 ) ) ;
#2369 = VERTEX_POINT ( 'NONE', #3124 ) ;
#2370 = DIRECTION ( 'NONE',  ( -1.333910153156378400E-016, 0.0000000000000000000, 1.000000000000000000 ) ) ;
#2371 = EDGE_CURVE ( 'NONE', #330, #2320, #1906, .T. ) ;
#2372 = FACE_OUTER_BOUND ( 'NONE', #3138, .T. ) ;
#2373 = ORIENTED_EDGE ( 'NONE', *, *, #2163, .F. ) ;
#2374 = VECTOR ( 'NONE', #90, 39.37007874015748100 ) ;
#2375 = DIRECTION ( 'NONE',  ( 0.0000000000000000000, 0.0000000000000000000, 1.000000000000000000 ) ) ;
#2376 = ORIENTED_EDGE ( 'NONE', *, *, #835, .T. ) ;
#2377 = DIRECTION ( 'NONE',  ( 1.000000000000000000, 0.0000000000000000000, 1.333910153156378400E-016 ) ) ;
#2378 = ORIENTED_EDGE ( 'NONE', *, *, #2559, .F. ) ;
#2379 = PRESENTATION_STYLE_ASSIGNMENT (( #1628 ) ) ;
#2380 = VERTEX_POINT ( 'NONE', #1512 ) ;
#2381 = AXIS2_PLACEMENT_3D ( 'NONE', #2309, #930, #1332 ) ;
#2382 = CARTESIAN_POINT ( 'NONE',  ( -0.02188102456456940800, 0.05749560541583807700, -0.01598088941796298900 ) ) ;
#2383 = DIRECTION ( 'NONE',  ( 0.0000000000000000000, 0.0000000000000000000, 1.000000000000000000 ) ) ;
#2384 = COLOUR_RGB ( '',0.7960784313725489700, 0.8235294117647058400, 0.9372549019607843100 ) ;
#2385 = CARTESIAN_POINT ( 'NONE',  ( -0.02900000000000000100, 0.006749999999999967000, -0.02274999999999996500 ) ) ;
#2386 = ORIENTED_EDGE ( 'NONE', *, *, #1382, .F. ) ;
#2387 = EDGE_CURVE ( 'NONE', #1818, #918, #2008, .T. ) ;
#2388 = CARTESIAN_POINT ( 'NONE',  ( -1.532998674767964900E-016, 0.06900000000000000600, -0.01600000000000003800 ) ) ;
#2389 = AXIS2_PLACEMENT_3D ( 'NONE', #311, #2550, #1532 ) ;
#2390 = CARTESIAN_POINT ( 'NONE',  ( 0.03600000000000000400, 0.01999999999999996600, 0.0000000000000000000 ) ) ;
#2391 = AXIS2_PLACEMENT_3D ( 'NONE', #2250, #2232, #2221 ) ;
#2392 = ADVANCED_FACE ( 'NONE', ( #1867 ), #1816, .T. ) ;
#2393 = CARTESIAN_POINT ( 'NONE',  ( 0.02119993693785442200, 0.06124880772141933600, -0.01468813585901806500 ) ) ;
#2394 = CARTESIAN_POINT ( 'NONE',  ( 0.0000000000000000000, 0.01999999999999996600, 0.0000000000000000000 ) ) ;
#2395 = VERTEX_POINT ( 'NONE', #2764 ) ;
#2396 = CARTESIAN_POINT ( 'NONE',  ( 0.02499999999999983500, 0.05099999999999995500, 0.1599999999999999800 ) ) ;
#2397 = DIRECTION ( 'NONE',  ( 1.000000000000000000, 0.0000000000000000000, 0.0000000000000000000 ) ) ;
#2398 = VERTEX_POINT ( 'NONE', #2706 ) ;
#2399 = CARTESIAN_POINT ( 'NONE',  ( -0.02900000000000000100, 0.01299999999999996600, -0.01093562738243106100 ) ) ;
#2400 = VERTEX_POINT ( 'NONE', #2679 ) ;
#2401 = AXIS2_PLACEMENT_3D ( 'NONE', #2213, #2203, #2187 ) ;
#2402 = ORIENTED_EDGE ( 'NONE', *, *, #831, .F. ) ;
#2403 = DIRECTION ( 'NONE',  ( 0.0000000000000000000, 0.0000000000000000000, 1.000000000000000000 ) ) ;
#2404 = ORIENTED_EDGE ( 'NONE', *, *, #145, .T. ) ;
#2405 = EDGE_LOOP ( 'NONE', ( #2104, #117, #445, #785, #2195 ) ) ;
#2406 = ORIENTED_EDGE ( 'NONE', *, *, #835, .F. ) ;
#2407 = DIRECTION ( 'NONE',  ( 7.468797715709441000E-017, 1.000000000000000000, -6.123233995736766000E-017 ) ) ;
#2408 = ORIENTED_EDGE ( 'NONE', *, *, #1813, .T. ) ;
#2409 = CARTESIAN_POINT ( 'NONE',  ( 0.02500000000000000100, 0.006749999999999967000, -0.02274999999999996500 ) ) ;
#2410 = DIRECTION ( 'NONE',  ( 2.026496089157240300E-017, 1.000000000000000000, 0.0000000000000000000 ) ) ;
#2411 = ADVANCED_FACE ( 'NONE', ( #1754, #2331 ), #2653, .F. ) ;
#2412 = LINE ( 'NONE', #1859, #2300 ) ;
#2413 = PLANE ( 'NONE',  #2822 ) ;
#2414 = VERTEX_POINT ( 'NONE', #2519 ) ;
#2415 = CARTESIAN_POINT ( 'NONE',  ( 0.02554429460213008100, 0.06398542989683507500, -0.01304183672028842200 ) ) ;
#2416 = VERTEX_POINT ( 'NONE', #2453 ) ;
#2417 = DIRECTION ( 'NONE',  ( -1.000000000000000000, 8.167843997065571900E-033, -1.333910153156378400E-016 ) ) ;
#2418 = ORIENTED_EDGE ( 'NONE', *, *, #1002, .T. ) ;
#2419 = VECTOR ( 'NONE', #1266, 39.37007874015748100 ) ;
#2420 = ORIENTED_EDGE ( 'NONE', *, *, #2708, .T. ) ;
#2421 = EDGE_CURVE ( 'NONE', #2467, #647, #1913, .T. ) ;
#2422 = EDGE_LOOP ( 'NONE', ( #472, #59, #1049, #2124 ) ) ;
#2423 = CARTESIAN_POINT ( 'NONE',  ( -0.02271035755657803800, 0.05672013148414757600, -0.01589900902608696500 ) ) ;
#2424 = VECTOR ( 'NONE', #2164, 39.37007874015748100 ) ;
#2425 = ORIENTED_EDGE ( 'NONE', *, *, #1350, .F. ) ;
#2426 = ORIENTED_EDGE ( 'NONE', *, *, #2992, .F. ) ;
#2427 = DIRECTION ( 'NONE',  ( -2.026496089157345700E-017, -1.000000000000000000, 4.441346491206618400E-047 ) ) ;
#2428 = DIRECTION ( 'NONE',  ( 1.333910153156378700E-016, 0.0000000000000000000, -1.000000000000000000 ) ) ;
#2429 = ORIENTED_EDGE ( 'NONE', *, *, #587, .T. ) ;
#2430 = DIRECTION ( 'NONE',  ( -7.468797715707625400E-017, -6.842277657836020900E-049, 1.000000000000000000 ) ) ;
#2431 = CARTESIAN_POINT ( 'NONE',  ( 0.0000000000000000000, 0.006749999999999967000, -0.02274999999999996500 ) ) ;
#2432 = CARTESIAN_POINT ( 'NONE',  ( 0.0000000000000000000, 0.01999999999999996600, 0.0000000000000000000 ) ) ;
#2433 = ADVANCED_FACE ( 'NONE', ( #1785 ), #1672, .F. ) ;
#2434 = CARTESIAN_POINT ( 'NONE',  ( -0.02100000000000000500, 0.006749999999999960000, -0.02899999999999996700 ) ) ;
#2435 = CARTESIAN_POINT ( 'NONE',  ( -0.007207284789927656700, 0.04730843203339273700, -0.01999999999999999000 ) ) ;
#2436 = AXIS2_PLACEMENT_3D ( 'NONE', #549, #564, #557 ) ;
#2437 = DIRECTION ( 'NONE',  ( -0.0000000000000000000, -1.000000000000000000, -6.123233995736766000E-017 ) ) ;
#2438 = DIRECTION ( 'NONE',  ( 0.0000000000000000000, 0.0000000000000000000, 1.000000000000000000 ) ) ;
#2439 = EDGE_CURVE ( 'NONE', #735, #1090, #1759, .T. ) ;
#2440 = DIRECTION ( 'NONE',  ( 0.0000000000000000000, -1.000000000000000000, 0.0000000000000000000 ) ) ;
#2441 = VECTOR ( 'NONE', #2499, 39.37007874015748100 ) ;
#2442 = EDGE_LOOP ( 'NONE', ( #80, #2455 ) ) ;
#2443 = EDGE_LOOP ( 'NONE', ( #888, #342 ) ) ;
#2444 = EDGE_CURVE ( 'NONE', #1335, #422, #1691, .T. ) ;
#2445 = CARTESIAN_POINT ( 'NONE',  ( 0.02900000000000000100, 0.01182748648795206800, -0.01014100887684803900 ) ) ;
#2446 = CARTESIAN_POINT ( 'NONE',  ( -0.01400000000000000200, 0.01999999999999996600, 0.1699999999999999800 ) ) ;
#2447 = ORIENTED_EDGE ( 'NONE', *, *, #2620, .T. ) ;
#2448 = ORIENTED_EDGE ( 'NONE', *, *, #2134, .F. ) ;
#2449 = AXIS2_PLACEMENT_3D ( 'NONE', #1369, #2586, #2627 ) ;
#2450 = ADVANCED_FACE ( 'NONE', ( #1659 ), #1633, .T. ) ;
#2451 = DIRECTION ( 'NONE',  ( 0.0000000000000000000, 1.000000000000000000, 0.0000000000000000000 ) ) ;
#2452 = ORIENTED_EDGE ( 'NONE', *, *, #261, .T. ) ;
#2453 = CARTESIAN_POINT ( 'NONE',  ( -0.02386308434902534000, 0.06383502578903521600, -0.01319708700864274600 ) ) ;
#2454 = ORIENTED_EDGE ( 'NONE', *, *, #818, .T. ) ;
#2455 = ORIENTED_EDGE ( 'NONE', *, *, #1555, .T. ) ;
#2456 = ORIENTED_EDGE ( 'NONE', *, *, #2665, .F. ) ;
#2457 = LENGTH_MEASURE_WITH_UNIT ( LENGTH_MEASURE( 0.02539999999999999900 ), #1881 );
#2458 = EDGE_CURVE ( 'NONE', #2061, #1799, #1642, .T. ) ;
#2459 = LINE ( 'NONE', #2095, #2419 ) ;
#2460 = ORIENTED_EDGE ( 'NONE', *, *, #2421, .T. ) ;
#2461 = CYLINDRICAL_SURFACE ( 'NONE', #2839, 0.01100000000000000100 ) ;
#2462 = ORIENTED_EDGE ( 'NONE', *, *, #1985, .T. ) ;
#2463 = CARTESIAN_POINT ( 'NONE',  ( -5.604851780027442100E-015, 0.06400000000001313000, -0.01309406913673233500 ) ) ;
#2464 = CARTESIAN_POINT ( 'NONE',  ( 0.04749999999999999400, 0.07009792610312783100, 0.0000000000000000000 ) ) ;
#2465 = FACE_OUTER_BOUND ( 'NONE', #2012, .T. ) ;
#2466 = VERTEX_POINT ( 'NONE', #1289 ) ;
#2467 = VERTEX_POINT ( 'NONE', #1230 ) ;
#2468 = ADVANCED_FACE ( 'NONE', ( #2493 ), #1478, .T. ) ;
#2469 = EDGE_CURVE ( 'NONE', #1229, #2094, #1631, .T. ) ;
#2470 = VERTEX_POINT ( 'NONE', #949 ) ;
#2471 = CARTESIAN_POINT ( 'NONE',  ( -0.03600000000000000400, 0.01999999999999996600, 0.1699999999999999800 ) ) ;
#2472 = DIRECTION ( 'NONE',  ( 0.0000000000000000000, 1.000000000000000000, 0.0000000000000000000 ) ) ;
#2473 = CARTESIAN_POINT ( 'NONE',  ( 0.04187405621868309200, 0.06714534595532589700, -0.005758541782896762900 ) ) ;
#2474 = CARTESIAN_POINT ( 'NONE',  ( 0.02099999999999984900, 0.1050000000000000100, -0.02500000000000005000 ) ) ;
#2475 = CARTESIAN_POINT ( 'NONE',  ( 0.02900000000000000100, -0.02500000000000004000, -0.02899999999999996700 ) ) ;
#2476 = DIRECTION ( 'NONE',  ( 0.0000000000000000000, 1.000000000000000000, 0.0000000000000000000 ) ) ;
#2477 = CARTESIAN_POINT ( 'NONE',  ( 0.03958377831302830500, 0.007833841033702181000, -0.007847373288750635800 ) ) ;
#2478 = CARTESIAN_POINT ( 'NONE',  ( -0.02500000000000016800, 0.05999999999999999800, 0.1599999999999999200 ) ) ;
#2479 = DIRECTION ( 'NONE',  ( 0.0000000000000000000, 0.0000000000000000000, 1.000000000000000000 ) ) ;
#2480 = ADVANCED_FACE ( 'NONE', ( #1601 ), #782, .T. ) ;
#2481 = VERTEX_POINT ( 'NONE', #713 ) ;
#2482 = CARTESIAN_POINT ( 'NONE',  ( -0.04142041855045269800, 0.01302973239783693600, -0.006458521246806436500 ) ) ;
#2483 = CARTESIAN_POINT ( 'NONE',  ( -0.003086239616216935700, 0.05743009493870503100, -0.01650161567361658300 ) ) ;
#2484 = CARTESIAN_POINT ( 'NONE',  ( 0.02508022450664012400, 0.06399939670501660100, -0.01306280333595813400 ) ) ;
#2485 = EDGE_CURVE ( 'NONE', #1246, #1391, #1622, .T. ) ;
#2486 = EDGE_LOOP ( 'NONE', ( #1388, #942, #2561, #1709 ) ) ;
#2487 = CARTESIAN_POINT ( 'NONE',  ( 0.004000000000000000100, -0.02500000000000004000, -0.02649999999999996100 ) ) ;
#2488 = ORIENTED_EDGE ( 'NONE', *, *, #630, .T. ) ;
#2489 = DIRECTION ( 'NONE',  ( -7.468797715707625400E-017, -6.842277657836020900E-049, 1.000000000000000000 ) ) ;
#2490 = PLANE ( 'NONE',  #1807 ) ;
#2491 = CARTESIAN_POINT ( 'NONE',  ( -0.02500000000000016800, 0.05999999999999999800, 0.1599999999999999200 ) ) ;
#2492 = DIRECTION ( 'NONE',  ( 1.000000000000000000, 0.0000000000000000000, 0.0000000000000000000 ) ) ;
#2493 = FACE_OUTER_BOUND ( 'NONE', #521, .T. ) ;
#2494 = FACE_OUTER_BOUND ( 'NONE', #842, .T. ) ;
#2495 = ORIENTED_EDGE ( 'NONE', *, *, #2219, .F. ) ;
#2496 = FACE_OUTER_BOUND ( 'NONE', #1624, .T. ) ;
#2497 = ADVANCED_FACE ( 'NONE', ( #1599 ), #1591, .T. ) ;
#2498 = VERTEX_POINT ( 'NONE', #425 ) ;
#2499 = DIRECTION ( 'NONE',  ( 0.0000000000000000000, 0.0000000000000000000, -1.000000000000000000 ) ) ;
#2500 = CYLINDRICAL_SURFACE ( 'NONE', #3088, 0.06640625000000002800 ) ;
#2501 = ORIENTED_EDGE ( 'NONE', *, *, #152, .T. ) ;
#2502 = CIRCLE ( 'NONE', #3157, 0.004999999999999997500 ) ;
#2503 = ORIENTED_EDGE ( 'NONE', *, *, #3042, .F. ) ;
#2504 = CARTESIAN_POINT ( 'NONE',  ( 0.02499999999999983500, 0.05999999999999999800, 0.1599999999999999800 ) ) ;
#2505 = CYLINDRICAL_SURFACE ( 'NONE', #1262, 0.003999999999999999200 ) ;
#2506 = EDGE_CURVE ( 'NONE', #2075, #1850, #1593, .T. ) ;
#2507 = B_SPLINE_CURVE_WITH_KNOTS ( 'NONE', 3,
 ( #65, #2991, #2982, #2972, #2962, #2841 ),
 .UNSPECIFIED., .F., .F.,
 ( 4, 2, 4 ),
 ( 2.168404344971008900E-019, 0.0001607471480793748900, 0.0003214942961587495600 ),
 .UNSPECIFIED. ) ;
#2508 = ORIENTED_EDGE ( 'NONE', *, *, #644, .F. ) ;
#2509 = CARTESIAN_POINT ( 'NONE',  ( -1.534822521248206600E-016, 0.05999999999999999800, -0.01600000000000003800 ) ) ;
#2510 = CARTESIAN_POINT ( 'NONE',  ( 0.02900000000000000100, 0.01299999999999996600, -0.01093562738243171500 ) ) ;
#2511 = CARTESIAN_POINT ( 'NONE',  ( -0.02900000000000000100, 0.01049999999999996800, -0.02274999999999996500 ) ) ;
#2512 = ORIENTED_EDGE ( 'NONE', *, *, #3113, .F. ) ;
#2513 = DIRECTION ( 'NONE',  ( -0.0000000000000000000, 0.0000000000000000000, 1.000000000000000000 ) ) ;
#2514 = EDGE_LOOP ( 'NONE', ( #444, #874, #459, #2689, #2295, #2386 ) ) ;
#2515 = VERTEX_POINT ( 'NONE', #219 ) ;
#2516 = DIRECTION ( 'NONE',  ( 0.0000000000000000000, 1.000000000000000000, 0.0000000000000000000 ) ) ;
#2517 = CARTESIAN_POINT ( 'NONE',  ( -0.02900000000000015400, 0.06900000000000000600, -0.02500000000000005000 ) ) ;
#2518 = CARTESIAN_POINT ( 'NONE',  ( 0.04749999999999999400, 0.07749999999999999900, 0.0000000000000000000 ) ) ;
#2519 = CARTESIAN_POINT ( 'NONE',  ( -1.656712635570105600E-016, 0.05099999999999996200, 0.1000000000000000100 ) ) ;
#2520 = DIRECTION ( 'NONE',  ( -0.0000000000000000000, -8.130499981143647400E-016, 1.000000000000000000 ) ) ;
#2521 = CARTESIAN_POINT ( 'NONE',  ( 0.02499999999999984900, 0.06900000000000000600, -0.02500000000000005000 ) ) ;
#2522 = CARTESIAN_POINT ( 'NONE',  ( -5.604851780027442100E-015, 0.06400000000001313000, -0.01309406913673233500 ) ) ;
#2523 = CARTESIAN_POINT ( 'NONE',  ( 0.02100000000000000500, 0.01049999999999996900, -0.009032006961455339400 ) ) ;
#2524 = ORIENTED_EDGE ( 'NONE', *, *, #669, .T. ) ;
#2525 = CARTESIAN_POINT ( 'NONE',  ( 0.02504010393878018700, 0.06400000000000011200, -0.01306481512429226100 ) ) ;
#2526 = EDGE_CURVE ( 'NONE', #2755, #1551, #1677, .T. ) ;
#2527 = EDGE_LOOP ( 'NONE', ( #1994, #3136, #2425, #468, #2174 ) ) ;
#2528 = CARTESIAN_POINT ( 'NONE',  ( -0.02500000000000016400, 0.05999999999999999800, 0.1000000000000000100 ) ) ;
#2529 = EDGE_LOOP ( 'NONE', ( #1934, #2294 ) ) ;
#2530 = ORIENTED_EDGE ( 'NONE', *, *, #2958, .F. ) ;
#2531 = DIRECTION ( 'NONE',  ( 0.0000000000000000000, -0.0000000000000000000, 1.000000000000000000 ) ) ;
#2532 = VERTEX_POINT ( 'NONE', #532 ) ;
#2533 = ORIENTED_EDGE ( 'NONE', *, *, #1355, .F. ) ;
#2534 = LINE ( 'NONE', #883, #17 ) ;
#2535 = CARTESIAN_POINT ( 'NONE',  ( 0.02778307427232141300, 0.01299999999999996600, -0.01103887279385856600 ) ) ;
#2536 = FACE_OUTER_BOUND ( 'NONE', #902, .T. ) ;
#2537 = ORIENTED_EDGE ( 'NONE', *, *, #1123, .T. ) ;
#2538 = ORIENTED_EDGE ( 'NONE', *, *, #847, .T. ) ;
#2539 = CARTESIAN_POINT ( 'NONE',  ( 0.04749999999999999400, 0.01049999999999997100, -0.009032006961455339400 ) ) ;
#2540 = B_SPLINE_CURVE_WITH_KNOTS ( 'NONE', 3,
 ( #599, #637, #714, #588, #2206, #207, #281, #551, #538, #523, #511, #487, #475 ),
 .UNSPECIFIED., .F., .F.,
 ( 4, 3, 3, 3, 4 ),
 ( 0.0002398524993979690800, 0.0002611144679562464600, 0.0002921346051577399900, 0.0003274405274734918800, 0.0003444014634770453600 ),
 .UNSPECIFIED. ) ;
#2541 = VERTEX_POINT ( 'NONE', #259 ) ;
#2542 = DIRECTION ( 'NONE',  ( 2.026496089157345700E-017, 1.000000000000000000, 1.513548936158882500E-033 ) ) ;
#2543 = LINE ( 'NONE', #726, #1626 ) ;
#2544 = VERTEX_POINT ( 'NONE', #42 ) ;
#2545 = ORIENTED_EDGE ( 'NONE', *, *, #1792, .T. ) ;
#2546 = PLANE ( 'NONE',  #2229 ) ;
#2547 = LINE ( 'NONE', #2475, #2242 ) ;
#2548 = EDGE_CURVE ( 'NONE', #887, #2988, #1560, .T. ) ;
#2549 = EDGE_CURVE ( 'NONE', #1335, #882, #2185, .T. ) ;
#2550 = DIRECTION ( 'NONE',  ( -7.468797715707625400E-017, -6.842277657836020900E-049, 1.000000000000000000 ) ) ;
#2551 = DIRECTION ( 'NONE',  ( 7.468797715709441000E-017, 1.000000000000000000, -6.123233995736766000E-017 ) ) ;
#2552 = AXIS2_PLACEMENT_3D ( 'NONE', #227, #191, #827 ) ;
#2553 = DIRECTION ( 'NONE',  ( 1.000000000000000000, 0.0000000000000000000, 0.0000000000000000000 ) ) ;
#2554 = AXIS2_PLACEMENT_3D ( 'NONE', #1272, #2489, #2476 ) ;
#2555 = ORIENTED_EDGE ( 'NONE', *, *, #573, .T. ) ;
#2556 = CARTESIAN_POINT ( 'NONE',  ( -0.004000000000000000100, 0.01299999999999996600, -0.02274999999999996500 ) ) ;
#2557 = DIRECTION ( 'NONE',  ( -7.468797715707625400E-017, -6.842277657836020900E-049, 1.000000000000000000 ) ) ;
#2558 = DIRECTION ( 'NONE',  ( -1.000000000000000000, -0.0000000000000000000, -0.0000000000000000000 ) ) ;
#2559 = EDGE_CURVE ( 'NONE', #1947, #3036, #1528, .T. ) ;
#2560 = CARTESIAN_POINT ( 'NONE',  ( -0.03400000000000021100, 0.05999999999999999800, 0.1599999999999999200 ) ) ;
#2561 = ORIENTED_EDGE ( 'NONE', *, *, #1725, .F. ) ;
#2562 = ORIENTED_EDGE ( 'NONE', *, *, #1843, .F. ) ;
#2563 = ORIENTED_EDGE ( 'NONE', *, *, #244, .T. ) ;
#2564 = AXIS2_PLACEMENT_3D ( 'NONE', #1408, #2383, #911 ) ;
#2565 = FACE_OUTER_BOUND ( 'NONE', #233, .T. ) ;
#2566 = VERTEX_POINT ( 'NONE', #2029 ) ;
#2567 = ORIENTED_EDGE ( 'NONE', *, *, #2011, .F. ) ;
#2568 = ORIENTED_EDGE ( 'NONE', *, *, #1912, .F. ) ;
#2569 = VECTOR ( 'NONE', #1529, 39.37007874015748100 ) ;
#2570 = AXIS2_PLACEMENT_3D ( 'NONE', #2936, #2742, #2727 ) ;
#2571 = VECTOR ( 'NONE', #49, 39.37007874015748100 ) ;
#2572 = EDGE_LOOP ( 'NONE', ( #1455, #895, #385, #1511, #393 ) ) ;
#2573 = CARTESIAN_POINT ( 'NONE',  ( 0.0000000000000000000, 0.03999999999999998000, -0.01999999999999999000 ) ) ;
#2574 = ORIENTED_EDGE ( 'NONE', *, *, #450, .T. ) ;
#2575 = ORIENTED_EDGE ( 'NONE', *, *, #2708, .F. ) ;
#2576 = LENGTH_MEASURE_WITH_UNIT ( LENGTH_MEASURE( 0.02539999999999999900 ), #1866 );
#2577 = DIRECTION ( 'NONE',  ( -1.000000000000000000, -0.0000000000000000000, -0.0000000000000000000 ) ) ;
#2578 = FACE_OUTER_BOUND ( 'NONE', #1978, .T. ) ;
#2579 = AXIS2_PLACEMENT_3D ( 'NONE', #540, #384, #360 ) ;
#2580 = CARTESIAN_POINT ( 'NONE',  ( -0.02100000000000000500, -0.02500000000000004000, -0.02899999999999996700 ) ) ;
#2581 = AXIS2_PLACEMENT_3D ( 'NONE', #2968, #11, #2050 ) ;
#2582 = DIRECTION ( 'NONE',  ( -7.468797715707625400E-017, -6.842277657836020900E-049, 1.000000000000000000 ) ) ;
#2583 = CARTESIAN_POINT ( 'NONE',  ( -1.518981370902861600E-016, 0.1050000000000000100, -0.02500000000000005000 ) ) ;
#2584 = CARTESIAN_POINT ( 'NONE',  ( -0.02500000000000015800, 0.06900000000000000600, -0.01600000000000003800 ) ) ;
#2585 = EDGE_CURVE ( 'NONE', #194, #1331, #1525, .T. ) ;
#2586 = DIRECTION ( 'NONE',  ( -7.468797715707625400E-017, -6.842277657836020900E-049, 1.000000000000000000 ) ) ;
#2587 = B_SPLINE_CURVE_WITH_KNOTS ( 'NONE', 3,
 ( #2166, #2779, #2902, #2802, #332, #3020, #1430 ),
 .UNSPECIFIED., .F., .F.,
 ( 4, 3, 4 ),
 ( 0.0001829854829930941800, 0.0002042329624317130400, 0.0002122783345356849800 ),
 .UNSPECIFIED. ) ;
#2588 = DIRECTION ( 'NONE',  ( 4.268512490100410900E-016, 1.000000000000000000, 0.0000000000000000000 ) ) ;
#2589 = CARTESIAN_POINT ( 'NONE',  ( 0.02499999999999983800, 0.05400000000000001300, 0.1599999999999999200 ) ) ;
#2590 = CARTESIAN_POINT ( 'NONE',  ( -0.02100000000000015700, 0.06900000000000000600, -0.02500000000000005000 ) ) ;
#2591 = CARTESIAN_POINT ( 'NONE',  ( -1.526276756823828000E-016, 0.06900000000000000600, -0.02500000000000005000 ) ) ;
#2592 = AXIS2_PLACEMENT_3D ( 'NONE', #517, #508, #501 ) ;
#2593 = ORIENTED_EDGE ( 'NONE', *, *, #1702, .F. ) ;
#2594 = AXIS2_PLACEMENT_3D ( 'NONE', #1163, #2915, #1614 ) ;
#2595 = ORIENTED_EDGE ( 'NONE', *, *, #2704, .T. ) ;
#2596 = CARTESIAN_POINT ( 'NONE',  ( -1.537897261964554300E-016, 0.06900000000000000600, -0.01600000000000003800 ) ) ;
#2597 = EDGE_CURVE ( 'NONE', #1847, #820, #2507, .T. ) ;
#2598 = CARTESIAN_POINT ( 'NONE',  ( -0.02924671540170825300, 0.06903019851993902300, -0.009968500249903061700 ) ) ;
#2599 = CARTESIAN_POINT ( 'NONE',  ( 0.02500000000000000100, 0.01999999999999996600, 0.1699999999999999800 ) ) ;
#2600 = PLANE ( 'NONE',  #2339 ) ;
#2601 = FACE_OUTER_BOUND ( 'NONE', #1952, .T. ) ;
#2602 = CARTESIAN_POINT ( 'NONE',  ( 0.03557468376606208500, 0.06331484721429984900, -0.01015670828268851400 ) ) ;
#2603 = CARTESIAN_POINT ( 'NONE',  ( 0.0000000000000000000, 0.03999999999999998000, -0.01999999999999999000 ) ) ;
#2604 = ORIENTED_EDGE ( 'NONE', *, *, #1097, .T. ) ;
#2605 = AXIS2_PLACEMENT_3D ( 'NONE', #2850, #2989, #3009 ) ;
#2606 = LINE ( 'NONE', #1362, #2571 ) ;
#2607 = EDGE_LOOP ( 'NONE', ( #1485, #1513, #2342, #1892 ) ) ;
#2608 = VERTEX_POINT ( 'NONE', #3056 ) ;
#2609 = FACE_OUTER_BOUND ( 'NONE', #2021, .T. ) ;
#2610 = FACE_OUTER_BOUND ( 'NONE', #1348, .T. ) ;
#2611 = CARTESIAN_POINT ( 'NONE',  ( 0.004000000000000000100, 0.006749999999999960000, -0.02899999999999996700 ) ) ;
#2612 = CARTESIAN_POINT ( 'NONE',  ( 0.02499999999999984500, 0.06599999999999996100, 0.01799999999999995000 ) ) ;
#2613 = ORIENTED_EDGE ( 'NONE', *, *, #966, .F. ) ;
#2614 = DIRECTION ( 'NONE',  ( 7.468797715709441000E-017, 1.000000000000000000, -6.123233995736766000E-017 ) ) ;
#2615 = CARTESIAN_POINT ( 'NONE',  ( 0.02499999999999984900, 0.1050000000000000100, -0.02500000000000005000 ) ) ;
#2616 = VECTOR ( 'NONE', #368, 39.37007874015748100 ) ;
#2617 = SURFACE_STYLE_USAGE ( .BOTH. , #1253 ) ;
#2618 = CARTESIAN_POINT ( 'NONE',  ( 0.02500000000000000100, 0.01999999999999996600, 0.0000000000000000000 ) ) ;
#2619 = EDGE_CURVE ( 'NONE', #801, #2515, #1566, .T. ) ;
#2620 = EDGE_CURVE ( 'NONE', #945, #3036, #2085, .T. ) ;
#2621 = CARTESIAN_POINT ( 'NONE',  ( 0.04749999999999999400, 0.009902073896872164200, 0.0000000000000000000 ) ) ;
#2622 = CARTESIAN_POINT ( 'NONE',  ( -0.004000000000000001000, 0.01049999999999996800, -0.02274999999999996500 ) ) ;
#2623 = EDGE_CURVE ( 'NONE', #1991, #1368, #1372, .T. ) ;
#2624 = CARTESIAN_POINT ( 'NONE',  ( 0.04141392544393001500, 0.01303368843537301200, -0.006463144304615940600 ) ) ;
#2625 = CARTESIAN_POINT ( 'NONE',  ( -0.02500000000000000100, 0.006749999999999967000, -0.02274999999999996500 ) ) ;
#2626 = CARTESIAN_POINT ( 'NONE',  ( 0.0000000000000000000, 0.03999999999999998000, -0.01999999999999999000 ) ) ;
#2627 = DIRECTION ( 'NONE',  ( 0.0000000000000000000, 1.000000000000000000, 0.0000000000000000000 ) ) ;
#2628 = B_SPLINE_CURVE_WITH_KNOTS ( 'NONE', 3,
 ( #2678, #1214, #721, #499, #1202, #926 ),
 .UNSPECIFIED., .F., .F.,
 ( 4, 2, 4 ),
 ( 0.0000000000000000000, 0.0001610204094126931700, 0.0003220408188253863500 ),
 .UNSPECIFIED. ) ;
#2629 = CARTESIAN_POINT ( 'NONE',  ( 0.02887047328659993900, 0.05899032850009763200, -0.01339580524286116500 ) ) ;
#2630 = PRODUCT_CONTEXT ( 'NONE', #1164, 'mechanical' ) ;
#2631 = CARTESIAN_POINT ( 'NONE',  ( -0.02500000000000016100, 0.05999999999999999800, 0.01799999999999995000 ) ) ;
#2632 = DIRECTION ( 'NONE',  ( -7.468797715707625400E-017, -6.842277657836020900E-049, 1.000000000000000000 ) ) ;
#2633 = ADVANCED_FACE ( 'NONE', ( #1491 ), #1169, .T. ) ;
#2634 = CARTESIAN_POINT ( 'NONE',  ( 0.02499999999998935700, 0.06400000000000000100, -0.01306703615889885300 ) ) ;
#2635 = DIRECTION ( 'NONE',  ( -7.468797715707625400E-017, -6.842277657836020900E-049, 1.000000000000000000 ) ) ;
#2636 = ORIENTED_EDGE ( 'NONE', *, *, #2351, .F. ) ;
#2637 = LINE ( 'NONE', #622, #361 ) ;
#2638 = VECTOR ( 'NONE', #2003, 39.37007874015748100 ) ;
#2639 = CARTESIAN_POINT ( 'NONE',  ( -0.02500000000000016100, 0.05400000000000003400, 0.01799999999999995000 ) ) ;
#2640 = LINE ( 'NONE', #2065, #2145 ) ;
#2641 = ORIENTED_EDGE ( 'NONE', *, *, #497, .F. ) ;
#2642 = EDGE_CURVE ( 'NONE', #1910, #2380, #1247, .T. ) ;
#2643 = TOROIDAL_SURFACE ( 'NONE', #509, 0.008999999999999999300, 0.004000000000000000100 ) ;
#2644 = CARTESIAN_POINT ( 'NONE',  ( -0.02593482101657468300, 0.06391502845085909900, -0.01304200066585789600 ) ) ;
#2645 = ORIENTED_EDGE ( 'NONE', *, *, #302, .F. ) ;
#2646 = CIRCLE ( 'NONE', #2046, 0.003999999999999999200 ) ;
#2647 = CARTESIAN_POINT ( 'NONE',  ( 0.02100000000000001500, 0.03999999999999998000, 0.02515625000000004300 ) ) ;
#2648 = PLANE ( 'NONE',  #1189 ) ;
#2649 = CIRCLE ( 'NONE', #1942, 0.006249999999999997700 ) ;
#2650 = DIRECTION ( 'NONE',  ( 0.0000000000000000000, 0.0000000000000000000, -1.000000000000000000 ) ) ;
#2651 = CYLINDRICAL_SURFACE ( 'NONE', #2860, 0.01100000000000000100 ) ;
#2652 = DIRECTION ( 'NONE',  ( 0.0000000000000000000, -1.000000000000000000, 0.0000000000000000000 ) ) ;
#2653 = PLANE ( 'NONE',  #2253 ) ;
#2654 = ORIENTED_EDGE ( 'NONE', *, *, #1792, .F. ) ;
#2655 = CIRCLE ( 'NONE', #2321, 0.003749999999999998600 ) ;
#2656 = ORIENTED_EDGE ( 'NONE', *, *, #644, .T. ) ;
#2657 = AXIS2_PLACEMENT_3D ( 'NONE', #171, #1694, #2179 ) ;
#2658 = ORIENTED_EDGE ( 'NONE', *, *, #1291, .T. ) ;
#2659 = SHAPE_DEFINITION_REPRESENTATION ( #2792, #2366 ) ;
#2660 = ADVANCED_FACE ( 'NONE', ( #1364 ), #1116, .T. ) ;
#2661 = CYLINDRICAL_SURFACE ( 'NONE', #898, 0.005999999999999975000 ) ;
#2662 = DIRECTION ( 'NONE',  ( -1.000000000000000000, 0.0000000000000000000, 0.0000000000000000000 ) ) ;
#2663 =( NAMED_UNIT ( * ) PLANE_ANGLE_UNIT ( ) SI_UNIT ( $, .RADIAN. ) );
#2664 = DIRECTION ( 'NONE',  ( 1.000000000000000000, -2.026496089157345700E-017, 7.468797715707625400E-017 ) ) ;
#2665 = EDGE_CURVE ( 'NONE', #647, #887, #1217, .T. ) ;
#2666 = SURFACE_STYLE_FILL_AREA ( #1414 ) ;
#2667 = DIRECTION ( 'NONE',  ( -0.0000000000000000000, 0.0000000000000000000, -1.000000000000000000 ) ) ;
#2668 = B_SPLINE_CURVE_WITH_KNOTS ( 'NONE', 3,
 ( #465, #2598, #1339, #1613 ),
 .UNSPECIFIED., .F., .F.,
 ( 4, 4 ),
 ( 0.0008763867975047297300, 0.001496865913521980300 ),
 .UNSPECIFIED. ) ;
#2669 = ADVANCED_FACE ( 'NONE', ( #1109 ), #1114, .T. ) ;
#2670 = ORIENTED_EDGE ( 'NONE', *, *, #2992, .T. ) ;
#2671 = DIRECTION ( 'NONE',  ( -7.468797715707625400E-017, -6.842277657836020900E-049, 1.000000000000000000 ) ) ;
#2672 = EDGE_LOOP ( 'NONE', ( #1480, #1891, #3099, #1516, #398 ) ) ;
#2673 = DIRECTION ( 'NONE',  ( -0.0000000000000000000, -1.000000000000000000, -8.986342084421920000E-016 ) ) ;
#2674 =( CONVERSION_BASED_UNIT ( 'INCH', #2457 ) LENGTH_UNIT ( ) NAMED_UNIT ( #264 ) );
#2675 = DIRECTION ( 'NONE',  ( -1.000000000000000000, 0.0000000000000000000, 0.0000000000000000000 ) ) ;
#2676 = CARTESIAN_POINT ( 'NONE',  ( 0.02499999999999984900, 0.06900000000000000600, -0.01600000000000003800 ) ) ;
#2677 = CIRCLE ( 'NONE', #192, 0.003999999999999999200 ) ;
#2678 = CARTESIAN_POINT ( 'NONE',  ( -0.04749999999999999400, 0.009902073896872155500, 0.0000000000000000000 ) ) ;
#2679 = CARTESIAN_POINT ( 'NONE',  ( 0.004000000000000000100, 0.01299999999999996600, -0.02274999999999996500 ) ) ;
#2680 = EDGE_CURVE ( 'NONE', #2122, #988, #1553, .T. ) ;
#2681 = CIRCLE ( 'NONE', #159, 0.003999999999999999200 ) ;
#2682 = VECTOR ( 'NONE', #1334, 39.37007874015748100 ) ;
#2683 = VERTEX_POINT ( 'NONE', #1736 ) ;
#2684 = ADVANCED_FACE ( 'NONE', ( #1081, #1077 ), #1035, .T. ) ;
#2685 = EDGE_CURVE ( 'NONE', #1181, #1482, #1040, .T. ) ;
#2686 = DIRECTION ( 'NONE',  ( 0.0000000000000000000, 1.000000000000000000, 0.0000000000000000000 ) ) ;
#2687 = DIRECTION ( 'NONE',  ( 1.000000000000000000, 0.0000000000000000000, 1.333910153156378400E-016 ) ) ;
#2688 = LINE ( 'NONE', #1723, #2638 ) ;
#2689 = ORIENTED_EDGE ( 'NONE', *, *, #905, .T. ) ;
#2690 = CARTESIAN_POINT ( 'NONE',  ( 0.02900000000000000100, 0.01049999999999996600, -0.02274999999999996500 ) ) ;
#2691 = STYLED_ITEM ( 'NONE', ( #2379 ), #2366 ) ;
#2692 = DIRECTION ( 'NONE',  ( -1.000000000000000000, -0.0000000000000000000, 0.0000000000000000000 ) ) ;
#2693 = ORIENTED_EDGE ( 'NONE', *, *, #1351, .F. ) ;
#2694 = DIRECTION ( 'NONE',  ( 0.0000000000000000000, 1.000000000000000000, 0.0000000000000000000 ) ) ;
#2695 = DIRECTION ( 'NONE',  ( -1.000000000000000000, -0.0000000000000000000, 0.0000000000000000000 ) ) ;
#2696 = FACE_OUTER_BOUND ( 'NONE', #447, .T. ) ;
#2697 = CARTESIAN_POINT ( 'NONE',  ( 0.003580553047131968700, 0.04363080263228837100, -0.01999999999999999700 ) ) ;
#2698 = FACE_OUTER_BOUND ( 'NONE', #491, .T. ) ;
#2699 = CARTESIAN_POINT ( 'NONE',  ( -0.05000000000000000300, 0.07999999999999996000, 0.0000000000000000000 ) ) ;
#2700 = CARTESIAN_POINT ( 'NONE',  ( -1.568780211929990900E-016, 0.05400000000000003400, 0.01799999999999995000 ) ) ;
#2701 = DIRECTION ( 'NONE',  ( 2.026496089157345700E-017, 1.000000000000000000, 1.513548936158882500E-033 ) ) ;
#2702 = ADVANCED_FACE ( 'NONE', ( #1300 ), #698, .F. ) ;
#2703 = AXIS2_PLACEMENT_3D ( 'NONE', #2528, #2520, #2516 ) ;
#2704 = EDGE_CURVE ( 'NONE', #3067, #1524, #1100, .T. ) ;
#2705 = CARTESIAN_POINT ( 'NONE',  ( 0.02499999999999984900, 0.1050000000000000100, -0.02500000000000005000 ) ) ;
#2706 = CARTESIAN_POINT ( 'NONE',  ( 0.01100000000000000100, 0.01999999999999996600, 0.1699999999999999800 ) ) ;
#2707 = ORIENTED_EDGE ( 'NONE', *, *, #2205, .T. ) ;
#2708 = EDGE_CURVE ( 'NONE', #683, #1483, #1119, .T. ) ;
#2709 = CARTESIAN_POINT ( 'NONE',  ( -0.02500000000000015800, 0.1050000000000000100, -0.02500000000000005000 ) ) ;
#2710 = DIRECTION ( 'NONE',  ( -7.468797715707625400E-017, -6.842277657836020900E-049, 1.000000000000000000 ) ) ;
#2711 = CARTESIAN_POINT ( 'NONE',  ( 0.02888875119280858200, 0.05906318936789303800, -0.01338697782374690200 ) ) ;
#2712 = CARTESIAN_POINT ( 'NONE',  ( -0.02500000000000016800, 0.05099999999999996200, 0.1599999999999999200 ) ) ;
#2713 = CARTESIAN_POINT ( 'NONE',  ( 0.05000000000000000300, 0.07999999999999996000, 0.0000000000000000000 ) ) ;
#2714 = AXIS2_PLACEMENT_3D ( 'NONE', #403, #505, #2588 ) ;
#2715 = CARTESIAN_POINT ( 'NONE',  ( -0.02902445956746321100, 0.05995138820331571300, -0.01330425123052997000 ) ) ;
#2716 = ADVANCED_FACE ( 'NONE', ( #620 ), #583, .T. ) ;
#2717 = EDGE_CURVE ( 'NONE', #2532, #211, #606, .T. ) ;
#2718 = AXIS2_PLACEMENT_3D ( 'NONE', #354, #519, #858 ) ;
#2719 = CARTESIAN_POINT ( 'NONE',  ( 0.02499999999999983500, 0.05999999999999999800, 0.1599999999999999200 ) ) ;
#2720 = VECTOR ( 'NONE', #1256, 39.37007874015748100 ) ;
#2721 = VERTEX_POINT ( 'NONE', #821 ) ;
#2722 = CIRCLE ( 'NONE', #326, 0.009000000000000035700 ) ;
#2723 = CARTESIAN_POINT ( 'NONE',  ( 0.03339867743594723100, 0.01800837821215462600, -0.01167528155847557200 ) ) ;
#2724 = PLANE ( 'NONE',  #2103 ) ;
#2725 = VECTOR ( 'NONE', #1971, 39.37007874015748100 ) ;
#2726 = CARTESIAN_POINT ( 'NONE',  ( -0.02500000000000015800, 0.06400000000000000100, -0.01600000000000003800 ) ) ;
#2727 = DIRECTION ( 'NONE',  ( -2.026496089157345700E-017, -1.000000000000000000, -1.513548936158882000E-033 ) ) ;
#2728 = ORIENTED_EDGE ( 'NONE', *, *, #2308, .T. ) ;
#2729 = ORIENTED_EDGE ( 'NONE', *, *, #69, .F. ) ;
#2730 = VECTOR ( 'NONE', #2858, 39.37007874015748100 ) ;
#2731 = CARTESIAN_POINT ( 'NONE',  ( -0.02132477564956929500, 0.06137072389753833000, -0.01462287862491690500 ) ) ;
#2732 = EDGE_LOOP ( 'NONE', ( #110, #1305, #2452, #1727, #1297 ) ) ;
#2733 = TOROIDAL_SURFACE ( 'NONE', #333, 0.008999999999999999300, 0.004000000000000000100 ) ;
#2734 = ADVANCED_FACE ( 'NONE', ( #706 ), #806, .T. ) ;
#2735 = LINE ( 'NONE', #1418, #2616 ) ;
#2736 = CARTESIAN_POINT ( 'NONE',  ( -0.02500000000000015800, 0.06900000000000000600, -0.02500000000000005000 ) ) ;
#2737 = DIRECTION ( 'NONE',  ( 1.000000000000000000, 0.0000000000000000000, 0.0000000000000000000 ) ) ;
#2738 = AXIS2_PLACEMENT_3D ( 'NONE', #1120, #1025, #889 ) ;
#2739 = CARTESIAN_POINT ( 'NONE',  ( 0.02499999999999984500, 0.05599999999999999400, -0.01511439725815639400 ) ) ;
#2740 = EDGE_CURVE ( 'NONE', #1886, #909, #539, .T. ) ;
#2741 = CARTESIAN_POINT ( 'NONE',  ( 0.0000000000000000000, 0.2402230518298162400, 0.04640625000000003100 ) ) ;
#2742 = DIRECTION ( 'NONE',  ( 1.000000000000000000, -2.026496089157345700E-017, 7.468797715707625400E-017 ) ) ;
#2743 = EDGE_CURVE ( 'NONE', #1090, #1805, #498, .T. ) ;
#2744 = ADVANCED_FACE ( 'NONE', ( #452 ), #344, .F. ) ;
#2745 = CARTESIAN_POINT ( 'NONE',  ( -0.02340711239647716100, 0.05924483104730314500, -0.01576498180084392700 ) ) ;
#2746 = DIRECTION ( 'NONE',  ( 1.291109934225971900E-016, -1.102880296222247400E-033, -1.000000000000000000 ) ) ;
#2747 = CARTESIAN_POINT ( 'NONE',  ( 0.04750000000002096300, 0.007757787400649613700, 0.0000000000000000000 ) ) ;
#2748 = DIRECTION ( 'NONE',  ( -7.468797715707625400E-017, -6.842277657836020900E-049, 1.000000000000000000 ) ) ;
#2749 = DIRECTION ( 'NONE',  ( -1.000000000000000000, -0.0000000000000000000, 0.0000000000000000000 ) ) ;
#2750 = DIRECTION ( 'NONE',  ( 1.000000000000000000, -8.167843997065574700E-033, 1.333910153156378700E-016 ) ) ;
#2751 = AXIS2_PLACEMENT_3D ( 'NONE', #2478, #789, #2199 ) ;
#2752 = VERTEX_POINT ( 'NONE', #552 ) ;
#2753 = LINE ( 'NONE', #1360, #2862 ) ;
#2754 = CARTESIAN_POINT ( 'NONE',  ( -0.02510534529381426200, 0.05663810684064402700, -0.01507148317828867200 ) ) ;
#2755 = VERTEX_POINT ( 'NONE', #246 ) ;
#2756 = AXIS2_PLACEMENT_3D ( 'NONE', #27, #13, #5 ) ;
#2757 = CARTESIAN_POINT ( 'NONE',  ( -0.02500000000000015800, 0.05999999999999999800, -0.01600000000000003800 ) ) ;
#2758 = LINE ( 'NONE', #989, #656 ) ;
#2759 = AXIS2_PLACEMENT_3D ( 'NONE', #2970, #2945, #2939 ) ;
#2760 = LINE ( 'NONE', #2929, #2720 ) ;
#2761 = CARTESIAN_POINT ( 'NONE',  ( 0.04749999999999999400, 0.009902073896872164200, 0.0000000000000000000 ) ) ;
#2762 = LINE ( 'NONE', #559, #2569 ) ;
#2763 = FACE_OUTER_BOUND ( 'NONE', #1503, .T. ) ;
#2764 = CARTESIAN_POINT ( 'NONE',  ( -0.03600000000000000400, 0.01999999999999996600, 0.1699999999999999800 ) ) ;
#2765 = ORIENTED_EDGE ( 'NONE', *, *, #3045, .T. ) ;
#2766 = EDGE_CURVE ( 'NONE', #211, #2532, #454, .T. ) ;
#2767 = VECTOR ( 'NONE', #1385, 39.37007874015748100 ) ;
#2768 = CYLINDRICAL_SURFACE ( 'NONE', #2449, 0.005999999999999975000 ) ;
#2769 = CYLINDRICAL_SURFACE ( 'NONE', #1034, 0.004000000000000003600 ) ;
#2771 = ORIENTED_EDGE ( 'NONE', *, *, #288, .F. ) ;
#2770 = CARTESIAN_POINT ( 'NONE',  ( 0.0000000000000000000, 0.006749999999999967000, -0.02274999999999996500 ) ) ;
#2772 = DIRECTION ( 'NONE',  ( -7.468797715707625400E-017, -6.842277657836020900E-049, 1.000000000000000000 ) ) ;
#2773 = CIRCLE ( 'NONE', #1216, 0.005999999999999967200 ) ;
#2774 = CARTESIAN_POINT ( 'NONE',  ( 0.02900000000000000100, -0.02500000000000004000, -0.02899999999999996700 ) ) ;
#2775 = CARTESIAN_POINT ( 'NONE',  ( 0.02900000000000000100, 0.01299999999999996600, -0.01093562738243171500 ) ) ;
#2776 = CARTESIAN_POINT ( 'NONE',  ( -0.01436357103527471200, 0.05457424287380324700, -0.01827418332800992100 ) ) ;
#2777 = EDGE_CURVE ( 'NONE', #3060, #558, #446, .T. ) ;
#2778 = ORIENTED_EDGE ( 'NONE', *, *, #1173, .T. ) ;
#2779 = CARTESIAN_POINT ( 'NONE',  ( -0.02472119351439881100, 0.06399999999999822500, -0.01308247700765857700 ) ) ;
#2780 = CARTESIAN_POINT ( 'NONE',  ( -0.007278334966483167800, 0.03261952254500404000, -0.01999999999999999000 ) ) ;
#2781 = ORIENTED_EDGE ( 'NONE', *, *, #691, .T. ) ;
#2782 = EDGE_CURVE ( 'NONE', #1122, #763, #410, .T. ) ;
#2783 = B_SPLINE_CURVE_WITH_KNOTS ( 'NONE', 3,
 ( #2522, #214, #2925, #2892, #943, #2995, #689, #3105, #1582, #3145, #443, #1121, #1131, #2974, #1695, #493, #1235, #1730, #312, #181, #470, #1917 ),
 .UNSPECIFIED., .F., .F.,
 ( 4, 3, 3, 3, 3, 3, 3, 4 ),
 ( 0.0002106695897450954200, 0.0002322134694257121600, 0.0002611144679562468400, 0.0002921346051577403700, 0.0003274405274734922600, 0.0003674695440478346000, 0.0004101621059506439200, 0.0004205520837261604800 ),
 .UNSPECIFIED. ) ;
#2784 = CARTESIAN_POINT ( 'NONE',  ( -1.480937764815480400E-035, 0.03999999999999998000, -0.01999999999999999000 ) ) ;
#2785 = VERTEX_POINT ( 'NONE', #96 ) ;
#2786 = CARTESIAN_POINT ( 'NONE',  ( -0.01400000000000000200, 0.01999999999999996600, 0.0000000000000000000 ) ) ;
#2787 = CARTESIAN_POINT ( 'NONE',  ( -0.02786518367040267600, 0.06279118658187853000, -0.01314533952285121100 ) ) ;
#2788 = VECTOR ( 'NONE', #3078, 39.37007874015748100 ) ;
#2789 = CIRCLE ( 'NONE', #34, 0.004000000000000000100 ) ;
#2790 = EDGE_LOOP ( 'NONE', ( #2658, #580, #1719, #1154 ) ) ;
#2791 = CARTESIAN_POINT ( 'NONE',  ( -0.002778639603302476000, 0.05713889621259740600, -0.01662107818977673300 ) ) ;
#2792 = PRODUCT_DEFINITION_SHAPE ( 'NONE', 'NONE',  #770 ) ;
#2793 = FACE_OUTER_BOUND ( 'NONE', #940, .T. ) ;
#2794 = EDGE_LOOP ( 'NONE', ( #1016, #2946 ) ) ;
#2795 = CIRCLE ( 'NONE', #2605, 0.006249999999999997700 ) ;
#2796 = CARTESIAN_POINT ( 'NONE',  ( -0.01587765675022937900, 0.05315405958481688600, -0.01858404134443569400 ) ) ;
#2797 = CARTESIAN_POINT ( 'NONE',  ( 0.04749999999999999400, 0.01299999999999997000, -0.01103887279385856200 ) ) ;
#2798 = AXIS2_PLACEMENT_3D ( 'NONE', #70, #2635, #2686 ) ;
#2799 = CARTESIAN_POINT ( 'NONE',  ( 0.004000000000000000100, -0.02500000000000004000, -0.02649999999999996100 ) ) ;
#2800 = FACE_OUTER_BOUND ( 'NONE', #2527, .T. ) ;
#2801 = DIRECTION ( 'NONE',  ( 0.0000000000000000000, -1.000000000000000000, 0.0000000000000000000 ) ) ;
#2802 = CARTESIAN_POINT ( 'NONE',  ( -0.02417066243870730200, 0.06391308052682651000, -0.01314695799907454600 ) ) ;
#2803 = ORIENTED_EDGE ( 'NONE', *, *, #912, .T. ) ;
#2804 = DIRECTION ( 'NONE',  ( -0.0000000000000000000, 4.690673066044407900E-017, 1.000000000000000000 ) ) ;
#2805 = EDGE_CURVE ( 'NONE', #1878, #1248, #1487, .T. ) ;
#2806 = EDGE_CURVE ( 'NONE', #1460, #1098, #356, .T. ) ;
#2807 = CARTESIAN_POINT ( 'NONE',  ( -1.612212026516575700E-035, 0.03999999999999998000, -0.01999999999999999000 ) ) ;
#2808 = DIRECTION ( 'NONE',  ( -1.000000000000000000, -0.0000000000000000000, -0.0000000000000000000 ) ) ;
#2809 = CARTESIAN_POINT ( 'NONE',  ( -0.02900000000000000100, -0.02500000000000004000, -0.02899999999999996700 ) ) ;
#2810 = CARTESIAN_POINT ( 'NONE',  ( 0.02499999999999984900, 0.1050000000000000100, -0.02500000000000005000 ) ) ;
#2811 = DIRECTION ( 'NONE',  ( 0.0000000000000000000, 0.0000000000000000000, -1.000000000000000000 ) ) ;
#2812 = CARTESIAN_POINT ( 'NONE',  ( -0.01690831807256043500, 0.05134562847826151800, -0.01841886097075822300 ) ) ;
#2813 = LINE ( 'NONE', #1148, #2682 ) ;
#2814 = CARTESIAN_POINT ( 'NONE',  ( 0.03298020372980798400, 0.01832948045099470200, -0.01141038773142407300 ) ) ;
#2815 = CARTESIAN_POINT ( 'NONE',  ( 0.003739808423232459300, 0.05858090417606195300, -0.01600000000000003800 ) ) ;
#2816 = DIRECTION ( 'NONE',  ( -7.468797715707625400E-017, -6.842277657836020900E-049, 1.000000000000000000 ) ) ;
#2817 = CARTESIAN_POINT ( 'NONE',  ( 0.02818160901387162600, 0.05754051720927983600, -0.01372398590882249400 ) ) ;
#2818 = LINE ( 'NONE', #1832, #2788 ) ;
#2819 = CARTESIAN_POINT ( 'NONE',  ( -0.02500000000000012300, 0.05999999999999999800, 0.01439483628583458100 ) ) ;
#2820 = CARTESIAN_POINT ( 'NONE',  ( 0.02099999999999984900, 0.06900000000000000600, -0.02500000000000005000 ) ) ;
#2821 = LINE ( 'NONE', #1842, #2767 ) ;
#2822 = AXIS2_PLACEMENT_3D ( 'NONE', #3004, #2907, #3038 ) ;
#2823 = FACE_OUTER_BOUND ( 'NONE', #1714, .T. ) ;
#2824 = EDGE_LOOP ( 'NONE', ( #2115, #545, #1195, #846 ) ) ;
#2825 = CARTESIAN_POINT ( 'NONE',  ( 0.02790823908354665000, 0.05722423083758986600, -0.01385180946391286100 ) ) ;
#2826 = DIRECTION ( 'NONE',  ( -1.000000000000000000, 0.0000000000000000000, -1.333910153156378700E-016 ) ) ;
#2827 = FACE_OUTER_BOUND ( 'NONE', #1708, .T. ) ;
#2828 = FACE_OUTER_BOUND ( 'NONE', #1531, .T. ) ;
#2829 = DIRECTION ( 'NONE',  ( 0.0000000000000000000, 1.000000000000000000, 0.0000000000000000000 ) ) ;
#2830 = DIRECTION ( 'NONE',  ( 0.0000000000000000000, -1.000000000000000000, 0.0000000000000000000 ) ) ;
#2831 = DIRECTION ( 'NONE',  ( 1.000000000000000000, 0.0000000000000000000, 0.0000000000000000000 ) ) ;
#2832 = DIRECTION ( 'NONE',  ( -0.0000000000000000000, 4.690673066044407900E-017, 1.000000000000000000 ) ) ;
#2833 = CARTESIAN_POINT ( 'NONE',  ( 0.003739808423232459300, 0.05858090417606195300, -0.01600000000000003800 ) ) ;
#2834 = DIRECTION ( 'NONE',  ( 0.0000000000000000000, 0.0000000000000000000, -1.000000000000000000 ) ) ;
#2835 = PLANE ( 'NONE',  #476 ) ;
#2836 = CARTESIAN_POINT ( 'NONE',  ( 0.02100000000000000500, 0.01299999999999996600, -0.02274999999999996500 ) ) ;
#2837 = CARTESIAN_POINT ( 'NONE',  ( 0.02100000000000000500, 0.01049999999999996800, -0.02274999999999996500 ) ) ;
#2838 = CARTESIAN_POINT ( 'NONE',  ( 0.02888875119280858200, 0.05906318936789303800, -0.01338697782374690200 ) ) ;
#2839 = AXIS2_PLACEMENT_3D ( 'NONE', #1627, #2310, #2120 ) ;
#2840 = EDGE_CURVE ( 'NONE', #426, #208, #658, .T. ) ;
#2841 = CARTESIAN_POINT ( 'NONE',  ( -0.04749999999999999400, 0.07009792610312781700, 0.0000000000000000000 ) ) ;
#2842 = FILL_AREA_STYLE_COLOUR ( '', #2384 ) ;
#2843 = DIRECTION ( 'NONE',  ( -7.468797715707625400E-017, -6.842277657836020900E-049, 1.000000000000000000 ) ) ;
#2844 = CARTESIAN_POINT ( 'NONE',  ( -0.02900000000000015400, 0.06900000000000000600, -0.02500000000000005000 ) ) ;
#2845 = ORIENTED_EDGE ( 'NONE', *, *, #391, .T. ) ;
#2846 = EDGE_CURVE ( 'NONE', #859, #1879, #390, .T. ) ;
#2847 = CIRCLE ( 'NONE', #1092, 0.01100000000000000100 ) ;
#2848 = DIRECTION ( 'NONE',  ( 7.468797715709441000E-017, 1.000000000000000000, -6.123233995736766000E-017 ) ) ;
#2849 = VERTEX_POINT ( 'NONE', #2896 ) ;
#2850 = CARTESIAN_POINT ( 'NONE',  ( 0.02900000000000000100, 0.006749999999999967000, -0.02274999999999996500 ) ) ;
#2851 = CYLINDRICAL_SURFACE ( 'NONE', #723, 0.01100000000000000100 ) ;
#2852 = AXIS2_PLACEMENT_3D ( 'NONE', #273, #964, #1806 ) ;
#2853 = CIRCLE ( 'NONE', #1232, 0.009000000000000044400 ) ;
#2854 = CARTESIAN_POINT ( 'NONE',  ( -0.02499999999997325900, 0.06400000000000000100, -0.01306703615890028900 ) ) ;
#2855 = CARTESIAN_POINT ( 'NONE',  ( 0.009331013581924283900, 0.03053803470333486100, -0.01999999999999999000 ) ) ;
#2856 = APPLICATION_PROTOCOL_DEFINITION ( 'draft international standard', 'automotive_design', 1998, #1178 ) ;
#2857 = CARTESIAN_POINT ( 'NONE',  ( 0.02423324509013619400, 0.05607417691328301500, -0.01542044222483028100 ) ) ;
#2858 = DIRECTION ( 'NONE',  ( -0.0000000000000000000, -0.0000000000000000000, 1.000000000000000000 ) ) ;
#2859 = EDGE_CURVE ( 'NONE', #2466, #2914, #1061, .T. ) ;
#2860 = AXIS2_PLACEMENT_3D ( 'NONE', #2599, #3082, #3006 ) ;
#2861 = DIRECTION ( 'NONE',  ( 0.0000000000000000000, 0.0000000000000000000, -1.000000000000000000 ) ) ;
#2862 = VECTOR ( 'NONE', #2830, 39.37007874015748100 ) ;
#2863 = CARTESIAN_POINT ( 'NONE',  ( -0.04102794807262837000, 0.0008054640710776420200, 0.002731369456752570200 ) ) ;
#2864 = DIRECTION ( 'NONE',  ( 1.000000000000000000, 0.0000000000000000000, 0.0000000000000000000 ) ) ;
#2865 = FACE_OUTER_BOUND ( 'NONE', #382, .T. ) ;
#2866 = CIRCLE ( 'NONE', #1670, 0.009000000000000044400 ) ;
#2867 = CARTESIAN_POINT ( 'NONE',  ( -0.02138522839638670700, 0.05823483943810134300, -0.01590045085001006900 ) ) ;
#2868 = CARTESIAN_POINT ( 'NONE',  ( -0.01100000000000000100, 0.01999999999999996600, 0.0000000000000000000 ) ) ;
#2869 = ADVANCED_FACE ( 'NONE', ( #310 ), #119, .T. ) ;
#2870 = DIRECTION ( 'NONE',  ( 1.291109934225971900E-016, -1.102880296222247400E-033, -1.000000000000000000 ) ) ;
#2871 = AXIS2_PLACEMENT_3D ( 'NONE', #36, #3158, #3149 ) ;
#2872 = EDGE_LOOP ( 'NONE', ( #1587, #1899, #959, #2239 ) ) ;
#2873 = CARTESIAN_POINT ( 'NONE',  ( -0.02500000000000016100, 0.06599999999999996100, 0.01799999999999995000 ) ) ;
#2874 = DIRECTION ( 'NONE',  ( 0.0000000000000000000, -0.0000000000000000000, -1.000000000000000000 ) ) ;
#2875 = CARTESIAN_POINT ( 'NONE',  ( -0.04830160091652924100, 0.009485222892707496200, 0.0008349280094888758000 ) ) ;
#2876 = CARTESIAN_POINT ( 'NONE',  ( 0.0000000000000000000, 0.03999999999999998000, -0.01999999999999999000 ) ) ;
#2877 = CARTESIAN_POINT ( 'NONE',  ( -0.007248066086897920300, 0.04734978378887987800, -0.01999999999999999000 ) ) ;
#2878 = EDGE_CURVE ( 'NONE', #1668, #1849, #276, .T. ) ;
#2879 = EDGE_LOOP ( 'NONE', ( #542, #500, #2654 ) ) ;
#2880 = ADVANCED_FACE ( 'NONE', ( #58, #347 ), #24, .T. ) ;
#2881 = CYLINDRICAL_SURFACE ( 'NONE', #1440, 0.004000000000000003600 ) ;
#2882 = DIRECTION ( 'NONE',  ( 0.0000000000000000000, 1.000000000000000000, 0.0000000000000000000 ) ) ;
#2883 = FACE_OUTER_BOUND ( 'NONE', #1162, .T. ) ;
#2884 = DIRECTION ( 'NONE',  ( 1.000000000000000000, 0.0000000000000000000, 0.0000000000000000000 ) ) ;
#2885 = PLANE ( 'NONE',  #2718 ) ;
#2886 = DIRECTION ( 'NONE',  ( -1.000000000000000000, 0.0000000000000000000, -1.333910153156378700E-016 ) ) ;
#2887 = CARTESIAN_POINT ( 'NONE',  ( -0.007894895531150310200, 0.04653956316078540500, -0.01999999999775252700 ) ) ;
#2888 = FACE_OUTER_BOUND ( 'NONE', #2333, .T. ) ;
#2889 = AXIS2_PLACEMENT_3D ( 'NONE', #363, #2748, #477 ) ;
#2890 = LINE ( 'NONE', #1646, #2730 ) ;
#2891 = ORIENTED_EDGE ( 'NONE', *, *, #1937, .F. ) ;
#2892 = CARTESIAN_POINT ( 'NONE',  ( -0.0008453049929278954600, 0.06390966232159907300, -0.01315060267324378800 ) ) ;
#2893 = VECTOR ( 'NONE', #2804, 39.37007874015748100 ) ;
#2894 = FACE_OUTER_BOUND ( 'NONE', #1103, .T. ) ;
#2895 = AXIS2_PLACEMENT_3D ( 'NONE', #3035, #3015, #3010 ) ;
#2896 = CARTESIAN_POINT ( 'NONE',  ( 0.02499999999999984900, 0.06400000000000000100, -0.01600000000000003800 ) ) ;
#2897 = ADVANCED_FACE ( 'NONE', ( #240 ), #1883, .T. ) ;
#2898 = DIRECTION ( 'NONE',  ( 1.000000000000000000, 0.0000000000000000000, 0.0000000000000000000 ) ) ;
#2899 = CARTESIAN_POINT ( 'NONE',  ( -0.008535370456020929800, 0.04572371158127733200, -0.01999999999999999000 ) ) ;
#2900 = CIRCLE ( 'NONE', #717, 0.004999999999999997500 ) ;
#2901 = EDGE_CURVE ( 'NONE', #2544, #426, #52, .T. ) ;
#2902 = CARTESIAN_POINT ( 'NONE',  ( -0.02444120526112982300, 0.06397041932244673700, -0.01310835333664447100 ) ) ;
#2903 = ORIENTED_EDGE ( 'NONE', *, *, #1813, .F. ) ;
#2904 = AXIS2_PLACEMENT_3D ( 'NONE', #2135, #2289, #2403 ) ;
#2905 = DIRECTION ( 'NONE',  ( -0.0000000000000000000, -1.000000000000000000, -8.986342084421920000E-016 ) ) ;
#2906 = DIRECTION ( 'NONE',  ( 2.026496089157345700E-017, 1.000000000000000000, 1.513548936158882500E-033 ) ) ;
#2907 = DIRECTION ( 'NONE',  ( -1.000000000000000000, -0.0000000000000000000, 0.0000000000000000000 ) ) ;
#2908 = DIRECTION ( 'NONE',  ( -1.000000000000000000, 8.167843997065571900E-033, -1.333910153156378400E-016 ) ) ;
#2909 = ORIENTED_EDGE ( 'NONE', *, *, #2782, .T. ) ;
#2910 = ADVANCED_FACE ( 'NONE', ( #23 ), #3117, .F. ) ;
#2911 = CARTESIAN_POINT ( 'NONE',  ( 1.480937764815480400E-035, 0.03999999999999998000, -0.01999999999999999000 ) ) ;
#2912 = ORIENTED_EDGE ( 'NONE', *, *, #2371, .F. ) ;
#2913 = ORIENTED_EDGE ( 'NONE', *, *, #1608, .T. ) ;
#2914 = VERTEX_POINT ( 'NONE', #1600 ) ;
#2915 = DIRECTION ( 'NONE',  ( -7.468797715707625400E-017, -6.842277657836020900E-049, 1.000000000000000000 ) ) ;
#2916 = LINE ( 'NONE', #3109, #571 ) ;
#2917 =( BOUNDED_SURFACE ( )  B_SPLINE_SURFACE ( 3, 2, ( 
 ( #3008, #2980, #2911 ),
 ( #2899, #2887, #2877 ),
 ( #2812, #2796, #2776 ),
 ( #2754, #2745, #2731 ) ),
 .UNSPECIFIED., .F., .F., .T. ) 
 B_SPLINE_SURFACE_WITH_KNOTS ( ( 4, 4 ),
 ( 3, 3 ),
 ( -7.570264315365136900E-006, 0.0006875915406487620700 ),
 ( 0.0000000000000000000, 1.000000000000000000 ),
 .UNSPECIFIED. ) 
 GEOMETRIC_REPRESENTATION_ITEM ( )  RATIONAL_B_SPLINE_SURFACE ( (
 ( 1.000000000000000000, 1.000000000000000000, 1.000000000000000000),
 ( 1.000000000000000000, 0.9999329507337737500, 1.000000000000000000),
 ( 1.000000000000000000, 0.9840633958352639200, 1.000000000000000000),
 ( 1.000000000000000000, 0.9527701492391812400, 1.000000000000000000) ) ) 
 REPRESENTATION_ITEM ( '' )  SURFACE ( )  );
#2918 = CIRCLE ( 'NONE', #2204, 0.01300000000000000100 ) ;
#2919 = LINE ( 'NONE', #25, #1102 ) ;
#2920 = EDGE_LOOP ( 'NONE', ( #1329, #1841, #695, #2426 ) ) ;
#2921 = VECTOR ( 'NONE', #2169, 39.37007874015748100 ) ;
#2922 = VECTOR ( 'NONE', #438, 39.37007874015748100 ) ;
#2923 = FACE_OUTER_BOUND ( 'NONE', #1498, .T. ) ;
#2924 = CARTESIAN_POINT ( 'NONE',  ( -0.01435325621918960900, 0.05456068714579960500, -0.01825487644419302200 ) ) ;
#2925 = CARTESIAN_POINT ( 'NONE',  ( -0.0005701038767564366300, 0.06396916333688466800, -0.01311346443076257100 ) ) ;
#2926 = CARTESIAN_POINT ( 'NONE',  ( 0.02899999999999984900, 0.06900000000000000600, -0.02500000000000005000 ) ) ;
#2927 = ADVANCED_FACE ( 'NONE', ( #19 ), #1008, .T. ) ;
#2928 = CIRCLE ( 'NONE', #848, 0.01100000000000000100 ) ;
#2929 = CARTESIAN_POINT ( 'NONE',  ( -0.02500000000000016100, 0.06599999999999996100, 0.01799999999999995000 ) ) ;
#2930 = LINE ( 'NONE', #362, #579 ) ;
#2931 = TOROIDAL_SURFACE ( 'NONE', #1377, 0.008999999999999999300, 0.004000000000000000100 ) ;
#2932 = DIRECTION ( 'NONE',  ( 0.0000000000000000000, 1.000000000000000000, 0.0000000000000000000 ) ) ;
#2933 = VECTOR ( 'NONE', #228, 39.37007874015748100 ) ;
#2934 = CARTESIAN_POINT ( 'NONE',  ( 0.05000000000000000300, 0.07999999999999996000, 0.1000000000000000200 ) ) ;
#2935 = EDGE_CURVE ( 'NONE', #2042, #945, #84, .T. ) ;
#2936 = CARTESIAN_POINT ( 'NONE',  ( 0.02499999999999984900, 0.06900000000000000600, -0.01600000000000003800 ) ) ;
#2937 = ORIENTED_EDGE ( 'NONE', *, *, #1597, .T. ) ;
#2938 = ADVANCED_FACE ( 'NONE', ( #14 ), #3002, .T. ) ;
#2939 = DIRECTION ( 'NONE',  ( 7.468797715707552700E-017, 0.0000000000000000000, -1.000000000000000000 ) ) ;
#2940 = CARTESIAN_POINT ( 'NONE',  ( -0.003344173826449473300, 0.05777150453644173300, -0.01635780830698812700 ) ) ;
#2941 = EDGE_LOOP ( 'NONE', ( #3055, #455 ) ) ;
#2942 = CARTESIAN_POINT ( 'NONE',  ( 0.007214888427111287300, 0.04731618448918414200, -0.01955420301217738300 ) ) ;
#2943 = AXIS2_PLACEMENT_3D ( 'NONE', #1044, #124, #1643 ) ;
#2944 = ORIENTED_EDGE ( 'NONE', *, *, #1, .F. ) ;
#2945 = DIRECTION ( 'NONE',  ( 1.000000000000000000, -2.026496089157345700E-017, 7.468797715707625400E-017 ) ) ;
#2946 = ORIENTED_EDGE ( 'NONE', *, *, #1996, .T. ) ;
#2947 = B_SPLINE_CURVE_WITH_KNOTS ( 'NONE', 3,
 ( #3063, #293, #788, #1772 ),
 .UNSPECIFIED., .F., .F.,
 ( 4, 4 ),
 ( 1.886817160275072300E-020, 0.0006164646353070656900 ),
 .UNSPECIFIED. ) ;
#2948 = FACE_OUTER_BOUND ( 'NONE', #2514, .T. ) ;
#2949 = EDGE_CURVE ( 'NONE', #211, #3060, #921, .T. ) ;
#2950 = FACE_OUTER_BOUND ( 'NONE', #613, .T. ) ;
#2951 = ORIENTED_EDGE ( 'NONE', *, *, #1, .T. ) ;
#2952 = CARTESIAN_POINT ( 'NONE',  ( -0.02100000000000000500, -0.02500000000000004000, -0.02649999999999996100 ) ) ;
#2953 = DIRECTION ( 'NONE',  ( -1.000000000000000000, -0.0000000000000000000, 0.0000000000000000000 ) ) ;
#2954 = ADVANCED_FACE ( 'NONE', ( #503 ), #173, .T. ) ;
#2955 = DIRECTION ( 'NONE',  ( 7.468797715709441000E-017, 1.000000000000000000, -6.123233995736766000E-017 ) ) ;
#2956 = CARTESIAN_POINT ( 'NONE',  ( -1.679119028717228500E-016, 0.05099999999999996200, 0.1599999999999999200 ) ) ;
#2957 = ORIENTED_EDGE ( 'NONE', *, *, #1985, .F. ) ;
#2958 = EDGE_CURVE ( 'NONE', #2140, #102, #3083, .T. ) ;
#2959 = FACE_OUTER_BOUND ( 'NONE', #263, .T. ) ;
#2960 = FACE_OUTER_BOUND ( 'NONE', #569, .T. ) ;
#2961 = VECTOR ( 'NONE', #341, 39.37007874015748100 ) ;
#2962 = CARTESIAN_POINT ( 'NONE',  ( -0.04750000000007114500, 0.07224042100832935000, 0.0000000000000000000 ) ) ;
#2963 = LINE ( 'NONE', #128, #2893 ) ;
#2964 = CARTESIAN_POINT ( 'NONE',  ( 0.02499999999999983500, 0.05999999999999999800, 0.1599999999999999200 ) ) ;
#2965 = LINE ( 'NONE', #2354, #1258 ) ;
#2966 = CARTESIAN_POINT ( 'NONE',  ( 0.01850000000000000300, 0.01299999999999996600, 3.414809992080329000E-017 ) ) ;
#2967 = VECTOR ( 'NONE', #204, 39.37007874015748100 ) ;
#2968 = CARTESIAN_POINT ( 'NONE',  ( -0.02500000000000016800, 0.05999999999999999800, 0.1599999999999999800 ) ) ;
#2969 = COLOUR_RGB ( '',0.7960784313725489700, 0.8235294117647058400, 0.9372549019607843100 ) ;
#2970 = CARTESIAN_POINT ( 'NONE',  ( -1.532998674767964900E-016, 0.06900000000000000600, -0.01600000000000003800 ) ) ;
#2971 = CIRCLE ( 'NONE', #280, 0.01100000000000000100 ) ;
#2972 = CARTESIAN_POINT ( 'NONE',  ( -0.04654683525732556500, 0.07433654410645160200, -0.0000000000000000000 ) ) ;
#2973 = DIRECTION ( 'NONE',  ( -0.0000000000000000000, -1.000000000000000000, -6.123233995736766000E-017 ) ) ;
#2974 = CARTESIAN_POINT ( 'NONE',  ( -0.003783180430847368300, 0.06138245423526175700, -0.01461949443124022600 ) ) ;
#2975 = ORIENTED_EDGE ( 'NONE', *, *, #823, .T. ) ;
#2976 = CARTESIAN_POINT ( 'NONE',  ( 0.02558065598924571400, 0.05601488216949788300, -0.01487730925166077900 ) ) ;
#2977 = CARTESIAN_POINT ( 'NONE',  ( 0.01429930952021406200, 0.05443881704417924400, -0.01778640625690404400 ) ) ;
#2978 = ORIENTED_EDGE ( 'NONE', *, *, #2097, .F. ) ;
#2979 = EDGE_CURVE ( 'NONE', #1259, #1181, #3110, .T. ) ;
#2980 = CARTESIAN_POINT ( 'NONE',  ( 1.612212026516575700E-035, 0.03999999999999998000, -0.01999999999999999000 ) ) ;
#2981 = ORIENTED_EDGE ( 'NONE', *, *, #308, .F. ) ;
#2982 = CARTESIAN_POINT ( 'NONE',  ( -0.04320352259810279100, 0.07697443573915038800, -6.113896154991317600E-034 ) ) ;
#2983 = DIRECTION ( 'NONE',  ( -1.000000000000000000, 0.0000000000000000000, 0.0000000000000000000 ) ) ;
#2984 = CARTESIAN_POINT ( 'NONE',  ( -1.665057463391166300E-016, 0.06599999999999998900, 0.1599999999999999200 ) ) ;
#2985 = CARTESIAN_POINT ( 'NONE',  ( 0.02499999999999984500, 0.05999999999999999800, 0.01799999999999995000 ) ) ;
#2986 = ORIENTED_EDGE ( 'NONE', *, *, #3118, .F. ) ;
#2987 = B_SPLINE_CURVE_WITH_KNOTS ( 'NONE', 3,
 ( #805, #699, #839, #862, #872, #919 ),
 .UNSPECIFIED., .F., .F.,
 ( 4, 2, 4 ),
 ( 0.0004886510848324460800, 0.0009917086904764201800, 0.001494766296120394300 ),
 .UNSPECIFIED. ) ;
#2988 = VERTEX_POINT ( 'NONE', #463 ) ;
#2989 = DIRECTION ( 'NONE',  ( -1.000000000000000000, -0.0000000000000000000, 0.0000000000000000000 ) ) ;
#2990 = ORIENTED_EDGE ( 'NONE', *, *, #243, .T. ) ;
#2991 = CARTESIAN_POINT ( 'NONE',  ( -0.04104384256913234900, 0.07749999999999997200, 7.162171118893441600E-018 ) ) ;
#2992 = EDGE_CURVE ( 'NONE', #1246, #2068, #3030, .T. ) ;
#2993 = EDGE_CURVE ( 'NONE', #2299, #918, #784, .T. ) ;
#2994 = FACE_OUTER_BOUND ( 'NONE', #1091, .T. ) ;
#2995 = CARTESIAN_POINT ( 'NONE',  ( -0.001572755134771398400, 0.06369604757793657900, -0.01328364646342104300 ) ) ;
#2996 = FACE_OUTER_BOUND ( 'NONE', #2790, .T. ) ;
#2997 = CARTESIAN_POINT ( 'NONE',  ( 0.02423324509013619400, 0.05607417691328301500, -0.01542044222483028100 ) ) ;
#2998 = ORIENTED_EDGE ( 'NONE', *, *, #2137, .T. ) ;
#2999 = VECTOR ( 'NONE', #299, 39.37007874015748100 ) ;
#3000 = LINE ( 'NONE', #182, #2933 ) ;
#3001 = EDGE_CURVE ( 'NONE', #2467, #2042, #3076, .T. ) ;
#3002 = TOROIDAL_SURFACE ( 'NONE', #816, 0.008999999999999999300, 0.004000000000000000100 ) ;
#3003 = AXIS2_PLACEMENT_3D ( 'NONE', #2, #2437, #2662 ) ;
#3004 = CARTESIAN_POINT ( 'NONE',  ( 0.02900000000000000100, 0.01299999999999996600, -0.02274999999999996500 ) ) ;
#3005 = VECTOR ( 'NONE', #367, 39.37007874015748100 ) ;
#3006 = DIRECTION ( 'NONE',  ( -1.000000000000000000, 0.0000000000000000000, 0.0000000000000000000 ) ) ;
#3007 = AXIS2_PLACEMENT_3D ( 'NONE', #2647, #1501, #1623 ) ;
#3008 = CARTESIAN_POINT ( 'NONE',  ( 1.743486288217670500E-035, 0.03999999999999998000, -0.01999999999999999000 ) ) ;
#3009 = DIRECTION ( 'NONE',  ( 0.0000000000000000000, 0.0000000000000000000, 1.000000000000000000 ) ) ;
#3010 = DIRECTION ( 'NONE',  ( 0.0000000000000000000, 1.000000000000000000, 0.0000000000000000000 ) ) ;
#3011 = CARTESIAN_POINT ( 'NONE',  ( 0.05000000000000000300, 0.0000000000000000000, 0.1699999999999999600 ) ) ;
#3012 = AXIS2_PLACEMENT_3D ( 'NONE', #774, #936, #1317 ) ;
#3013 = CARTESIAN_POINT ( 'NONE',  ( 0.02499999999999984900, 0.06900000000000000600, -0.02500000000000005000 ) ) ;
#3014 = ORIENTED_EDGE ( 'NONE', *, *, #2282, .T. ) ;
#3015 = DIRECTION ( 'NONE',  ( 0.0000000000000000000, 8.130499981143647400E-016, -1.000000000000000000 ) ) ;
#3016 = EDGE_LOOP ( 'NONE', ( #1140, #2604, #755 ) ) ;
#3017 = DIRECTION ( 'NONE',  ( -7.468797715707625400E-017, -6.842277657836020900E-049, 1.000000000000000000 ) ) ;
#3018 = AXIS2_PLACEMENT_3D ( 'NONE', #1510, #1519, #1495 ) ;
#3019 = ORIENTED_EDGE ( 'NONE', *, *, #832, .F. ) ;
#3020 = CARTESIAN_POINT ( 'NONE',  ( -0.02396419009337624800, 0.06386499917369570200, -0.01317845977951255300 ) ) ;
#3021 = VECTOR ( 'NONE', #585, 39.37007874015748100 ) ;
#3022 = CARTESIAN_POINT ( 'NONE',  ( -0.008491160619564596900, 0.03430593463269084700, -0.01999999999999999000 ) ) ;
#3023 = VECTOR ( 'NONE', #962, 39.37007874015748100 ) ;
#3024 = CARTESIAN_POINT ( 'NONE',  ( -0.0005003287222297593700, 0.05607338270414464300, -0.01704248555580312200 ) ) ;
#3025 = VECTOR ( 'NONE', #1505, 39.37007874015748100 ) ;
#3026 = AXIS2_PLACEMENT_3D ( 'NONE', #795, #787, #661 ) ;
#3027 = LINE ( 'NONE', #2053, #3021 ) ;
#3028 = ORIENTED_EDGE ( 'NONE', *, *, #221, .F. ) ;
#3029 = VERTEX_POINT ( 'NONE', #155 ) ;
#3030 = LINE ( 'NONE', #449, #3005 ) ;
#3031 = EDGE_CURVE ( 'NONE', #1181, #102, #3000, .T. ) ;
#3032 = VECTOR ( 'NONE', #215, 39.37007874015748100 ) ;
#3033 = LINE ( 'NONE', #709, #2961 ) ;
#3034 = VECTOR ( 'NONE', #677, 39.37007874015748100 ) ;
#3035 = CARTESIAN_POINT ( 'NONE',  ( 0.02499999999999983800, 0.05999999999999999800, 0.1000000000000000100 ) ) ;
#3036 = VERTEX_POINT ( 'NONE', #609 ) ;
#3037 = AXIS2_PLACEMENT_3D ( 'NONE', #798, #2252, #247 ) ;
#3038 = DIRECTION ( 'NONE',  ( 0.0000000000000000000, 0.0000000000000000000, 1.000000000000000000 ) ) ;
#3039 = CARTESIAN_POINT ( 'NONE',  ( -0.02100000000000000500, 0.006749999999999967000, -0.02274999999999996500 ) ) ;
#3040 = AXIS2_PLACEMENT_3D ( 'NONE', #970, #775, #754 ) ;
#3041 = ORIENTED_EDGE ( 'NONE', *, *, #3031, .F. ) ;
#3042 = EDGE_CURVE ( 'NONE', #520, #2541, #2963, .T. ) ;
#3043 = EDGE_LOOP ( 'NONE', ( #967, #2524, #209, #2109 ) ) ;
#3044 = EDGE_LOOP ( 'NONE', ( #1152, #2259, #2448, #1041 ) ) ;
#3045 = EDGE_CURVE ( 'NONE', #1015, #2395, #2971, .T. ) ;
#3046 = CARTESIAN_POINT ( 'NONE',  ( 0.004000000000000000100, 0.01049999999999996600, -0.02274999999999996500 ) ) ;
#3047 = CARTESIAN_POINT ( 'NONE',  ( -0.05000000000000000300, 0.0000000000000000000, 0.1699999999999999600 ) ) ;
#3048 = DIRECTION ( 'NONE',  ( 0.0000000000000000000, -1.000000000000000000, 0.0000000000000000000 ) ) ;
#3049 = DIRECTION ( 'NONE',  ( -0.0000000000000000000, -8.130499981143647400E-016, 1.000000000000000000 ) ) ;
#3050 = ORIENTED_EDGE ( 'NONE', *, *, #2205, .F. ) ;
#3051 = AXIS2_PLACEMENT_3D ( 'NONE', #1142, #113, #1846 ) ;
#3052 = FACE_BOUND ( 'NONE', #928, .T. ) ;
#3053 = CARTESIAN_POINT ( 'NONE',  ( -1.743486288217670500E-035, 0.03999999999999998000, -0.01999999999999999000 ) ) ;
#3054 = ORIENTED_EDGE ( 'NONE', *, *, #1540, .T. ) ;
#3055 = ORIENTED_EDGE ( 'NONE', *, *, #1604, .F. ) ;
#3056 = CARTESIAN_POINT ( 'NONE',  ( -0.02500000000000016400, 0.06900000000000003400, 0.1000000000000000100 ) ) ;
#3057 = FACE_OUTER_BOUND ( 'NONE', #1853, .T. ) ;
#3058 = CARTESIAN_POINT ( 'NONE',  ( 0.05000000000000000300, 0.0000000000000000000, 0.1699999999999999600 ) ) ;
#3059 = FACE_OUTER_BOUND ( 'NONE', #687, .T. ) ;
#3060 = VERTEX_POINT ( 'NONE', #2317 ) ;
#3061 = VECTOR ( 'NONE', #185, 39.37007874015748100 ) ;
#3062 = DIRECTION ( 'NONE',  ( 1.000000000000000000, -7.468797715709439800E-017, 7.468797715707625400E-017 ) ) ;
#3063 = CARTESIAN_POINT ( 'NONE',  ( 0.03891197793938066400, 0.07749999999999999900, -2.134256245050205600E-018 ) ) ;
#3064 = EDGE_CURVE ( 'NONE', #801, #2566, #2900, .T. ) ;
#3065 = DIRECTION ( 'NONE',  ( -1.000000000000000000, -0.0000000000000000000, 0.0000000000000000000 ) ) ;
#3066 = LINE ( 'NONE', #2611, #3061 ) ;
#3067 = VERTEX_POINT ( 'NONE', #1577 ) ;
#3068 = FACE_OUTER_BOUND ( 'NONE', #401, .T. ) ;
#3069 = EDGE_CURVE ( 'NONE', #2752, #2362, #2866, .T. ) ;
#3070 = CARTESIAN_POINT ( 'NONE',  ( -0.03518148191713908100, 0.005359360884518007100, -0.005227998350213930100 ) ) ;
#3071 = CIRCLE ( 'NONE', #154, 0.009000000000000044400 ) ;
#3072 = ORIENTED_EDGE ( 'NONE', *, *, #2262, .T. ) ;
#3073 = VECTOR ( 'NONE', #1921, 39.37007874015748100 ) ;
#3074 = ORIENTED_EDGE ( 'NONE', *, *, #1604, .T. ) ;
#3075 = CARTESIAN_POINT ( 'NONE',  ( 0.007248066086692667000, 0.04734978378867003800, -0.01999999999999999000 ) ) ;
#3076 = LINE ( 'NONE', #436, #2967 ) ;
#3077 = AXIS2_PLACEMENT_3D ( 'NONE', #74, #2749, #85 ) ;
#3078 = DIRECTION ( 'NONE',  ( -0.0000000000000000000, -0.0000000000000000000, 1.000000000000000000 ) ) ;
#3079 = SURFACE_SIDE_STYLE ('',( #2666 ) ) ;
#3080 = DIRECTION ( 'NONE',  ( 0.0000000000000000000, 1.000000000000000000, 0.0000000000000000000 ) ) ;
#3081 = DIRECTION ( 'NONE',  ( 0.0000000000000000000, 0.0000000000000000000, -1.000000000000000000 ) ) ;
#3082 = DIRECTION ( 'NONE',  ( 0.0000000000000000000, 0.0000000000000000000, -1.000000000000000000 ) ) ;
#3083 = CIRCLE ( 'NONE', #1606, 0.04515625000000003700 ) ;
#3084 = DIRECTION ( 'NONE',  ( 1.000000000000000000, 0.0000000000000000000, 0.0000000000000000000 ) ) ;
#3085 = CARTESIAN_POINT ( 'NONE',  ( 0.0000000000000000000, 0.03999999999999998000, -0.01999999999999999000 ) ) ;
#3086 = VERTEX_POINT ( 'NONE', #857 ) ;
#3087 = DIRECTION ( 'NONE',  ( 0.0000000000000000000, 0.0000000000000000000, 1.000000000000000000 ) ) ;
#3088 = AXIS2_PLACEMENT_3D ( 'NONE', #2741, #2652, #166 ) ;
#3089 = ADVANCED_FACE ( 'NONE', ( #2828 ), #2931, .T. ) ;
#3090 = ORIENTED_EDGE ( 'NONE', *, *, #496, .T. ) ;
#3091 = CARTESIAN_POINT ( 'NONE',  ( 0.05000000000000000300, 0.03799999999999999200, 0.09999999999999999200 ) ) ;
#3092 = ORIENTED_EDGE ( 'NONE', *, *, #1644, .F. ) ;
#3093 = CARTESIAN_POINT ( 'NONE',  ( 0.02100000000000000500, 0.006749999999999960000, -0.02649999999999996100 ) ) ;
#3094 = CIRCLE ( 'NONE', #237, 0.005999999999999967200 ) ;
#3095 = CARTESIAN_POINT ( 'NONE',  ( 0.02604944575482012700, 0.05611185465963659100, -0.01467927202627763500 ) ) ;
#3096 = ORIENTED_EDGE ( 'NONE', *, *, #1872, .F. ) ;
#3097 = CARTESIAN_POINT ( 'NONE',  ( -0.004000000000000000100, 0.006749999999999960000, -0.02899999999999996700 ) ) ;
#3098 = LINE ( 'NONE', #2146, #3023 ) ;
#3099 = ORIENTED_EDGE ( 'NONE', *, *, #679, .T. ) ;
#3100 = ORIENTED_EDGE ( 'NONE', *, *, #307, .F. ) ;
#3101 = LINE ( 'NONE', #89, #2999 ) ;
#3102 = ORIENTED_EDGE ( 'NONE', *, *, #86, .F. ) ;
#3103 = CYLINDRICAL_SURFACE ( 'NONE', #3077, 0.003749999999999998600 ) ;
#3104 = ORIENTED_EDGE ( 'NONE', *, *, #1355, .T. ) ;
#3105 = CARTESIAN_POINT ( 'NONE',  ( -0.002242038053703086300, 0.06333588553589697400, -0.01350343297069646300 ) ) ;
#3106 = VERTEX_POINT ( 'NONE', #2590 ) ;
#3107 = ORIENTED_EDGE ( 'NONE', *, *, #2685, .F. ) ;
#3108 = CARTESIAN_POINT ( 'NONE',  ( -0.03891197793938069200, 0.002499999999999973200, 0.0000000000000000000 ) ) ;
#3109 = CARTESIAN_POINT ( 'NONE',  ( 0.03600000000000000400, 0.01999999999999996600, 0.1699999999999999800 ) ) ;
#3110 = LINE ( 'NONE', #719, #3034 ) ;
#3111 = CARTESIAN_POINT ( 'NONE',  ( 0.004000000000000000100, 0.006749999999999960000, -0.02899999999999996700 ) ) ;
#3112 = ADVANCED_FACE ( 'NONE', ( #2827 ), #2769, .T. ) ;
#3113 = EDGE_CURVE ( 'NONE', #1888, #1524, #2773, .T. ) ;
#3114 = ORIENTED_EDGE ( 'NONE', *, *, #1644, .T. ) ;
#3115 = DIRECTION ( 'NONE',  ( 1.000000000000000000, 0.0000000000000000000, 0.0000000000000000000 ) ) ;
#3116 = CARTESIAN_POINT ( 'NONE',  ( -0.02100000000000000500, -0.02500000000000004000, -0.02649999999999996100 ) ) ;
#3117 = CYLINDRICAL_SURFACE ( 'NONE', #1139, 0.01100000000000000300 ) ;
#3118 = EDGE_CURVE ( 'NONE', #909, #882, #2821, .T. ) ;
#3119 = CIRCLE ( 'NONE', #1887, 0.04515625000000003700 ) ;
#3120 = CARTESIAN_POINT ( 'NONE',  ( 0.01693304949801483600, 0.02863726836132330500, -0.01841818827250972500 ) ) ;
#3121 = CARTESIAN_POINT ( 'NONE',  ( 0.02900000000000000100, 0.01049999999999996600, -0.02274999999999996500 ) ) ;
#3122 = CARTESIAN_POINT ( 'NONE',  ( 0.02119993693785442200, 0.06124880772141933600, -0.01468813585901806500 ) ) ;
#3123 = CARTESIAN_POINT ( 'NONE',  ( 0.004000000000000000100, 0.006749999999999960000, -0.02649999999999996100 ) ) ;
#3124 = CARTESIAN_POINT ( 'NONE',  ( -1.523289237737545000E-016, 0.06900000000000000600, -0.02900000000000004300 ) ) ;
#3125 = CARTESIAN_POINT ( 'NONE',  ( -1.536536686557916400E-016, 0.06900000000000000600, -0.02100000000000005000 ) ) ;
#3126 = ADVANCED_FACE ( 'NONE', ( #2865 ), #2600, .T. ) ;
#3127 = CARTESIAN_POINT ( 'NONE',  ( -1.674837139493039200E-016, 0.05400000000000002700, 0.1599999999999999200 ) ) ;
#3128 = DIRECTION ( 'NONE',  ( -1.000000000000000000, 0.0000000000000000000, 0.0000000000000000000 ) ) ;
#3129 = AXIS2_PLACEMENT_3D ( 'NONE', #2625, #2695, #2438 ) ;
#3130 = ORIENTED_EDGE ( 'NONE', *, *, #2782, .F. ) ;
#3131 = CARTESIAN_POINT ( 'NONE',  ( 0.0000000000000000000, 0.03999999999999998000, -0.01999999999999999000 ) ) ;
#3132 = DIRECTION ( 'NONE',  ( 0.0000000000000000000, -1.000000000000000000, 0.0000000000000000000 ) ) ;
#3133 = CARTESIAN_POINT ( 'NONE',  ( 0.02110362822613487400, 0.06095574484867102200, -0.01484442479404840900 ) ) ;
#3134 = ORIENTED_EDGE ( 'NONE', *, *, #1838, .T. ) ;
#3135 = EDGE_CURVE ( 'NONE', #2234, #566, #94, .T. ) ;
#3136 = ORIENTED_EDGE ( 'NONE', *, *, #2846, .T. ) ;
#3137 = VERTEX_POINT ( 'NONE', #3047 ) ;
#3138 = EDGE_LOOP ( 'NONE', ( #2729, #28, #3140, #2274, #1282 ) ) ;
#3139 = VECTOR ( 'NONE', #123, 39.37007874015748100 ) ;
#3140 = ORIENTED_EDGE ( 'NONE', *, *, #1574, .T. ) ;
#3141 = B_SPLINE_CURVE_WITH_KNOTS ( 'NONE', 3,
 ( #2399, #781, #1884, #1384 ),
 .UNSPECIFIED., .F., .F.,
 ( 4, 4 ),
 ( 1.084202172485504400E-019, 4.647593800140127400E-005 ),
 .UNSPECIFIED. ) ;
#3142 = CIRCLE ( 'NONE', #1612, 0.005999999999999983600 ) ;
#3143 = CARTESIAN_POINT ( 'NONE',  ( -0.02717315382656532900, 0.01299999999999997500, -0.01103887279385856200 ) ) ;
#3144 = FACE_OUTER_BOUND ( 'NONE', #2872, .T. ) ;
#3145 = CARTESIAN_POINT ( 'NONE',  ( -0.002824732830911273800, 0.06283211659964289800, -0.01380246360354201600 ) ) ;
#3146 = CARTESIAN_POINT ( 'NONE',  ( 0.02104059358449476500, 0.06064911733287696400, -0.01500031885240602300 ) ) ;
#3147 = ADVANCED_FACE ( 'NONE', ( #2800 ), #2733, .T. ) ;
#3148 = DIRECTION ( 'NONE',  ( 0.0000000000000000000, 1.000000000000000000, 0.0000000000000000000 ) ) ;
#3149 = DIRECTION ( 'NONE',  ( 1.000000000000000000, 0.0000000000000000000, 0.0000000000000000000 ) ) ;
#3150 = CYLINDRICAL_SURFACE ( 'NONE', #1057, 0.004000000000000000100 ) ;
#3151 = CYLINDRICAL_SURFACE ( 'NONE', #2389, 0.009000000000000035700 ) ;
#3152 = LINE ( 'NONE', #530, #3139 ) ;
#3153 = ORIENTED_EDGE ( 'NONE', *, *, #996, .F. ) ;
#3154 = CIRCLE ( 'NONE', #685, 0.005999999999999983600 ) ;
#3155 = DIRECTION ( 'NONE',  ( -1.608103329140323500E-016, -0.8571673007021091100, 0.5150380749100594800 ) ) ;
#3156 = CARTESIAN_POINT ( 'NONE',  ( 0.02101420262400662000, 0.06033677778656778400, -0.01514638381162775900 ) ) ;
#3157 = AXIS2_PLACEMENT_3D ( 'NONE', #1822, #2271, #2834 ) ;
#3158 = DIRECTION ( 'NONE',  ( 0.0000000000000000000, 0.0000000000000000000, 1.000000000000000000 ) ) ;
#3159 = ADVANCED_FACE ( 'NONE', ( #2698 ), #2835, .T. ) ;
ENDSEC;
END-ISO-10303-21;
